date,store_id,sku_id,category,region,store_tier,base_price,promo_price,is_promotional_flag,discount_pct,display_location_type,units_sold,true_demand,inventory_on_hand,is_weekend,is_salary_day,is_holiday,revenue,base_margin_pct,realized_margin_pct,profit
2023-01-01,S000,SKU003,Beverages,North,Metro,164.84,164.84,0,0.0,End-cap,62,62,402,1,1,0,10220.08,0.173,0.173,1768.07
2023-01-01,S000,SKU012,Beverages,North,Metro,237.61,237.61,0,0.0,End-cap,93,93,446,1,1,0,22097.73,0.251,0.251,5546.53
2023-01-01,S000,SKU017,Beverages,North,Metro,95.97,95.97,0,0.0,,22,22,261,1,1,0,2111.34,0.197,0.197,415.93
2023-01-01,S000,SKU020,Beverages,North,Metro,142.4,142.4,0,0.0,,92,92,450,1,1,0,13100.8,0.233,0.233,3052.49
2023-01-01,S000,SKU030,Beverages,North,Metro,34.82,34.82,0,0.0,Shelf-talker,53,53,542,1,1,0,1845.46,0.331,0.331,610.85
2023-01-02,S000,SKU003,Beverages,North,Metro,164.84,164.84,0,0.0,End-cap,55,55,346,0,1,0,9066.2,0.173,0.173,1568.45
2023-01-02,S000,SKU012,Beverages,North,Metro,237.61,237.61,0,0.0,,69,69,376,0,1,0,16395.09,0.251,0.251,4115.17
2023-01-02,S000,SKU017,Beverages,North,Metro,95.97,95.97,0,0.0,,23,23,238,0,1,0,2207.31,0.197,0.197,434.84
2023-01-02,S000,SKU020,Beverages,North,Metro,142.4,142.4,0,0.0,,65,65,385,0,1,0,9256.0,0.233,0.233,2156.65
2023-01-02,S000,SKU030,Beverages,North,Metro,34.82,34.82,0,0.0,End-cap,56,56,486,0,1,0,1949.92,0.331,0.331,645.42
2023-01-03,S000,SKU003,Beverages,North,Metro,164.84,98.9,1,40.0,,78,78,269,0,0,0,7714.2,0.173,0.02,154.28
2023-01-03,S000,SKU012,Beverages,North,Metro,237.61,237.61,0,0.0,,45,48,329,0,0,0,10692.45,0.251,0.251,2683.8
2023-01-03,S000,SKU017,Beverages,North,Metro,95.97,95.97,0,0.0,,20,22,215,0,0,0,1919.4,0.197,0.197,378.12
2023-01-03,S000,SKU020,Beverages,North,Metro,142.4,142.4,0,0.0,,56,58,327,0,0,0,7974.4,0.233,0.233,1858.04
2023-01-03,S000,SKU030,Beverages,North,Metro,34.82,31.34,1,10.0,,82,82,404,0,0,0,2569.88,0.331,0.271,696.44
2023-01-04,S000,SKU003,Beverages,North,Metro,164.84,98.9,1,40.0,,105,105,164,0,0,0,10384.5,0.173,0.02,207.69
2023-01-04,S000,SKU012,Beverages,North,Metro,237.61,237.61,0,0.0,,57,60,269,0,0,0,13543.77,0.251,0.251,3399.49
2023-01-04,S000,SKU017,Beverages,North,Metro,95.97,95.97,0,0.0,Floor-stack,20,21,194,0,0,0,1919.4,0.197,0.197,378.12
2023-01-04,S000,SKU020,Beverages,North,Metro,142.4,142.4,0,0.0,Shelf-talker,77,81,246,0,0,0,10964.8,0.233,0.233,2554.8
2023-01-04,S000,SKU030,Beverages,North,Metro,34.82,31.34,1,10.0,Shelf-talker,86,86,318,0,0,0,2695.24,0.331,0.271,730.41
2023-01-05,S000,SKU003,Beverages,North,Metro,164.84,98.9,1,40.0,,104,104,60,0,0,0,10285.6,0.173,0.02,205.71
2023-01-05,S000,SKU012,Beverages,North,Metro,237.61,237.61,0,0.0,End-cap,57,60,209,0,0,0,13543.77,0.251,0.251,3399.49
2023-01-05,S000,SKU017,Beverages,North,Metro,95.97,95.97,0,0.0,,22,23,171,0,0,0,2111.34,0.197,0.197,415.93
2023-01-05,S000,SKU020,Beverages,North,Metro,142.4,99.68,1,30.0,End-cap,101,101,145,0,0,0,10067.68,0.233,0.053,533.59
2023-01-05,S000,SKU030,Beverages,North,Metro,34.82,31.34,1,10.0,,70,70,248,0,0,0,2193.8,0.331,0.271,594.52
2023-01-06,S000,SKU003,Beverages,North,Metro,164.84,98.9,1,40.0,,60,90,0,0,0,0,5934.0,0.173,0.02,118.68
2023-01-06,S000,SKU012,Beverages,North,Metro,237.61,237.61,0,0.0,,59,62,147,0,0,0,14018.99,0.251,0.251,3518.77
2023-01-06,S000,SKU017,Beverages,North,Metro,95.97,95.97,0,0.0,,23,24,148,0,0,0,2207.31,0.197,0.197,434.84
2023-01-06,S000,SKU020,Beverages,North,Metro,142.4,99.68,1,30.0,Shelf-talker,145,164,0,0,0,0,14453.6,0.233,0.053,766.04
2023-01-06,S000,SKU030,Beverages,North,Metro,34.82,31.34,1,10.0,End-cap,72,72,176,0,0,0,2256.48,0.331,0.271,611.51
2023-01-07,S000,SKU003,Beverages,North,Metro,164.84,98.9,1,40.0,,0,107,0,1,0,0,0.0,0.173,0.02,0.0
2023-01-07,S000,SKU012,Beverages,North,Metro,237.61,237.61,0,0.0,End-cap,79,84,63,1,0,0,18771.19,0.251,0.251,4711.57
2023-01-07,S000,SKU017,Beverages,North,Metro,95.97,95.97,0,0.0,,27,28,120,1,0,0,2591.19,0.197,0.197,510.46
2023-01-07,S000,SKU020,Beverages,North,Metro,142.4,99.68,1,30.0,,0,221,0,1,0,0,0.0,0.233,0.053,0.0
2023-01-07,S000,SKU030,Beverages,North,Metro,34.82,31.34,1,10.0,Shelf-talker,92,92,84,1,0,0,2883.28,0.331,0.271,781.37
2023-01-08,S000,SKU003,Beverages,North,Metro,164.84,98.9,1,40.0,End-cap,110,110,190,1,0,0,10879.0,0.173,0.02,217.58
2023-01-08,S000,SKU012,Beverages,North,Metro,237.61,237.61,0,0.0,Floor-stack,61,63,432,1,0,0,14494.21,0.251,0.251,3638.05
2023-01-08,S000,SKU017,Beverages,North,Metro,95.97,95.97,0,0.0,,23,24,222,1,0,0,2207.31,0.197,0.197,434.84
2023-01-08,S000,SKU020,Beverages,North,Metro,142.4,99.68,1,30.0,Floor-stack,200,200,321,1,0,0,19936.0,0.233,0.053,1056.61
2023-01-08,S000,SKU030,Beverages,North,Metro,34.82,31.34,1,10.0,,94,94,413,1,0,0,2945.96,0.331,0.271,798.36
2023-01-09,S000,SKU003,Beverages,North,Metro,164.84,98.9,1,40.0,Shelf-talker,89,89,102,0,0,0,8802.1,0.173,0.02,176.04
2023-01-09,S000,SKU012,Beverages,North,Metro,237.61,237.61,0,0.0,,59,63,369,0,0,0,14018.99,0.251,0.251,3518.77
2023-01-09,S000,SKU017,Beverages,North,Metro,95.97,95.97,0,0.0,,21,22,199,0,0,0,2015.37,0.197,0.197,397.03
2023-01-09,S000,SKU020,Beverages,North,Metro,142.4,99.68,1,30.0,,197,197,124,0,0,0,19636.96,0.233,0.053,1040.76
2023-01-09,S000,SKU030,Beverages,North,Metro,34.82,31.34,1,10.0,,111,111,302,0,0,0,3478.74,0.331,0.271,942.74
2023-01-10,S000,SKU003,Beverages,North,Metro,164.84,98.9,1,40.0,,89,89,12,0,0,0,8802.1,0.173,0.02,176.04
2023-01-10,S000,SKU012,Beverages,North,Metro,237.61,237.61,0,0.0,,37,39,330,0,0,0,8791.57,0.251,0.251,2206.68
2023-01-10,S000,SKU017,Beverages,North,Metro,95.97,95.97,0,0.0,,27,29,171,0,0,0,2591.19,0.197,0.197,510.46
2023-01-10,S000,SKU020,Beverages,North,Metro,142.4,99.68,1,30.0,,124,170,0,0,0,0,12360.32,0.233,0.053,655.1
2023-01-10,S000,SKU030,Beverages,North,Metro,34.82,31.34,1,10.0,Shelf-talker,84,84,218,0,0,0,2632.56,0.331,0.271,713.42
2023-01-11,S000,SKU003,Beverages,North,Metro,164.84,164.84,0,0.0,,11,45,0,0,0,0,1813.24,0.173,0.173,313.69
2023-01-11,S000,SKU012,Beverages,North,Metro,237.61,237.61,0,0.0,,53,55,274,0,0,0,12593.33,0.251,0.251,3160.93
2023-01-11,S000,SKU017,Beverages,North,Metro,95.97,95.97,0,0.0,,14,15,156,0,0,0,1343.58,0.197,0.197,264.69
2023-01-11,S000,SKU020,Beverages,North,Metro,142.4,99.68,1,30.0,Floor-stack,0,156,0,0,0,0,0.0,0.233,0.053,0.0
2023-01-11,S000,SKU030,Beverages,North,Metro,34.82,31.34,1,10.0,,80,80,138,0,0,0,2507.2,0.331,0.271,679.45
2023-01-12,S000,SKU003,Beverages,North,Metro,164.84,164.84,0,0.0,End-cap,0,49,0,0,0,0,0.0,0.173,0.173,0.0
2023-01-12,S000,SKU012,Beverages,North,Metro,237.61,237.61,0,0.0,,54,54,220,0,0,0,12830.94,0.251,0.251,3220.57
2023-01-12,S000,SKU017,Beverages,North,Metro,95.97,95.97,0,0.0,End-cap,22,22,133,0,0,0,2111.34,0.197,0.197,415.93
2023-01-12,S000,SKU020,Beverages,North,Metro,142.4,99.68,1,30.0,End-cap,0,133,0,0,0,0,0.0,0.233,0.053,0.0
2023-01-12,S000,SKU030,Beverages,North,Metro,34.82,34.82,0,0.0,Floor-stack,42,42,96,0,0,0,1462.44,0.331,0.331,484.07
2023-01-13,S000,SKU003,Beverages,North,Metro,164.84,164.84,0,0.0,,0,53,0,0,0,0,0.0,0.173,0.173,0.0
2023-01-13,S000,SKU012,Beverages,North,Metro,237.61,237.61,0,0.0,Floor-stack,71,71,149,0,0,0,16870.31,0.251,0.251,4234.45
2023-01-13,S000,SKU017,Beverages,North,Metro,95.97,95.97,0,0.0,,27,27,106,0,0,0,2591.19,0.197,0.197,510.46
2023-01-13,S000,SKU020,Beverages,North,Metro,142.4,99.68,1,30.0,Floor-stack,0,156,0,0,0,0,0.0,0.233,0.053,0.0
2023-01-13,S000,SKU030,Beverages,North,Metro,34.82,34.82,0,0.0,,42,42,54,0,0,0,1462.44,0.331,0.331,484.07
2023-01-14,S000,SKU003,Beverages,North,Metro,164.84,164.84,0,0.0,Floor-stack,0,45,0,1,0,0,0.0,0.173,0.173,0.0
2023-01-14,S000,SKU012,Beverages,North,Metro,237.61,237.61,0,0.0,Floor-stack,68,68,80,1,0,0,16157.48,0.251,0.251,4055.53
2023-01-14,S000,SKU017,Beverages,North,Metro,95.97,95.97,0,0.0,,20,20,86,1,0,0,1919.4,0.197,0.197,378.12
2023-01-14,S000,SKU020,Beverages,North,Metro,142.4,142.4,0,0.0,End-cap,0,87,0,1,0,0,0.0,0.233,0.233,0.0
2023-01-14,S000,SKU030,Beverages,North,Metro,34.82,34.82,0,0.0,,54,65,0,1,0,0,1880.28,0.331,0.331,622.37
2023-01-15,S000,SKU003,Beverages,North,Metro,164.84,164.84,0,0.0,,44,47,334,1,0,0,7252.96,0.173,0.173,1254.76
2023-01-15,S000,SKU012,Beverages,North,Metro,237.61,237.61,0,0.0,,73,78,433,1,0,0,17345.53,0.251,0.251,4353.73
2023-01-15,S000,SKU017,Beverages,North,Metro,95.97,57.58,1,40.0,End-cap,67,67,175,1,0,0,3857.86,0.197,0.02,77.16
2023-01-15,S000,SKU020,Beverages,North,Metro,142.4,142.4,0,0.0,,73,77,349,1,0,0,10395.2,0.233,0.233,2422.08
2023-01-15,S000,SKU030,Beverages,North,Metro,34.82,34.82,0,0.0,,77,81,371,1,0,0,2681.14,0.331,0.331,887.46
2023-01-16,S000,SKU003,Beverages,North,Metro,164.84,164.84,0,0.0,,31,32,302,0,0,0,5110.04,0.173,0.173,884.04
2023-01-16,S000,SKU012,Beverages,North,Metro,237.61,237.61,0,0.0,Floor-stack,37,39,395,0,0,0,8791.57,0.251,0.251,2206.68
2023-01-16,S000,SKU017,Beverages,North,Metro,95.97,57.58,1,40.0,,55,55,120,0,0,0,3166.9,0.197,0.02,63.34
2023-01-16,S000,SKU020,Beverages,North,Metro,142.4,142.4,0,0.0,,52,54,296,0,0,0,7404.8,0.233,0.233,1725.32
2023-01-16,S000,SKU030,Beverages,North,Metro,34.82,34.82,0,0.0,,49,52,319,0,0,0,1706.18,0.331,0.331,564.75
2023-01-17,S000,SKU003,Beverages,North,Metro,164.84,164.84,0,0.0,,51,54,248,0,0,0,8406.84,0.173,0.173,1454.38
2023-01-17,S000,SKU012,Beverages,North,Metro,237.61,237.61,0,0.0,,49,53,342,0,0,0,11642.89,0.251,0.251,2922.37
2023-01-17,S000,SKU017,Beverages,North,Metro,95.97,57.58,1,40.0,,34,34,86,0,0,0,1957.72,0.197,0.02,39.15
2023-01-17,S000,SKU020,Beverages,North,Metro,142.4,142.4,0,0.0,Shelf-talker,47,49,247,0,0,0,6692.8,0.233,0.233,1559.42
2023-01-17,S000,SKU030,Beverages,North,Metro,34.82,34.82,0,0.0,Floor-stack,50,53,266,0,0,0,1741.0,0.331,0.331,576.27
2023-01-18,S000,SKU003,Beverages,North,Metro,164.84,164.84,0,0.0,Floor-stack,47,49,199,0,0,0,7747.48,0.173,0.173,1340.31
2023-01-18,S000,SKU012,Beverages,North,Metro,237.61,237.61,0,0.0,End-cap,45,48,294,0,0,0,10692.45,0.251,0.251,2683.8
2023-01-18,S000,SKU017,Beverages,North,Metro,95.97,57.58,1,40.0,Floor-stack,52,52,35,0,0,0,2994.16,0.197,0.02,59.88
2023-01-18,S000,SKU020,Beverages,North,Metro,142.4,142.4,0,0.0,,61,64,183,0,0,0,8686.4,0.233,0.233,2023.93
2023-01-18,S000,SKU030,Beverages,North,Metro,34.82,34.82,0,0.0,,44,47,219,0,0,0,1532.08,0.331,0.331,507.12
2023-01-19,S000,SKU003,Beverages,North,Metro,164.84,164.84,0,0.0,,49,51,148,0,0,0,8077.16,0.173,0.173,1397.35
2023-01-19,S000,SKU012,Beverages,North,Metro,237.61,237.61,0,0.0,End-cap,77,82,212,0,0,0,18295.97,0.251,0.251,4592.29
2023-01-19,S000,SKU017,Beverages,North,Metro,95.97,57.58,1,40.0,End-cap,35,43,0,0,0,0,2015.3,0.197,0.02,40.31
2023-01-19,S000,SKU020,Beverages,North,Metro,142.4,142.4,0,0.0,End-cap,44,46,137,0,0,0,6265.6,0.233,0.233,1459.88
2023-01-19,S000,SKU030,Beverages,North,Metro,34.82,34.82,0,0.0,End-cap,35,37,182,0,0,0,1218.7,0.331,0.331,403.39
2023-01-20,S000,SKU003,Beverages,North,Metro,164.84,164.84,0,0.0,End-cap,35,35,113,0,0,0,5769.4,0.173,0.173,998.11
2023-01-20,S000,SKU012,Beverages,North,Metro,237.61,237.61,0,0.0,,50,50,162,0,0,0,11880.5,0.251,0.251,2982.01
2023-01-20,S000,SKU017,Beverages,North,Metro,95.97,57.58,1,40.0,End-cap,0,45,0,0,0,0,0.0,0.197,0.02,0.0
2023-01-20,S000,SKU020,Beverages,North,Metro,142.4,142.4,0,0.0,,57,57,80,0,0,0,8116.8,0.233,0.233,1891.21
2023-01-20,S000,SKU030,Beverages,North,Metro,34.82,34.82,0,0.0,,58,58,124,0,0,0,2019.56,0.331,0.331,668.47
2023-01-21,S000,SKU003,Beverages,North,Metro,164.84,164.84,0,0.0,,77,77,36,1,0,0,12692.68,0.173,0.173,2195.83
2023-01-21,S000,SKU012,Beverages,North,Metro,237.61,237.61,0,0.0,,71,71,90,1,0,0,16870.31,0.251,0.251,4234.45
2023-01-21,S000,SKU017,Beverages,North,Metro,95.97,57.58,1,40.0,,0,53,0,1,0,0,0.0,0.197,0.02,0.0
2023-01-21,S000,SKU020,Beverages,North,Metro,142.4,142.4,0,0.0,,43,43,37,1,0,0,6123.2,0.233,0.233,1426.71
2023-01-21,S000,SKU030,Beverages,North,Metro,34.82,34.82,0,0.0,,64,64,60,1,0,0,2228.48,0.331,0.331,737.63
2023-01-22,S000,SKU003,Beverages,North,Metro,164.84,164.84,0,0.0,,52,52,278,1,0,0,8571.68,0.173,0.173,1482.9
2023-01-22,S000,SKU012,Beverages,North,Metro,237.61,237.61,0,0.0,End-cap,72,72,415,1,0,0,17107.92,0.251,0.251,4294.09
2023-01-22,S000,SKU017,Beverages,North,Metro,95.97,95.97,0,0.0,Floor-stack,32,32,115,1,0,0,3071.04,0.197,0.197,604.99
2023-01-22,S000,SKU020,Beverages,North,Metro,142.4,142.4,0,0.0,Shelf-talker,89,89,382,1,0,0,12673.6,0.233,0.233,2952.95
2023-01-22,S000,SKU030,Beverages,North,Metro,34.82,34.82,0,0.0,,73,73,369,1,0,0,2541.86,0.331,0.331,841.36
2023-01-23,S000,SKU003,Beverages,North,Metro,164.84,164.84,0,0.0,Shelf-talker,48,48,229,0,0,0,7912.32,0.173,0.173,1368.83
2023-01-23,S000,SKU012,Beverages,North,Metro,237.61,237.61,0,0.0,,40,40,375,0,0,0,9504.4,0.251,0.251,2385.6
2023-01-23,S000,SKU017,Beverages,North,Metro,95.97,95.97,0,0.0,,20,20,95,0,0,0,1919.4,0.197,0.197,378.12
2023-01-23,S000,SKU020,Beverages,North,Metro,142.4,142.4,0,0.0,Floor-stack,75,75,307,0,0,0,10680.0,0.233,0.233,2488.44
2023-01-23,S000,SKU030,Beverages,North,Metro,34.82,34.82,0,0.0,End-cap,56,56,313,0,0,0,1949.92,0.331,0.331,645.42
2023-01-24,S000,SKU003,Beverages,North,Metro,164.84,164.84,0,0.0,,54,54,175,0,0,0,8901.36,0.173,0.173,1539.94
2023-01-24,S000,SKU012,Beverages,North,Metro,237.61,237.61,0,0.0,Floor-stack,51,51,324,0,0,0,12118.11,0.251,0.251,3041.65
2023-01-24,S000,SKU017,Beverages,North,Metro,95.97,95.97,0,0.0,,19,19,76,0,0,0,1823.43,0.197,0.197,359.22
2023-01-24,S000,SKU020,Beverages,North,Metro,142.4,142.4,0,0.0,,63,63,244,0,0,0,8971.2,0.233,0.233,2090.29
2023-01-24,S000,SKU030,Beverages,North,Metro,34.82,34.82,0,0.0,End-cap,45,45,268,0,0,0,1566.9,0.331,0.331,518.64
2023-01-25,S000,SKU003,Beverages,North,Metro,164.84,164.84,0,0.0,,39,39,137,0,0,0,6428.76,0.173,0.173,1112.18
2023-01-25,S000,SKU012,Beverages,North,Metro,237.61,237.61,0,0.0,,61,61,263,0,0,0,14494.21,0.251,0.251,3638.05
2023-01-25,S000,SKU017,Beverages,North,Metro,95.97,95.97,0,0.0,Shelf-talker,19,19,57,0,0,0,1823.43,0.197,0.197,359.22
2023-01-25,S000,SKU020,Beverages,North,Metro,142.4,142.4,0,0.0,,83,83,161,0,0,0,11819.2,0.233,0.233,2753.87
2023-01-25,S000,SKU030,Beverages,North,Metro,34.82,34.82,0,0.0,,56,56,212,0,0,0,1949.92,0.331,0.331,645.42
2023-01-26,S000,SKU003,Beverages,North,Metro,164.84,164.84,0,0.0,,42,42,94,0,0,0,6923.28,0.173,0.173,1197.73
2023-01-26,S000,SKU012,Beverages,North,Metro,237.61,237.61,0,0.0,,58,58,205,0,0,0,13781.38,0.251,0.251,3459.13
2023-01-26,S000,SKU017,Beverages,North,Metro,95.97,95.97,0,0.0,,19,19,38,0,0,0,1823.43,0.197,0.197,359.22
2023-01-26,S000,SKU020,Beverages,North,Metro,142.4,142.4,0,0.0,,77,77,84,0,0,0,10964.8,0.233,0.233,2554.8
2023-01-26,S000,SKU030,Beverages,North,Metro,34.82,34.82,0,0.0,Floor-stack,42,42,170,0,0,0,1462.44,0.331,0.331,484.07
2023-01-27,S000,SKU003,Beverages,North,Metro,164.84,164.84,0,0.0,Shelf-talker,48,48,46,0,0,0,7912.32,0.173,0.173,1368.83
2023-01-27,S000,SKU012,Beverages,North,Metro,237.61,237.61,0,0.0,Floor-stack,33,33,172,0,0,0,7841.13,0.251,0.251,1968.12
2023-01-27,S000,SKU017,Beverages,North,Metro,95.97,95.97,0,0.0,End-cap,17,17,21,0,0,0,1631.49,0.197,0.197,321.4
2023-01-27,S000,SKU020,Beverages,North,Metro,142.4,142.4,0,0.0,,68,68,16,0,0,0,9683.2,0.233,0.233,2256.19
2023-01-27,S000,SKU030,Beverages,North,Metro,34.82,34.82,0,0.0,,56,56,114,0,0,0,1949.92,0.331,0.331,645.42
2023-01-28,S000,SKU003,Beverages,North,Metro,164.84,164.84,0,0.0,,46,101,0,1,1,0,7582.64,0.173,0.173,1311.8
2023-01-28,S000,SKU012,Beverages,North,Metro,237.61,237.61,0,0.0,,72,72,100,1,1,0,17107.92,0.251,0.251,4294.09
2023-01-28,S000,SKU017,Beverages,North,Metro,95.97,95.97,0,0.0,,21,27,0,1,1,0,2015.37,0.197,0.197,397.03
2023-01-28,S000,SKU020,Beverages,North,Metro,142.4,142.4,0,0.0,Shelf-talker,16,86,0,1,1,0,2278.4,0.233,0.233,530.87
2023-01-28,S000,SKU030,Beverages,North,Metro,34.82,34.82,0,0.0,Shelf-talker,76,76,38,1,1,0,2646.32,0.331,0.331,875.93
2023-01-29,S000,SKU003,Beverages,North,Metro,164.84,164.84,0,0.0,,66,70,320,1,1,0,10879.44,0.173,0.173,1882.14
2023-01-29,S000,SKU012,Beverages,North,Metro,237.61,237.61,0,0.0,,88,95,501,1,1,0,20909.68,0.251,0.251,5248.33
2023-01-29,S000,SKU017,Beverages,North,Metro,95.97,95.97,0,0.0,,29,30,133,1,1,0,2783.13,0.197,0.197,548.28
2023-01-29,S000,SKU020,Beverages,North,Metro,142.4,128.16,1,10.0,,146,146,325,1,1,0,18711.36,0.233,0.173,3237.07
2023-01-29,S000,SKU030,Beverages,North,Metro,34.82,34.82,0,0.0,,93,98,314,1,1,0,3238.26,0.331,0.331,1071.86
2023-01-30,S000,SKU003,Beverages,North,Metro,164.84,164.84,0,0.0,Floor-stack,68,71,249,0,1,0,11209.12,0.173,0.173,1939.18
2023-01-30,S000,SKU012,Beverages,North,Metro,237.61,237.61,0,0.0,,71,74,427,0,1,0,16870.31,0.251,0.251,4234.45
2023-01-30,S000,SKU017,Beverages,North,Metro,95.97,95.97,0,0.0,End-cap,25,26,107,0,1,0,2399.25,0.197,0.197,472.65
2023-01-30,S000,SKU020,Beverages,North,Metro,142.4,128.16,1,10.0,,143,143,182,0,1,0,18326.88,0.233,0.173,3170.55
2023-01-30,S000,SKU030,Beverages,North,Metro,34.82,34.82,0,0.0,End-cap,51,54,260,0,1,0,1775.82,0.331,0.331,587.8
2023-01-31,S000,SKU003,Beverages,North,Metro,164.84,164.84,0,0.0,End-cap,65,67,182,0,1,0,10714.6,0.173,0.173,1853.63
2023-01-31,S000,SKU012,Beverages,North,Metro,237.61,237.61,0,0.0,,78,81,346,0,1,0,18533.58,0.251,0.251,4651.93
2023-01-31,S000,SKU017,Beverages,North,Metro,95.97,95.97,0,0.0,,28,29,77,0,1,0,2687.16,0.197,0.197,529.37
2023-01-31,S000,SKU020,Beverages,North,Metro,142.4,128.16,1,10.0,Shelf-talker,126,126,56,0,1,0,16148.16,0.233,0.173,2793.63
2023-01-31,S000,SKU030,Beverages,North,Metro,34.82,34.82,0,0.0,,46,48,212,0,1,0,1601.72,0.331,0.331,530.17
2023-02-01,S000,SKU003,Beverages,North,Metro,164.84,164.84,0,0.0,Shelf-talker,57,60,122,0,1,0,9395.88,0.173,0.173,1625.49
2023-02-01,S000,SKU012,Beverages,North,Metro,237.61,237.61,0,0.0,,53,56,290,0,1,0,12593.33,0.251,0.251,3160.93
2023-02-01,S000,SKU017,Beverages,North,Metro,95.97,95.97,0,0.0,End-cap,24,26,52,0,1,0,2303.28,0.197,0.197,453.75
2023-02-01,S000,SKU020,Beverages,North,Metro,142.4,128.16,1,10.0,Shelf-talker,56,145,0,0,1,0,7176.96,0.233,0.173,1241.61
2023-02-01,S000,SKU030,Beverages,North,Metro,34.82,34.82,0,0.0,,58,60,152,0,1,0,2019.56,0.331,0.331,668.47
2023-02-02,S000,SKU003,Beverages,North,Metro,164.84,164.84,0,0.0,Shelf-talker,46,46,76,0,1,0,7582.64,0.173,0.173,1311.8
2023-02-02,S000,SKU012,Beverages,North,Metro,237.61,237.61,0,0.0,,83,83,207,0,1,0,19721.63,0.251,0.251,4950.13
2023-02-02,S000,SKU017,Beverages,North,Metro,95.97,95.97,0,0.0,,22,22,29,0,1,0,2111.34,0.197,0.197,415.93
2023-02-02,S000,SKU020,Beverages,North,Metro,142.4,128.16,1,10.0,,0,147,0,0,1,0,0.0,0.233,0.173,0.0
2023-02-02,S000,SKU030,Beverages,North,Metro,34.82,34.82,0,0.0,Shelf-talker,72,72,80,0,1,0,2507.04,0.331,0.331,829.83
2023-02-03,S000,SKU003,Beverages,North,Metro,164.84,164.84,0,0.0,End-cap,57,57,19,0,0,0,9395.88,0.173,0.173,1625.49
2023-02-03,S000,SKU012,Beverages,North,Metro,237.61,237.61,0,0.0,,57,57,149,0,0,0,13543.77,0.251,0.251,3399.49
2023-02-03,S000,SKU017,Beverages,North,Metro,95.97,95.97,0,0.0,,17,17,12,0,0,0,1631.49,0.197,0.197,321.4
2023-02-03,S000,SKU020,Beverages,North,Metro,142.4,85.44,1,40.0,Floor-stack,0,155,0,0,0,0,0.0,0.233,0.02,0.0
2023-02-03,S000,SKU030,Beverages,North,Metro,34.82,34.82,0,0.0,End-cap,27,27,52,0,0,0,940.14,0.331,0.331,311.19
2023-02-04,S000,SKU003,Beverages,North,Metro,164.84,164.84,0,0.0,,19,43,0,1,0,0,3131.96,0.173,0.173,541.83
2023-02-04,S000,SKU012,Beverages,North,Metro,237.61,237.61,0,0.0,,92,92,57,1,0,0,21860.12,0.251,0.251,5486.89
2023-02-04,S000,SKU017,Beverages,North,Metro,95.97,95.97,0,0.0,End-cap,12,27,0,1,0,0,1151.64,0.197,0.197,226.87
2023-02-04,S000,SKU020,Beverages,North,Metro,142.4,85.44,1,40.0,,0,240,0,1,0,0,0.0,0.233,0.02,0.0
2023-02-04,S000,SKU030,Beverages,North,Metro,34.82,34.82,0,0.0,,52,79,0,1,0,0,1810.64,0.331,0.331,599.32
2023-02-05,S000,SKU003,Beverages,North,Metro,164.84,164.84,0,0.0,,93,97,292,1,0,1,15330.12,0.173,0.173,2652.11
2023-02-05,S000,SKU012,Beverages,North,Metro,237.61,237.61,0,0.0,Shelf-talker,86,91,329,1,0,1,20434.46,0.251,0.251,5129.05
2023-02-05,S000,SKU017,Beverages,North,Metro,95.97,95.97,0,0.0,,31,32,106,1,0,1,2975.07,0.197,0.197,586.09
2023-02-05,S000,SKU020,Beverages,North,Metro,142.4,85.44,1,40.0,,244,244,229,1,0,1,20847.36,0.233,0.02,416.95
2023-02-05,S000,SKU030,Beverages,North,Metro,34.82,34.82,0,0.0,End-cap,79,84,359,1,0,1,2750.78,0.331,0.331,910.51
2023-02-06,S000,SKU003,Beverages,North,Metro,164.84,164.84,0,0.0,End-cap,47,50,242,0,0,0,7747.48,0.173,0.173,1340.31
2023-02-06,S000,SKU012,Beverages,North,Metro,237.61,237.61,0,0.0,Floor-stack,35,37,293,0,0,0,8316.35,0.251,0.251,2087.4
2023-02-06,S000,SKU017,Beverages,North,Metro,95.97,95.97,0,0.0,End-cap,20,21,85,0,0,0,1919.4,0.197,0.197,378.12
2023-02-06,S000,SKU020,Beverages,North,Metro,142.4,85.44,1,40.0,Shelf-talker,162,162,67,0,0,0,13841.28,0.233,0.02,276.83
2023-02-06,S000,SKU030,Beverages,North,Metro,34.82,34.82,0,0.0,,41,44,315,0,0,0,1427.62,0.331,0.331,472.54
2023-02-07,S000,SKU003,Beverages,North,Metro,164.84,164.84,0,0.0,End-cap,25,25,217,0,0,0,4121.0,0.173,0.173,712.93
2023-02-07,S000,SKU012,Beverages,North,Metro,237.61,237.61,0,0.0,,67,67,226,0,0,0,15919.87,0.251,0.251,3995.89
2023-02-07,S000,SKU017,Beverages,North,Metro,95.97,95.97,0,0.0,,22,22,63,0,0,0,2111.34,0.197,0.197,415.93
2023-02-07,S000,SKU020,Beverages,North,Metro,142.4,142.4,0,0.0,,52,52,14,0,0,0,7404.8,0.233,0.233,1725.32
2023-02-07,S000,SKU030,Beverages,North,Metro,34.82,34.82,0,0.0,,52,52,264,0,0,0,1810.64,0.331,0.331,599.32
2023-02-08,S000,SKU003,Beverages,North,Metro,164.84,164.84,0,0.0,Floor-stack,45,45,172,0,0,0,7417.8,0.173,0.173,1283.28
2023-02-08,S000,SKU012,Beverages,North,Metro,237.61,237.61,0,0.0,Floor-stack,53,53,173,0,0,0,12593.33,0.251,0.251,3160.93
2023-02-08,S000,SKU017,Beverages,North,Metro,95.97,95.97,0,0.0,,23,23,40,0,0,0,2207.31,0.197,0.197,434.84
2023-02-08,S000,SKU020,Beverages,North,Metro,142.4,142.4,0,0.0,Floor-stack,14,60,0,0,0,0,1993.6,0.233,0.233,464.51
2023-02-08,S000,SKU030,Beverages,North,Metro,34.82,34.82,0,0.0,End-cap,48,48,216,0,0,0,1671.36,0.331,0.331,553.22
2023-02-09,S000,SKU003,Beverages,North,Metro,164.84,164.84,0,0.0,End-cap,54,54,118,0,0,0,8901.36,0.173,0.173,1539.94
2023-02-09,S000,SKU012,Beverages,North,Metro,237.61,237.61,0,0.0,Shelf-talker,54,54,119,0,0,0,12830.94,0.251,0.251,3220.57
2023-02-09,S000,SKU017,Beverages,North,Metro,95.97,95.97,0,0.0,,22,22,18,0,0,0,2111.34,0.197,0.197,415.93
2023-02-09,S000,SKU020,Beverages,North,Metro,142.4,142.4,0,0.0,End-cap,0,88,0,0,0,0,0.0,0.233,0.233,0.0
2023-02-09,S000,SKU030,Beverages,North,Metro,34.82,34.82,0,0.0,Floor-stack,43,43,173,0,0,0,1497.26,0.331,0.331,495.59
2023-02-10,S000,SKU003,Beverages,North,Metro,164.84,164.84,0,0.0,,46,46,72,0,0,0,7582.64,0.173,0.173,1311.8
2023-02-10,S000,SKU012,Beverages,North,Metro,237.61,237.61,0,0.0,Floor-stack,43,43,76,0,0,0,10217.23,0.251,0.251,2564.52
2023-02-10,S000,SKU017,Beverages,North,Metro,95.97,95.97,0,0.0,Shelf-talker,18,20,0,0,0,0,1727.46,0.197,0.197,340.31
2023-02-10,S000,SKU020,Beverages,North,Metro,142.4,142.4,0,0.0,Floor-stack,0,53,0,0,0,0,0.0,0.233,0.233,0.0
2023-02-10,S000,SKU030,Beverages,North,Metro,34.82,34.82,0,0.0,,36,36,137,0,0,0,1253.52,0.331,0.331,414.92
2023-02-11,S000,SKU003,Beverages,North,Metro,164.84,164.84,0,0.0,,67,67,6,1,0,0,11044.28,0.173,0.173,1910.66
2023-02-11,S000,SKU012,Beverages,North,Metro,237.61,237.61,0,0.0,End-cap,76,93,0,1,0,0,18058.36,0.251,0.251,4532.65
2023-02-11,S000,SKU017,Beverages,North,Metro,95.97,95.97,0,0.0,,0,22,0,1,0,0,0.0,0.197,0.197,0.0
2023-02-11,S000,SKU020,Beverages,North,Metro,142.4,142.4,0,0.0,,0,85,0,1,0,0,0.0,0.233,0.233,0.0
2023-02-11,S000,SKU030,Beverages,North,Metro,34.82,34.82,0,0.0,End-cap,78,78,59,1,0,0,2715.96,0.331,0.331,898.98
2023-02-12,S000,SKU003,Beverages,North,Metro,164.84,164.84,0,0.0,End-cap,50,50,260,1,0,0,8242.0,0.173,0.173,1425.87
2023-02-12,S000,SKU012,Beverages,North,Metro,237.61,237.61,0,0.0,,65,65,303,1,0,0,15444.65,0.251,0.251,3876.61
2023-02-12,S000,SKU017,Beverages,North,Metro,95.97,95.97,0,0.0,,23,23,156,1,0,0,2207.31,0.197,0.197,434.84
2023-02-12,S000,SKU020,Beverages,North,Metro,142.4,142.4,0,0.0,,72,72,445,1,0,0,10252.8,0.233,0.233,2388.9
2023-02-12,S000,SKU030,Beverages,North,Metro,34.82,34.82,0,0.0,Shelf-talker,62,62,402,1,0,0,2158.84,0.331,0.331,714.58
2023-02-13,S000,SKU003,Beverages,North,Metro,164.84,164.84,0,0.0,,37,37,224,0,0,0,6099.08,0.173,0.173,1055.14
2023-02-13,S000,SKU012,Beverages,North,Metro,237.61,237.61,0,0.0,,74,74,228,0,0,0,17583.14,0.251,0.251,4413.37
2023-02-13,S000,SKU017,Beverages,North,Metro,95.97,95.97,0,0.0,Floor-stack,24,24,132,0,0,0,2303.28,0.197,0.197,453.75
2023-02-13,S000,SKU020,Beverages,North,Metro,142.4,142.4,0,0.0,Shelf-talker,38,38,407,0,0,0,5411.2,0.233,0.233,1260.81
2023-02-13,S000,SKU030,Beverages,North,Metro,34.82,34.82,0,0.0,End-cap,51,51,351,0,0,0,1775.82,0.331,0.331,587.8
2023-02-14,S000,SKU003,Beverages,North,Metro,164.84,164.84,0,0.0,Shelf-talker,47,47,176,0,0,0,7747.48,0.173,0.173,1340.31
2023-02-14,S000,SKU012,Beverages,North,Metro,237.61,237.61,0,0.0,Floor-stack,53,53,175,0,0,0,12593.33,0.251,0.251,3160.93
2023-02-14,S000,SKU017,Beverages,North,Metro,95.97,95.97,0,0.0,,19,19,113,0,0,0,1823.43,0.197,0.197,359.22
2023-02-14,S000,SKU020,Beverages,North,Metro,142.4,142.4,0,0.0,Shelf-talker,70,70,337,0,0,0,9968.0,0.233,0.233,2322.54
2023-02-14,S000,SKU030,Beverages,North,Metro,34.82,34.82,0,0.0,,64,64,287,0,0,0,2228.48,0.331,0.331,737.63
2023-02-15,S000,SKU003,Beverages,North,Metro,164.84,164.84,0,0.0,End-cap,48,48,128,0,0,0,7912.32,0.173,0.173,1368.83
2023-02-15,S000,SKU012,Beverages,North,Metro,237.61,237.61,0,0.0,,48,48,127,0,0,0,11405.28,0.251,0.251,2862.73
2023-02-15,S000,SKU017,Beverages,North,Metro,95.97,95.97,0,0.0,Shelf-talker,16,16,97,0,0,0,1535.52,0.197,0.197,302.5
2023-02-15,S000,SKU020,Beverages,North,Metro,142.4,142.4,0,0.0,Shelf-talker,57,57,280,0,0,0,8116.8,0.233,0.233,1891.21
2023-02-15,S000,SKU030,Beverages,North,Metro,34.82,34.82,0,0.0,,56,56,231,0,0,0,1949.92,0.331,0.331,645.42
2023-02-16,S000,SKU003,Beverages,North,Metro,164.84,164.84,0,0.0,,45,45,83,0,0,0,7417.8,0.173,0.173,1283.28
2023-02-16,S000,SKU012,Beverages,North,Metro,237.61,237.61,0,0.0,Shelf-talker,72,72,55,0,0,0,17107.92,0.251,0.251,4294.09
2023-02-16,S000,SKU017,Beverages,North,Metro,95.97,95.97,0,0.0,,25,25,71,0,0,0,2399.25,0.197,0.197,472.65
2023-02-16,S000,SKU020,Beverages,North,Metro,142.4,142.4,0,0.0,,67,67,213,0,0,0,9540.8,0.233,0.233,2223.01
2023-02-16,S000,SKU030,Beverages,North,Metro,34.82,34.82,0,0.0,,40,40,191,0,0,0,1392.8,0.331,0.331,461.02
2023-02-17,S000,SKU003,Beverages,North,Metro,164.84,164.84,0,0.0,End-cap,59,59,25,0,0,0,9725.56,0.173,0.173,1682.52
2023-02-17,S000,SKU012,Beverages,North,Metro,237.61,237.61,0,0.0,End-cap,55,57,0,0,0,0,13068.55,0.251,0.251,3280.21
2023-02-17,S000,SKU017,Beverages,North,Metro,95.97,95.97,0,0.0,,17,17,54,0,0,0,1631.49,0.197,0.197,321.4
2023-02-17,S000,SKU020,Beverages,North,Metro,142.4,142.4,0,0.0,End-cap,75,75,138,0,0,0,10680.0,0.233,0.233,2488.44
2023-02-17,S000,SKU030,Beverages,North,Metro,34.82,34.82,0,0.0,,62,62,129,0,0,0,2158.84,0.331,0.331,714.58
2023-02-18,S000,SKU003,Beverages,North,Metro,164.84,164.84,0,0.0,End-cap,25,50,0,1,0,0,4121.0,0.173,0.173,712.93
2023-02-18,S000,SKU012,Beverages,North,Metro,237.61,237.61,0,0.0,,0,71,0,1,0,0,0.0,0.251,0.251,0.0
2023-02-18,S000,SKU017,Beverages,North,Metro,95.97,95.97,0,0.0,,26,26,28,1,0,0,2495.22,0.197,0.197,491.56
2023-02-18,S000,SKU020,Beverages,North,Metro,142.4,142.4,0,0.0,,82,82,56,1,0,0,11676.8,0.233,0.233,2720.69
2023-02-18,S000,SKU030,Beverages,North,Metro,34.82,34.82,0,0.0,End-cap,87,87,42,1,0,0,3029.34,0.331,0.331,1002.71
2023-02-19,S000,SKU003,Beverages,North,Metro,164.84,164.84,0,0.0,Floor-stack,63,63,291,1,0,0,10384.92,0.173,0.173,1796.59
2023-02-19,S000,SKU012,Beverages,North,Metro,237.61,237.61,0,0.0,,55,55,391,1,0,0,13068.55,0.251,0.251,3280.21
2023-02-19,S000,SKU017,Beverages,North,Metro,95.97,95.97,0,0.0,,28,28,144,1,0,0,2687.16,0.197,0.197,529.37
2023-02-19,S000,SKU020,Beverages,North,Metro,142.4,142.4,0,0.0,,83,83,419,1,0,0,11819.2,0.233,0.233,2753.87
2023-02-19,S000,SKU030,Beverages,North,Metro,34.82,34.82,0,0.0,,75,75,326,1,0,0,2611.5,0.331,0.331,864.41
2023-02-20,S000,SKU003,Beverages,North,Metro,164.84,164.84,0,0.0,,49,49,242,0,0,0,8077.16,0.173,0.173,1397.35
2023-02-20,S000,SKU012,Beverages,North,Metro,237.61,237.61,0,0.0,Floor-stack,53,53,338,0,0,0,12593.33,0.251,0.251,3160.93
2023-02-20,S000,SKU017,Beverages,North,Metro,95.97,95.97,0,0.0,End-cap,21,21,123,0,0,0,2015.37,0.197,0.197,397.03
2023-02-20,S000,SKU020,Beverages,North,Metro,142.4,142.4,0,0.0,,54,54,365,0,0,0,7689.6,0.233,0.233,1791.68
2023-02-20,S000,SKU030,Beverages,North,Metro,34.82,34.82,0,0.0,,47,47,279,0,0,0,1636.54,0.331,0.331,541.69
2023-02-21,S000,SKU003,Beverages,North,Metro,164.84,164.84,0,0.0,End-cap,34,34,207,0,0,0,5604.56,0.173,0.173,969.59
2023-02-21,S000,SKU012,Beverages,North,Metro,237.61,237.61,0,0.0,,62,62,275,0,0,0,14731.82,0.251,0.251,3697.69
2023-02-21,S000,SKU017,Beverages,North,Metro,95.97,95.97,0,0.0,,12,12,111,0,0,0,1151.64,0.197,0.197,226.87
2023-02-21,S000,SKU020,Beverages,North,Metro,142.4,142.4,0,0.0,End-cap,72,72,293,0,0,0,10252.8,0.233,0.233,2388.9
2023-02-21,S000,SKU030,Beverages,North,Metro,34.82,34.82,0,0.0,End-cap,41,41,238,0,0,0,1427.62,0.331,0.331,472.54
2023-02-22,S000,SKU003,Beverages,North,Metro,164.84,164.84,0,0.0,,37,37,171,0,0,0,6099.08,0.173,0.173,1055.14
2023-02-22,S000,SKU012,Beverages,North,Metro,237.61,237.61,0,0.0,End-cap,44,44,231,0,0,0,10454.84,0.251,0.251,2624.16
2023-02-22,S000,SKU017,Beverages,North,Metro,95.97,95.97,0,0.0,,22,22,89,0,0,0,2111.34,0.197,0.197,415.93
2023-02-22,S000,SKU020,Beverages,North,Metro,142.4,142.4,0,0.0,,61,61,232,0,0,0,8686.4,0.233,0.233,2023.93
2023-02-22,S000,SKU030,Beverages,North,Metro,34.82,34.82,0,0.0,,46,46,192,0,0,0,1601.72,0.331,0.331,530.17
2023-02-23,S000,SKU003,Beverages,North,Metro,164.84,164.84,0,0.0,,48,48,123,0,0,0,7912.32,0.173,0.173,1368.83
2023-02-23,S000,SKU012,Beverages,North,Metro,237.61,237.61,0,0.0,Floor-stack,52,52,179,0,0,0,12355.72,0.251,0.251,3101.29
2023-02-23,S000,SKU017,Beverages,North,Metro,95.97,95.97,0,0.0,Shelf-talker,26,26,63,0,0,0,2495.22,0.197,0.197,491.56
2023-02-23,S000,SKU020,Beverages,North,Metro,142.4,142.4,0,0.0,,41,41,192,0,0,0,5838.4,0.233,0.233,1360.35
2023-02-23,S000,SKU030,Beverages,North,Metro,34.82,34.82,0,0.0,End-cap,56,56,136,0,0,0,1949.92,0.331,0.331,645.42
2023-02-24,S000,SKU003,Beverages,North,Metro,164.84,164.84,0,0.0,,65,65,58,0,0,0,10714.6,0.173,0.173,1853.63
2023-02-24,S000,SKU012,Beverages,North,Metro,237.61,237.61,0,0.0,,53,53,125,0,0,0,12593.33,0.251,0.251,3160.93
2023-02-24,S000,SKU017,Beverages,North,Metro,95.97,95.97,0,0.0,End-cap,24,24,39,0,0,0,2303.28,0.197,0.197,453.75
2023-02-24,S000,SKU020,Beverages,North,Metro,142.4,142.4,0,0.0,Shelf-talker,73,73,119,0,0,0,10395.2,0.233,0.233,2422.08
2023-02-24,S000,SKU030,Beverages,North,Metro,34.82,34.82,0,0.0,End-cap,70,70,66,0,0,0,2437.4,0.331,0.331,806.78
2023-02-25,S000,SKU003,Beverages,North,Metro,164.84,164.84,0,0.0,Shelf-talker,58,66,0,1,0,0,9560.72,0.173,0.173,1654.0
2023-02-25,S000,SKU012,Beverages,North,Metro,237.61,237.61,0,0.0,,72,72,53,1,0,0,17107.92,0.251,0.251,4294.09
2023-02-25,S000,SKU017,Beverages,North,Metro,95.97,95.97,0,0.0,,16,16,23,1,0,0,1535.52,0.197,0.197,302.5
2023-02-25,S000,SKU020,Beverages,North,Metro,142.4,142.4,0,0.0,Floor-stack,95,95,24,1,0,0,13528.0,0.233,0.233,3152.02
2023-02-25,S000,SKU030,Beverages,North,Metro,34.82,34.82,0,0.0,End-cap,59,59,7,1,0,0,2054.38,0.331,0.331,680.0
2023-02-26,S000,SKU003,Beverages,North,Metro,164.84,164.84,0,0.0,Floor-stack,41,41,258,1,0,0,6758.44,0.173,0.173,1169.21
2023-02-26,S000,SKU012,Beverages,North,Metro,237.61,237.61,0,0.0,,91,91,388,1,0,0,21622.51,0.251,0.251,5427.25
2023-02-26,S000,SKU017,Beverages,North,Metro,95.97,95.97,0,0.0,,36,36,164,1,0,0,3454.92,0.197,0.197,680.62
2023-02-26,S000,SKU020,Beverages,North,Metro,142.4,142.4,0,0.0,,100,100,352,1,0,0,14240.0,0.233,0.233,3317.92
2023-02-26,S000,SKU030,Beverages,North,Metro,34.82,34.82,0,0.0,,60,60,333,1,0,0,2089.2,0.331,0.331,691.53
2023-02-27,S000,SKU003,Beverages,North,Metro,164.84,164.84,0,0.0,,21,21,237,0,0,0,3461.64,0.173,0.173,598.86
2023-02-27,S000,SKU012,Beverages,North,Metro,237.61,237.61,0,0.0,Shelf-talker,55,55,333,0,0,0,13068.55,0.251,0.251,3280.21
2023-02-27,S000,SKU017,Beverages,North,Metro,95.97,95.97,0,0.0,,16,16,148,0,0,0,1535.52,0.197,0.197,302.5
2023-02-27,S000,SKU020,Beverages,North,Metro,142.4,142.4,0,0.0,Shelf-talker,88,88,264,0,0,0,12531.2,0.233,0.233,2919.77
2023-02-27,S000,SKU030,Beverages,North,Metro,34.82,34.82,0,0.0,,66,66,268,0,0,0,2298.12,0.331,0.331,760.68
2023-02-28,S000,SKU003,Beverages,North,Metro,164.84,164.84,0,0.0,End-cap,64,64,174,0,1,0,10549.76,0.173,0.173,1825.11
2023-02-28,S000,SKU012,Beverages,North,Metro,237.61,237.61,0,0.0,,59,59,274,0,1,0,14018.99,0.251,0.251,3518.77
2023-02-28,S000,SKU017,Beverages,North,Metro,95.97,95.97,0,0.0,Floor-stack,20,20,128,0,1,0,1919.4,0.197,0.197,378.12
2023-02-28,S000,SKU020,Beverages,North,Metro,142.4,142.4,0,0.0,Shelf-talker,85,85,179,0,1,0,12104.0,0.233,0.233,2820.23
2023-02-28,S000,SKU030,Beverages,North,Metro,34.82,34.82,0,0.0,,60,60,208,0,1,0,2089.2,0.331,0.331,691.53
2023-03-01,S000,SKU003,Beverages,North,Metro,164.84,164.84,0,0.0,,56,56,118,0,1,0,9231.04,0.173,0.173,1596.97
2023-03-01,S000,SKU012,Beverages,North,Metro,237.61,237.61,0,0.0,,102,102,172,0,1,0,24236.22,0.251,0.251,6083.29
2023-03-01,S000,SKU017,Beverages,North,Metro,95.97,95.97,0,0.0,End-cap,28,28,100,0,1,0,2687.16,0.197,0.197,529.37
2023-03-01,S000,SKU020,Beverages,North,Metro,142.4,142.4,0,0.0,,82,82,97,0,1,0,11676.8,0.233,0.233,2720.69
2023-03-01,S000,SKU030,Beverages,North,Metro,34.82,34.82,0,0.0,Shelf-talker,85,85,122,0,1,0,2959.7,0.331,0.331,979.66
2023-03-02,S000,SKU003,Beverages,North,Metro,164.84,164.84,0,0.0,End-cap,68,68,50,0,1,0,11209.12,0.173,0.173,1939.18
2023-03-02,S000,SKU012,Beverages,North,Metro,237.61,237.61,0,0.0,,63,63,109,0,1,0,14969.43,0.251,0.251,3757.33
2023-03-02,S000,SKU017,Beverages,North,Metro,95.97,95.97,0,0.0,End-cap,27,27,73,0,1,0,2591.19,0.197,0.197,510.46
2023-03-02,S000,SKU020,Beverages,North,Metro,142.4,142.4,0,0.0,End-cap,90,90,8,0,1,0,12816.0,0.233,0.233,2986.13
2023-03-02,S000,SKU030,Beverages,North,Metro,34.82,34.82,0,0.0,End-cap,63,63,59,0,1,0,2193.66,0.331,0.331,726.1
2023-03-03,S000,SKU003,Beverages,North,Metro,164.84,164.84,0,0.0,,41,41,10,0,0,0,6758.44,0.173,0.173,1169.21
2023-03-03,S000,SKU012,Beverages,North,Metro,237.61,237.61,0,0.0,,56,56,53,0,0,0,13306.16,0.251,0.251,3339.85
2023-03-03,S000,SKU017,Beverages,North,Metro,95.97,95.97,0,0.0,,21,21,52,0,0,0,2015.37,0.197,0.197,397.03
2023-03-03,S000,SKU020,Beverages,North,Metro,142.4,142.4,0,0.0,Floor-stack,8,54,0,0,0,0,1139.2,0.233,0.233,265.43
2023-03-03,S000,SKU030,Beverages,North,Metro,34.82,34.82,0,0.0,End-cap,59,67,0,0,0,0,2054.38,0.331,0.331,680.0
2023-03-04,S000,SKU003,Beverages,North,Metro,164.84,164.84,0,0.0,End-cap,10,63,0,1,0,0,1648.4,0.173,0.173,285.17
2023-03-04,S000,SKU012,Beverages,North,Metro,237.61,237.61,0,0.0,,53,67,0,1,0,0,12593.33,0.251,0.251,3160.93
2023-03-04,S000,SKU017,Beverages,North,Metro,95.97,95.97,0,0.0,,23,23,28,1,0,0,2207.31,0.197,0.197,434.84
2023-03-04,S000,SKU020,Beverages,North,Metro,142.4,142.4,0,0.0,End-cap,0,55,0,1,0,0,0.0,0.233,0.233,0.0
2023-03-04,S000,SKU030,Beverages,North,Metro,34.82,34.82,0,0.0,,0,74,0,1,0,0,0.0,0.331,0.331,0.0
2023-03-05,S000,SKU003,Beverages,North,Metro,164.84,164.84,0,0.0,,69,69,299,1,0,0,11373.96,0.173,0.173,1967.7
2023-03-05,S000,SKU012,Beverages,North,Metro,237.61,237.61,0,0.0,,68,68,319,1,0,0,16157.48,0.251,0.251,4055.53
2023-03-05,S000,SKU017,Beverages,North,Metro,95.97,95.97,0,0.0,,32,32,155,1,0,0,3071.04,0.197,0.197,604.99
2023-03-05,S000,SKU020,Beverages,North,Metro,142.4,142.4,0,0.0,,72,72,411,1,0,0,10252.8,0.233,0.233,2388.9
2023-03-05,S000,SKU030,Beverages,North,Metro,34.82,34.82,0,0.0,Shelf-talker,78,78,372,1,0,0,2715.96,0.331,0.331,898.98
2023-03-06,S000,SKU003,Beverages,North,Metro,164.84,164.84,0,0.0,End-cap,44,44,255,0,0,0,7252.96,0.173,0.173,1254.76
2023-03-06,S000,SKU012,Beverages,North,Metro,237.61,237.61,0,0.0,Shelf-talker,59,59,260,0,0,0,14018.99,0.251,0.251,3518.77
2023-03-06,S000,SKU017,Beverages,North,Metro,95.97,95.97,0,0.0,,21,21,134,0,0,0,2015.37,0.197,0.197,397.03
2023-03-06,S000,SKU020,Beverages,North,Metro,142.4,142.4,0,0.0,End-cap,79,79,332,0,0,0,11249.6,0.233,0.233,2621.16
2023-03-06,S000,SKU030,Beverages,North,Metro,34.82,34.82,0,0.0,,54,54,318,0,0,0,1880.28,0.331,0.331,622.37
2023-03-07,S000,SKU003,Beverages,North,Metro,164.84,164.84,0,0.0,,45,45,210,0,0,0,7417.8,0.173,0.173,1283.28
2023-03-07,S000,SKU012,Beverages,North,Metro,237.61,237.61,0,0.0,,68,68,192,0,0,0,16157.48,0.251,0.251,4055.53
2023-03-07,S000,SKU017,Beverages,North,Metro,95.97,95.97,0,0.0,,15,15,118,0,0,0,1439.55,0.197,0.197,283.59
2023-03-07,S000,SKU020,Beverages,North,Metro,142.4,142.4,0,0.0,Shelf-talker,56,56,276,0,0,0,7974.4,0.233,0.233,1858.04
2023-03-07,S000,SKU030,Beverages,North,Metro,34.82,34.82,0,0.0,,55,55,263,0,0,0,1915.1,0.331,0.331,633.9
2023-03-08,S000,SKU003,Beverages,North,Metro,164.84,164.84,0,0.0,End-cap,49,49,161,0,0,0,8077.16,0.173,0.173,1397.35
2023-03-08,S000,SKU012,Beverages,North,Metro,237.61,237.61,0,0.0,Shelf-talker,63,63,129,0,0,0,14969.43,0.251,0.251,3757.33
2023-03-08,S000,SKU017,Beverages,North,Metro,95.97,95.97,0,0.0,,26,26,93,0,0,0,2495.22,0.197,0.197,491.56
2023-03-08,S000,SKU020,Beverages,North,Metro,142.4,142.4,0,0.0,End-cap,69,69,206,0,0,0,9825.6,0.233,0.233,2289.36
2023-03-08,S000,SKU030,Beverages,North,Metro,34.82,34.82,0,0.0,,60,60,203,0,0,0,2089.2,0.331,0.331,691.53
2023-03-09,S000,SKU003,Beverages,North,Metro,164.84,164.84,0,0.0,End-cap,53,53,108,0,0,0,8736.52,0.173,0.173,1511.42
2023-03-09,S000,SKU012,Beverages,North,Metro,237.61,237.61,0,0.0,Floor-stack,70,70,60,0,0,0,16632.7,0.251,0.251,4174.81
2023-03-09,S000,SKU017,Beverages,North,Metro,95.97,95.97,0,0.0,,22,22,71,0,0,0,2111.34,0.197,0.197,415.93
2023-03-09,S000,SKU020,Beverages,North,Metro,142.4,142.4,0,0.0,,71,71,136,0,0,0,10110.4,0.233,0.233,2355.72
2023-03-09,S000,SKU030,Beverages,North,Metro,34.82,34.82,0,0.0,Shelf-talker,64,64,139,0,0,0,2228.48,0.331,0.331,737.63
2023-03-10,S000,SKU003,Beverages,North,Metro,164.84,164.84,0,0.0,,48,48,60,0,0,0,7912.32,0.173,0.173,1368.83
2023-03-10,S000,SKU012,Beverages,North,Metro,237.61,237.61,0,0.0,End-cap,60,69,0,0,0,0,14256.6,0.251,0.251,3578.41
2023-03-10,S000,SKU017,Beverages,North,Metro,95.97,95.97,0,0.0,,25,25,45,0,0,0,2399.25,0.197,0.197,472.65
2023-03-10,S000,SKU020,Beverages,North,Metro,142.4,142.4,0,0.0,,67,67,69,0,0,0,9540.8,0.233,0.233,2223.01
2023-03-10,S000,SKU030,Beverages,North,Metro,34.82,34.82,0,0.0,End-cap,61,61,78,0,0,0,2124.02,0.331,0.331,703.05
2023-03-11,S000,SKU003,Beverages,North,Metro,164.84,164.84,0,0.0,,60,70,0,1,0,0,9890.4,0.173,0.173,1711.04
2023-03-11,S000,SKU012,Beverages,North,Metro,237.61,237.61,0,0.0,End-cap,0,75,0,1,0,0,0.0,0.251,0.251,0.0
2023-03-11,S000,SKU017,Beverages,North,Metro,95.97,95.97,0,0.0,,29,29,16,1,0,0,2783.13,0.197,0.197,548.28
2023-03-11,S000,SKU020,Beverages,North,Metro,142.4,142.4,0,0.0,Shelf-talker,61,61,8,1,0,0,8686.4,0.233,0.233,2023.93
2023-03-11,S000,SKU030,Beverages,North,Metro,34.82,34.82,0,0.0,Shelf-talker,47,47,31,1,0,0,1636.54,0.331,0.331,541.69
2023-03-12,S000,SKU003,Beverages,North,Metro,164.84,164.84,0,0.0,Shelf-talker,55,55,240,1,0,0,9066.2,0.173,0.173,1568.45
2023-03-12,S000,SKU012,Beverages,North,Metro,237.61,237.61,0,0.0,,77,77,317,1,0,0,18295.97,0.251,0.251,4592.29
2023-03-12,S000,SKU017,Beverages,North,Metro,95.97,95.97,0,0.0,,37,37,128,1,0,0,3550.89,0.197,0.197,699.53
2023-03-12,S000,SKU020,Beverages,North,Metro,142.4,142.4,0,0.0,,84,84,427,1,0,0,11961.6,0.233,0.233,2787.05
2023-03-12,S000,SKU030,Beverages,North,Metro,34.82,34.82,0,0.0,End-cap,72,72,427,1,0,0,2507.04,0.331,0.331,829.83
2023-03-13,S000,SKU003,Beverages,North,Metro,164.84,164.84,0,0.0,End-cap,36,37,204,0,0,0,5934.24,0.173,0.173,1026.62
2023-03-13,S000,SKU012,Beverages,North,Metro,237.61,237.61,0,0.0,End-cap,67,70,247,0,0,0,15919.87,0.251,0.251,3995.89
2023-03-13,S000,SKU017,Beverages,North,Metro,95.97,95.97,0,0.0,Shelf-talker,19,20,108,0,0,0,1823.43,0.197,0.197,359.22
2023-03-13,S000,SKU020,Beverages,North,Metro,142.4,142.4,0,0.0,Floor-stack,56,59,368,0,0,0,7974.4,0.233,0.233,1858.04
2023-03-13,S000,SKU030,Beverages,North,Metro,34.82,29.6,1,15.0,Shelf-talker,77,77,349,0,0,0,2279.2,0.331,0.241,549.29
2023-03-14,S000,SKU003,Beverages,North,Metro,164.84,164.84,0,0.0,,61,65,138,0,0,0,10055.24,0.173,0.173,1739.56
2023-03-14,S000,SKU012,Beverages,North,Metro,237.61,237.61,0,0.0,,46,47,200,0,0,0,10930.06,0.251,0.251,2743.45
2023-03-14,S000,SKU017,Beverages,North,Metro,95.97,95.97,0,0.0,End-cap,20,21,87,0,0,0,1919.4,0.197,0.197,378.12
2023-03-14,S000,SKU020,Beverages,North,Metro,142.4,142.4,0,0.0,,81,84,285,0,0,0,11534.4,0.233,0.233,2687.52
2023-03-14,S000,SKU030,Beverages,North,Metro,34.82,29.6,1,15.0,End-cap,79,79,270,0,0,0,2338.4,0.331,0.241,563.55
2023-03-15,S000,SKU003,Beverages,North,Metro,164.84,164.84,0,0.0,,40,43,95,0,0,0,6593.6,0.173,0.173,1140.69
2023-03-15,S000,SKU012,Beverages,North,Metro,237.61,237.61,0,0.0,,81,85,115,0,0,0,19246.41,0.251,0.251,4830.85
2023-03-15,S000,SKU017,Beverages,North,Metro,95.97,95.97,0,0.0,,23,24,63,0,0,0,2207.31,0.197,0.197,434.84
2023-03-15,S000,SKU020,Beverages,North,Metro,142.4,142.4,0,0.0,Shelf-talker,72,77,208,0,0,0,10252.8,0.233,0.233,2388.9
2023-03-15,S000,SKU030,Beverages,North,Metro,34.82,29.6,1,15.0,End-cap,95,95,175,0,0,0,2812.0,0.331,0.241,677.69
2023-03-16,S000,SKU003,Beverages,North,Metro,164.84,164.84,0,0.0,,41,43,52,0,0,0,6758.44,0.173,0.173,1169.21
2023-03-16,S000,SKU012,Beverages,North,Metro,237.61,237.61,0,0.0,End-cap,51,53,62,0,0,0,12118.11,0.251,0.251,3041.65
2023-03-16,S000,SKU017,Beverages,North,Metro,95.97,95.97,0,0.0,Shelf-talker,19,20,43,0,0,0,1823.43,0.197,0.197,359.22
2023-03-16,S000,SKU020,Beverages,North,Metro,142.4,142.4,0,0.0,,57,60,148,0,0,0,8116.8,0.233,0.233,1891.21
2023-03-16,S000,SKU030,Beverages,North,Metro,34.82,29.6,1,15.0,,115,115,60,0,0,0,3404.0,0.331,0.241,820.36
2023-03-17,S000,SKU003,Beverages,North,Metro,164.84,164.84,0,0.0,End-cap,45,48,4,0,0,0,7417.8,0.173,0.173,1283.28
2023-03-17,S000,SKU012,Beverages,North,Metro,237.61,237.61,0,0.0,,52,55,8,0,0,0,12355.72,0.251,0.251,3101.29
2023-03-17,S000,SKU017,Beverages,North,Metro,95.97,95.97,0,0.0,,22,24,19,0,0,0,2111.34,0.197,0.197,415.93
2023-03-17,S000,SKU020,Beverages,North,Metro,142.4,142.4,0,0.0,Shelf-talker,79,84,64,0,0,0,11249.6,0.233,0.233,2621.16
2023-03-17,S000,SKU030,Beverages,North,Metro,34.82,29.6,1,15.0,End-cap,60,84,0,0,0,0,1776.0,0.331,0.241,428.02
2023-03-18,S000,SKU003,Beverages,North,Metro,164.84,164.84,0,0.0,End-cap,4,60,0,1,0,0,659.36,0.173,0.173,114.07
2023-03-18,S000,SKU012,Beverages,North,Metro,237.61,237.61,0,0.0,,8,56,0,1,0,0,1900.88,0.251,0.251,477.12
2023-03-18,S000,SKU017,Beverages,North,Metro,95.97,95.97,0,0.0,,12,12,6,1,0,0,1151.64,0.197,0.197,226.87
2023-03-18,S000,SKU020,Beverages,North,Metro,142.4,142.4,0,0.0,Shelf-talker,64,84,0,1,0,0,9113.6,0.233,0.233,2123.47
2023-03-18,S000,SKU030,Beverages,North,Metro,34.82,29.6,1,15.0,End-cap,0,147,0,1,0,0,0.0,0.331,0.241,0.0
2023-03-19,S000,SKU003,Beverages,North,Metro,164.84,164.84,0,0.0,,54,56,352,1,0,0,8901.36,0.173,0.173,1539.94
2023-03-19,S000,SKU012,Beverages,North,Metro,237.61,237.61,0,0.0,End-cap,53,57,314,1,0,0,12593.33,0.251,0.251,3160.93
2023-03-19,S000,SKU017,Beverages,North,Metro,95.97,95.97,0,0.0,Shelf-talker,25,26,147,1,0,0,2399.25,0.197,0.197,472.65
2023-03-19,S000,SKU020,Beverages,North,Metro,142.4,142.4,0,0.0,,51,55,493,1,0,0,7262.4,0.233,0.233,1692.14
2023-03-19,S000,SKU030,Beverages,North,Metro,34.82,29.6,1,15.0,,87,87,356,1,0,0,2575.2,0.331,0.241,620.62
2023-03-20,S000,SKU003,Beverages,North,Metro,164.84,164.84,0,0.0,End-cap,46,48,304,0,0,0,7582.64,0.173,0.173,1311.8
2023-03-20,S000,SKU012,Beverages,North,Metro,237.61,237.61,0,0.0,,65,69,246,0,0,0,15444.65,0.251,0.251,3876.61
2023-03-20,S000,SKU017,Beverages,North,Metro,95.97,95.97,0,0.0,,20,21,127,0,0,0,1919.4,0.197,0.197,378.12
2023-03-20,S000,SKU020,Beverages,North,Metro,142.4,142.4,0,0.0,,60,63,430,0,0,0,8544.0,0.233,0.233,1990.75
2023-03-20,S000,SKU030,Beverages,North,Metro,34.82,29.6,1,15.0,,107,107,249,0,0,0,3167.2,0.331,0.241,763.3
2023-03-21,S000,SKU003,Beverages,North,Metro,164.84,164.84,0,0.0,End-cap,46,48,256,0,0,0,7582.64,0.173,0.173,1311.8
2023-03-21,S000,SKU012,Beverages,North,Metro,237.61,237.61,0,0.0,,77,82,163,0,0,0,18295.97,0.251,0.251,4592.29
2023-03-21,S000,SKU017,Beverages,North,Metro,95.97,95.97,0,0.0,End-cap,20,21,106,0,0,0,1919.4,0.197,0.197,378.12
2023-03-21,S000,SKU020,Beverages,North,Metro,142.4,142.4,0,0.0,Floor-stack,79,83,347,0,0,0,11249.6,0.233,0.233,2621.16
2023-03-21,S000,SKU030,Beverages,North,Metro,34.82,29.6,1,15.0,,95,95,154,0,0,0,2812.0,0.331,0.241,677.69
2023-03-22,S000,SKU003,Beverages,North,Metro,164.84,164.84,0,0.0,Shelf-talker,47,50,206,0,0,0,7747.48,0.173,0.173,1340.31
2023-03-22,S000,SKU012,Beverages,North,Metro,237.61,237.61,0,0.0,,49,52,111,0,0,0,11642.89,0.251,0.251,2922.37
2023-03-22,S000,SKU017,Beverages,North,Metro,95.97,95.97,0,0.0,,17,18,88,0,0,0,1631.49,0.197,0.197,321.4
2023-03-22,S000,SKU020,Beverages,North,Metro,142.4,142.4,0,0.0,Shelf-talker,51,55,292,0,0,0,7262.4,0.233,0.233,1692.14
2023-03-22,S000,SKU030,Beverages,North,Metro,34.82,31.34,1,10.0,,85,85,69,0,0,0,2663.9,0.331,0.271,721.92
2023-03-23,S000,SKU003,Beverages,North,Metro,164.84,164.84,0,0.0,,37,37,169,0,0,1,6099.08,0.173,0.173,1055.14
2023-03-23,S000,SKU012,Beverages,North,Metro,237.61,237.61,0,0.0,,82,82,29,0,0,1,19484.02,0.251,0.251,4890.49
2023-03-23,S000,SKU017,Beverages,North,Metro,95.97,95.97,0,0.0,,33,33,55,0,0,1,3167.01,0.197,0.197,623.9
2023-03-23,S000,SKU020,Beverages,North,Metro,142.4,142.4,0,0.0,End-cap,84,84,208,0,0,1,11961.6,0.233,0.233,2787.05
2023-03-23,S000,SKU030,Beverages,North,Metro,34.82,34.82,0,0.0,End-cap,69,93,0,0,0,1,2402.58,0.331,0.331,795.25
2023-03-24,S000,SKU003,Beverages,North,Metro,164.84,164.84,0,0.0,,65,65,104,0,0,0,10714.6,0.173,0.173,1853.63
2023-03-24,S000,SKU012,Beverages,North,Metro,237.61,237.61,0,0.0,,29,61,0,0,0,0,6890.69,0.251,0.251,1729.56
2023-03-24,S000,SKU017,Beverages,North,Metro,95.97,95.97,0,0.0,,19,19,36,0,0,0,1823.43,0.197,0.197,359.22
2023-03-24,S000,SKU020,Beverages,North,Metro,142.4,142.4,0,0.0,,48,48,160,0,0,0,6835.2,0.233,0.233,1592.6
2023-03-24,S000,SKU030,Beverages,North,Metro,34.82,34.82,0,0.0,,0,49,0,0,0,0,0.0,0.331,0.331,0.0
2023-03-25,S000,SKU003,Beverages,North,Metro,164.84,164.84,0,0.0,,58,58,46,1,0,0,9560.72,0.173,0.173,1654.0
2023-03-25,S000,SKU012,Beverages,North,Metro,237.61,237.61,0,0.0,,0,85,0,1,0,0,0.0,0.251,0.251,0.0
2023-03-25,S000,SKU017,Beverages,North,Metro,95.97,95.97,0,0.0,,27,27,9,1,0,0,2591.19,0.197,0.197,510.46
2023-03-25,S000,SKU020,Beverages,North,Metro,142.4,142.4,0,0.0,Floor-stack,62,62,98,1,0,0,8828.8,0.233,0.233,2057.11
2023-03-25,S000,SKU030,Beverages,North,Metro,34.82,34.82,0,0.0,Floor-stack,0,85,0,1,0,0,0.0,0.331,0.331,0.0
2023-03-26,S000,SKU003,Beverages,North,Metro,164.84,164.84,0,0.0,,66,66,294,1,0,0,10879.44,0.173,0.173,1882.14
2023-03-26,S000,SKU012,Beverages,North,Metro,237.61,237.61,0,0.0,,101,101,379,1,0,0,23998.61,0.251,0.251,6023.65
2023-03-26,S000,SKU017,Beverages,North,Metro,95.97,95.97,0,0.0,,26,26,140,1,0,0,2495.22,0.197,0.197,491.56
2023-03-26,S000,SKU020,Beverages,North,Metro,142.4,142.4,0,0.0,End-cap,67,67,515,1,0,0,9540.8,0.233,0.233,2223.01
2023-03-26,S000,SKU030,Beverages,North,Metro,34.82,34.82,0,0.0,,66,66,371,1,0,0,2298.12,0.331,0.331,760.68
2023-03-27,S000,SKU003,Beverages,North,Metro,164.84,164.84,0,0.0,,36,36,258,0,0,0,5934.24,0.173,0.173,1026.62
2023-03-27,S000,SKU012,Beverages,North,Metro,237.61,237.61,0,0.0,End-cap,74,74,305,0,0,0,17583.14,0.251,0.251,4413.37
2023-03-27,S000,SKU017,Beverages,North,Metro,95.97,95.97,0,0.0,,23,23,117,0,0,0,2207.31,0.197,0.197,434.84
2023-03-27,S000,SKU020,Beverages,North,Metro,142.4,142.4,0,0.0,,50,50,466,0,0,0,7120.0,0.233,0.233,1658.96
2023-03-27,S000,SKU030,Beverages,North,Metro,34.82,34.82,0,0.0,End-cap,49,49,322,0,0,0,1706.18,0.331,0.331,564.75
2023-03-28,S000,SKU003,Beverages,North,Metro,164.84,164.84,0,0.0,,49,52,206,0,1,0,8077.16,0.173,0.173,1397.35
2023-03-28,S000,SKU012,Beverages,North,Metro,237.61,237.61,0,0.0,Floor-stack,62,65,240,0,1,0,14731.82,0.251,0.251,3697.69
2023-03-28,S000,SKU017,Beverages,North,Metro,95.97,95.97,0,0.0,,29,31,86,0,1,0,2783.13,0.197,0.197,548.28
2023-03-28,S000,SKU020,Beverages,North,Metro,142.4,142.4,0,0.0,,64,67,399,0,1,0,9113.6,0.233,0.233,2123.47
2023-03-28,S000,SKU030,Beverages,North,Metro,34.82,29.6,1,15.0,End-cap,78,78,243,0,1,0,2308.8,0.331,0.241,556.42
2023-03-29,S000,SKU003,Beverages,North,Metro,164.84,164.84,0,0.0,,47,50,156,0,1,0,7747.48,0.173,0.173,1340.31
2023-03-29,S000,SKU012,Beverages,North,Metro,237.61,237.61,0,0.0,End-cap,72,75,165,0,1,0,17107.92,0.251,0.251,4294.09
2023-03-29,S000,SKU017,Beverages,North,Metro,95.97,95.97,0,0.0,,25,26,60,0,1,0,2399.25,0.197,0.197,472.65
2023-03-29,S000,SKU020,Beverages,North,Metro,142.4,142.4,0,0.0,,92,98,301,0,1,0,13100.8,0.233,0.233,3052.49
2023-03-29,S000,SKU030,Beverages,North,Metro,34.82,29.6,1,15.0,End-cap,132,132,111,0,1,0,3907.2,0.331,0.241,941.64
2023-03-30,S000,SKU003,Beverages,North,Metro,164.84,164.84,0,0.0,End-cap,66,71,85,0,1,0,10879.44,0.173,0.173,1882.14
2023-03-30,S000,SKU012,Beverages,North,Metro,237.61,237.61,0,0.0,,72,76,89,0,1,0,17107.92,0.251,0.251,4294.09
2023-03-30,S000,SKU017,Beverages,North,Metro,95.97,95.97,0,0.0,,26,28,31,0,1,0,2495.22,0.197,0.197,491.56
2023-03-30,S000,SKU020,Beverages,North,Metro,142.4,142.4,0,0.0,Shelf-talker,71,74,226,0,1,0,10110.4,0.233,0.233,2355.72
2023-03-30,S000,SKU030,Beverages,North,Metro,34.82,29.6,1,15.0,,111,124,0,0,1,0,3285.6,0.331,0.241,791.83
2023-03-31,S000,SKU003,Beverages,North,Metro,164.84,164.84,0,0.0,,51,51,34,0,1,0,8406.84,0.173,0.173,1454.38
2023-03-31,S000,SKU012,Beverages,North,Metro,237.61,237.61,0,0.0,End-cap,68,68,21,0,1,0,16157.48,0.251,0.251,4055.53
2023-03-31,S000,SKU017,Beverages,North,Metro,95.97,95.97,0,0.0,,25,25,6,0,1,0,2399.25,0.197,0.197,472.65
2023-03-31,S000,SKU020,Beverages,North,Metro,142.4,142.4,0,0.0,Shelf-talker,85,85,141,0,1,0,12104.0,0.233,0.233,2820.23
2023-03-31,S000,SKU030,Beverages,North,Metro,34.82,29.6,1,15.0,,0,94,0,0,1,0,0.0,0.331,0.241,0.0
2023-04-01,S000,SKU003,Beverages,North,Metro,164.84,164.84,0,0.0,End-cap,34,77,0,1,1,0,5604.56,0.173,0.173,969.59
2023-04-01,S000,SKU012,Beverages,North,Metro,237.61,237.61,0,0.0,Shelf-talker,21,65,0,1,1,0,4989.81,0.251,0.251,1252.44
2023-04-01,S000,SKU017,Beverages,North,Metro,95.97,95.97,0,0.0,,6,27,0,1,1,0,575.82,0.197,0.197,113.44
2023-04-01,S000,SKU020,Beverages,North,Metro,142.4,142.4,0,0.0,,107,107,34,1,1,0,15236.8,0.233,0.233,3550.17
2023-04-01,S000,SKU030,Beverages,North,Metro,34.82,29.6,1,15.0,,0,135,0,1,1,0,0.0,0.331,0.241,0.0
2023-04-02,S000,SKU003,Beverages,North,Metro,164.84,164.84,0,0.0,,58,60,315,1,1,0,9560.72,0.173,0.173,1654.0
2023-04-02,S000,SKU012,Beverages,North,Metro,237.61,237.61,0,0.0,Floor-stack,65,70,365,1,1,0,15444.65,0.251,0.251,3876.61
2023-04-02,S000,SKU017,Beverages,North,Metro,95.97,95.97,0,0.0,,27,29,105,1,1,0,2591.19,0.197,0.197,510.46
2023-04-02,S000,SKU020,Beverages,North,Metro,142.4,142.4,0,0.0,,68,72,426,1,1,0,9683.2,0.233,0.233,2256.19
2023-04-02,S000,SKU030,Beverages,North,Metro,34.82,29.6,1,15.0,End-cap,126,126,325,1,1,0,3729.6,0.331,0.241,898.83
2023-04-03,S000,SKU003,Beverages,North,Metro,164.84,164.84,0,0.0,End-cap,42,44,271,0,0,0,6923.28,0.173,0.173,1197.73
2023-04-03,S000,SKU012,Beverages,North,Metro,237.61,237.61,0,0.0,,65,70,295,0,0,0,15444.65,0.251,0.251,3876.61
2023-04-03,S000,SKU017,Beverages,North,Metro,95.97,95.97,0,0.0,End-cap,19,20,85,0,0,0,1823.43,0.197,0.197,359.22
2023-04-03,S000,SKU020,Beverages,North,Metro,142.4,142.4,0,0.0,,52,54,372,0,0,0,7404.8,0.233,0.233,1725.32
2023-04-03,S000,SKU030,Beverages,North,Metro,34.82,29.6,1,15.0,,82,82,244,0,0,0,2427.2,0.331,0.241,584.96
2023-04-04,S000,SKU003,Beverages,North,Metro,164.84,164.84,0,0.0,,46,46,225,0,0,0,7582.64,0.173,0.173,1311.8
2023-04-04,S000,SKU012,Beverages,North,Metro,237.61,237.61,0,0.0,,71,71,224,0,0,0,16870.31,0.251,0.251,4234.45
2023-04-04,S000,SKU017,Beverages,North,Metro,95.97,95.97,0,0.0,Floor-stack,23,23,62,0,0,0,2207.31,0.197,0.197,434.84
2023-04-04,S000,SKU020,Beverages,North,Metro,142.4,142.4,0,0.0,,72,72,299,0,0,0,10252.8,0.233,0.233,2388.9
2023-04-04,S000,SKU030,Beverages,North,Metro,34.82,34.82,0,0.0,,65,65,179,0,0,0,2263.3,0.331,0.331,749.15
2023-04-05,S000,SKU003,Beverages,North,Metro,164.84,164.84,0,0.0,Shelf-talker,59,59,166,0,0,0,9725.56,0.173,0.173,1682.52
2023-04-05,S000,SKU012,Beverages,North,Metro,237.61,237.61,0,0.0,,56,56,168,0,0,0,13306.16,0.251,0.251,3339.85
2023-04-05,S000,SKU017,Beverages,North,Metro,95.97,95.97,0,0.0,,21,21,40,0,0,0,2015.37,0.197,0.197,397.03
2023-04-05,S000,SKU020,Beverages,North,Metro,142.4,142.4,0,0.0,Floor-stack,56,56,243,0,0,0,7974.4,0.233,0.233,1858.04
2023-04-05,S000,SKU030,Beverages,North,Metro,34.82,34.82,0,0.0,Floor-stack,49,49,130,0,0,0,1706.18,0.331,0.331,564.75
2023-04-06,S000,SKU003,Beverages,North,Metro,164.84,164.84,0,0.0,Shelf-talker,32,32,134,0,0,0,5274.88,0.173,0.173,912.55
2023-04-06,S000,SKU012,Beverages,North,Metro,237.61,237.61,0,0.0,Shelf-talker,61,61,107,0,0,0,14494.21,0.251,0.251,3638.05
2023-04-06,S000,SKU017,Beverages,North,Metro,95.97,95.97,0,0.0,,18,18,22,0,0,0,1727.46,0.197,0.197,340.31
2023-04-06,S000,SKU020,Beverages,North,Metro,142.4,142.4,0,0.0,Shelf-talker,71,71,172,0,0,0,10110.4,0.233,0.233,2355.72
2023-04-06,S000,SKU030,Beverages,North,Metro,34.82,34.82,0,0.0,End-cap,34,34,96,0,0,0,1183.88,0.331,0.331,391.86
2023-04-07,S000,SKU003,Beverages,North,Metro,164.84,164.84,0,0.0,,37,37,97,0,0,0,6099.08,0.173,0.173,1055.14
2023-04-07,S000,SKU012,Beverages,North,Metro,237.61,237.61,0,0.0,,70,70,37,0,0,0,16632.7,0.251,0.251,4174.81
2023-04-07,S000,SKU017,Beverages,North,Metro,95.97,95.97,0,0.0,Shelf-talker,20,20,2,0,0,0,1919.4,0.197,0.197,378.12
2023-04-07,S000,SKU020,Beverages,North,Metro,142.4,142.4,0,0.0,,83,83,89,0,0,0,11819.2,0.233,0.233,2753.87
2023-04-07,S000,SKU030,Beverages,North,Metro,34.82,34.82,0,0.0,,58,58,38,0,0,0,2019.56,0.331,0.331,668.47
2023-04-08,S000,SKU003,Beverages,North,Metro,164.84,164.84,0,0.0,End-cap,49,49,49,1,0,1,8077.16,0.173,0.173,1397.35
2023-04-08,S000,SKU012,Beverages,North,Metro,237.61,237.61,0,0.0,Floor-stack,37,63,0,1,0,1,8791.57,0.251,0.251,2206.68
2023-04-08,S000,SKU017,Beverages,North,Metro,95.97,95.97,0,0.0,End-cap,2,24,0,1,0,1,191.94,0.197,0.197,37.81
2023-04-08,S000,SKU020,Beverages,North,Metro,142.4,142.4,0,0.0,,74,74,15,1,0,1,10537.6,0.233,0.233,2455.26
2023-04-08,S000,SKU030,Beverages,North,Metro,34.82,34.82,0,0.0,,38,88,0,1,0,1,1323.16,0.331,0.331,437.97
2023-04-09,S000,SKU003,Beverages,North,Metro,164.84,164.84,0,0.0,,48,48,304,1,0,0,7912.32,0.173,0.173,1368.83
2023-04-09,S000,SKU012,Beverages,North,Metro,237.61,237.61,0,0.0,,66,66,318,1,0,0,15682.26,0.251,0.251,3936.25
2023-04-09,S000,SKU017,Beverages,North,Metro,95.97,95.97,0,0.0,Floor-stack,25,25,140,1,0,0,2399.25,0.197,0.197,472.65
2023-04-09,S000,SKU020,Beverages,North,Metro,142.4,142.4,0,0.0,,74,74,345,1,0,0,10537.6,0.233,0.233,2455.26
2023-04-09,S000,SKU030,Beverages,North,Metro,34.82,34.82,0,0.0,End-cap,61,61,300,1,0,0,2124.02,0.331,0.331,703.05
2023-04-10,S000,SKU003,Beverages,North,Metro,164.84,164.84,0,0.0,End-cap,41,41,263,0,0,0,6758.44,0.173,0.173,1169.21
2023-04-10,S000,SKU012,Beverages,North,Metro,237.61,237.61,0,0.0,End-cap,79,79,240,0,0,0,18771.19,0.251,0.251,4711.57
2023-04-10,S000,SKU017,Beverages,North,Metro,95.97,95.97,0,0.0,End-cap,21,21,119,0,0,0,2015.37,0.197,0.197,397.03
2023-04-10,S000,SKU020,Beverages,North,Metro,142.4,142.4,0,0.0,End-cap,61,61,283,0,0,0,8686.4,0.233,0.233,2023.93
2023-04-10,S000,SKU030,Beverages,North,Metro,34.82,34.82,0,0.0,Shelf-talker,46,46,253,0,0,0,1601.72,0.331,0.331,530.17
2023-04-11,S000,SKU003,Beverages,North,Metro,164.84,164.84,0,0.0,,34,34,229,0,0,0,5604.56,0.173,0.173,969.59
2023-04-11,S000,SKU012,Beverages,North,Metro,237.61,237.61,0,0.0,,61,61,179,0,0,0,14494.21,0.251,0.251,3638.05
2023-04-11,S000,SKU017,Beverages,North,Metro,95.97,95.97,0,0.0,End-cap,28,28,91,0,0,0,2687.16,0.197,0.197,529.37
2023-04-11,S000,SKU020,Beverages,North,Metro,142.4,142.4,0,0.0,,57,57,226,0,0,0,8116.8,0.233,0.233,1891.21
2023-04-11,S000,SKU030,Beverages,North,Metro,34.82,34.82,0,0.0,Shelf-talker,40,40,214,0,0,0,1392.8,0.331,0.331,461.02
2023-04-12,S000,SKU003,Beverages,North,Metro,164.84,164.84,0,0.0,,39,42,188,0,0,0,6428.76,0.173,0.173,1112.18
2023-04-12,S000,SKU012,Beverages,North,Metro,237.61,237.61,0,0.0,,44,46,132,0,0,0,10454.84,0.251,0.251,2624.16
2023-04-12,S000,SKU017,Beverages,North,Metro,95.97,95.97,0,0.0,,24,26,65,0,0,0,2303.28,0.197,0.197,453.75
2023-04-12,S000,SKU020,Beverages,North,Metro,142.4,142.4,0,0.0,,53,57,169,0,0,0,7547.2,0.233,0.233,1758.5
2023-04-12,S000,SKU030,Beverages,North,Metro,34.82,26.12,1,25.0,,90,90,123,0,0,0,2350.8,0.331,0.181,425.49
2023-04-13,S000,SKU003,Beverages,North,Metro,164.84,164.84,0,0.0,,29,31,157,0,0,0,4780.36,0.173,0.173,827.0
2023-04-13,S000,SKU012,Beverages,North,Metro,237.61,237.61,0,0.0,,57,59,73,0,0,0,13543.77,0.251,0.251,3399.49
2023-04-13,S000,SKU017,Beverages,North,Metro,95.97,95.97,0,0.0,,16,17,48,0,0,0,1535.52,0.197,0.197,302.5
2023-04-13,S000,SKU020,Beverages,North,Metro,142.4,142.4,0,0.0,Floor-stack,55,58,112,0,0,0,7832.0,0.233,0.233,1824.86
2023-04-13,S000,SKU030,Beverages,North,Metro,34.82,26.12,1,25.0,Floor-stack,81,81,42,0,0,0,2115.72,0.331,0.181,382.95
2023-04-14,S000,SKU003,Beverages,North,Metro,164.84,98.9,1,40.0,Shelf-talker,75,75,82,0,0,0,7417.5,0.173,0.02,148.35
2023-04-14,S000,SKU012,Beverages,North,Metro,237.61,237.61,0,0.0,End-cap,65,69,5,0,0,0,15444.65,0.251,0.251,3876.61
2023-04-14,S000,SKU017,Beverages,North,Metro,95.97,95.97,0,0.0,End-cap,21,22,26,0,0,0,2015.37,0.197,0.197,397.03
2023-04-14,S000,SKU020,Beverages,North,Metro,142.4,142.4,0,0.0,End-cap,61,63,48,0,0,0,8686.4,0.233,0.233,2023.93
2023-04-14,S000,SKU030,Beverages,North,Metro,34.82,26.12,1,25.0,,42,113,0,0,0,0,1097.04,0.331,0.181,198.56
2023-04-15,S000,SKU003,Beverages,North,Metro,164.84,98.9,1,40.0,,82,139,0,1,0,0,8109.8,0.173,0.02,162.2
2023-04-15,S000,SKU012,Beverages,North,Metro,237.61,237.61,0,0.0,,5,39,0,1,0,0,1188.05,0.251,0.251,298.2
2023-04-15,S000,SKU017,Beverages,North,Metro,95.97,76.78,1,20.0,,26,50,0,1,0,0,1996.28,0.197,0.077,153.71
2023-04-15,S000,SKU020,Beverages,North,Metro,142.4,142.4,0,0.0,Shelf-talker,46,81,0,1,0,0,6550.4,0.233,0.233,1526.24
2023-04-15,S000,SKU030,Beverages,North,Metro,34.82,26.12,1,25.0,,0,130,0,1,0,0,0.0,0.331,0.181,0.0
2023-04-16,S000,SKU003,Beverages,North,Metro,164.84,98.9,1,40.0,End-cap,123,123,191,1,0,0,12164.7,0.173,0.02,243.29
2023-04-16,S000,SKU012,Beverages,North,Metro,237.61,237.61,0,0.0,,70,74,333,1,0,0,16632.7,0.251,0.251,4174.81
2023-04-16,S000,SKU017,Beverages,North,Metro,95.97,76.78,1,20.0,Shelf-talker,46,46,112,1,0,0,3531.88,0.197,0.077,271.95
2023-04-16,S000,SKU020,Beverages,North,Metro,142.4,142.4,0,0.0,,88,92,455,1,0,0,12531.2,0.233,0.233,2919.77
2023-04-16,S000,SKU030,Beverages,North,Metro,34.82,26.12,1,25.0,,109,109,308,1,0,0,2847.08,0.331,0.181,515.32
2023-04-17,S000,SKU003,Beverages,North,Metro,164.84,98.9,1,40.0,,96,96,96,0,0,0,9494.4,0.173,0.02,189.89
2023-04-17,S000,SKU012,Beverages,North,Metro,237.61,237.61,0,0.0,End-cap,52,54,279,0,0,0,12355.72,0.251,0.251,3101.29
2023-04-17,S000,SKU017,Beverages,North,Metro,95.97,76.78,1,20.0,Floor-stack,38,38,74,0,0,0,2917.64,0.197,0.077,224.66
2023-04-17,S000,SKU020,Beverages,North,Metro,142.4,142.4,0,0.0,,59,63,392,0,0,0,8401.6,0.233,0.233,1957.57
2023-04-17,S000,SKU030,Beverages,North,Metro,34.82,26.12,1,25.0,,106,106,202,0,0,0,2768.72,0.331,0.181,501.14
2023-04-18,S000,SKU003,Beverages,North,Metro,164.84,98.9,1,40.0,,76,76,20,0,0,0,7516.4,0.173,0.02,150.33
2023-04-18,S000,SKU012,Beverages,North,Metro,237.61,237.61,0,0.0,Floor-stack,38,41,239,0,0,0,9029.18,0.251,0.251,2266.32
2023-04-18,S000,SKU017,Beverages,North,Metro,95.97,95.97,0,0.0,,19,20,54,0,0,0,1823.43,0.197,0.197,359.22
2023-04-18,S000,SKU020,Beverages,North,Metro,142.4,142.4,0,0.0,Shelf-talker,72,76,315,0,0,0,10252.8,0.233,0.233,2388.9
2023-04-18,S000,SKU030,Beverages,North,Metro,34.82,26.12,1,25.0,,95,95,108,0,0,0,2481.4,0.331,0.181,449.13
2023-04-19,S000,SKU003,Beverages,North,Metro,164.84,98.9,1,40.0,,20,67,0,0,0,0,1978.0,0.173,0.02,39.56
2023-04-19,S000,SKU012,Beverages,North,Metro,237.61,237.61,0,0.0,Shelf-talker,57,59,180,0,0,0,13543.77,0.251,0.251,3399.49
2023-04-19,S000,SKU017,Beverages,North,Metro,95.97,95.97,0,0.0,,27,28,26,0,0,0,2591.19,0.197,0.197,510.46
2023-04-19,S000,SKU020,Beverages,North,Metro,142.4,142.4,0,0.0,Shelf-talker,53,57,259,0,0,0,7547.2,0.233,0.233,1758.5
2023-04-19,S000,SKU030,Beverages,North,Metro,34.82,26.12,1,25.0,,92,92,16,0,0,0,2403.04,0.331,0.181,434.95
2023-04-20,S000,SKU003,Beverages,North,Metro,164.84,164.84,0,0.0,Floor-stack,0,38,0,0,0,0,0.0,0.173,0.173,0.0
2023-04-20,S000,SKU012,Beverages,North,Metro,237.61,237.61,0,0.0,End-cap,56,56,123,0,0,0,13306.16,0.251,0.251,3339.85
2023-04-20,S000,SKU017,Beverages,North,Metro,95.97,95.97,0,0.0,Shelf-talker,19,19,7,0,0,0,1823.43,0.197,0.197,359.22
2023-04-20,S000,SKU020,Beverages,North,Metro,142.4,142.4,0,0.0,End-cap,50,50,209,0,0,0,7120.0,0.233,0.233,1658.96
2023-04-20,S000,SKU030,Beverages,North,Metro,34.82,34.82,0,0.0,,16,55,0,0,0,0,557.12,0.331,0.331,184.41
2023-04-21,S000,SKU003,Beverages,North,Metro,164.84,164.84,0,0.0,Shelf-talker,0,48,0,0,0,0,0.0,0.173,0.173,0.0
2023-04-21,S000,SKU012,Beverages,North,Metro,237.61,237.61,0,0.0,,58,58,66,0,0,0,13781.38,0.251,0.251,3459.13
2023-04-21,S000,SKU017,Beverages,North,Metro,95.97,95.97,0,0.0,Shelf-talker,7,22,0,0,0,0,671.79,0.197,0.197,132.34
2023-04-21,S000,SKU020,Beverages,North,Metro,142.4,142.4,0,0.0,End-cap,60,60,149,0,0,0,8544.0,0.233,0.233,1990.75
2023-04-21,S000,SKU030,Beverages,North,Metro,34.82,34.82,0,0.0,,0,73,0,0,0,0,0.0,0.331,0.331,0.0
2023-04-22,S000,SKU003,Beverages,North,Metro,164.84,164.84,0,0.0,,0,69,0,1,0,0,0.0,0.173,0.173,0.0
2023-04-22,S000,SKU012,Beverages,North,Metro,237.61,237.61,0,0.0,Floor-stack,66,67,0,1,0,0,15682.26,0.251,0.251,3936.25
2023-04-22,S000,SKU017,Beverages,North,Metro,95.97,95.97,0,0.0,Shelf-talker,0,14,0,1,0,0,0.0,0.197,0.197,0.0
2023-04-22,S000,SKU020,Beverages,North,Metro,142.4,142.4,0,0.0,,85,85,64,1,0,0,12104.0,0.233,0.233,2820.23
2023-04-22,S000,SKU030,Beverages,North,Metro,34.82,34.82,0,0.0,Floor-stack,0,76,0,1,0,0,0.0,0.331,0.331,0.0
2023-04-23,S000,SKU003,Beverages,North,Metro,164.84,164.84,0,0.0,End-cap,69,69,276,1,0,0,11373.96,0.173,0.173,1967.7
2023-04-23,S000,SKU012,Beverages,North,Metro,237.61,237.61,0,0.0,,58,58,428,1,0,0,13781.38,0.251,0.251,3459.13
2023-04-23,S000,SKU017,Beverages,North,Metro,95.97,95.97,0,0.0,End-cap,30,30,127,1,0,0,2879.1,0.197,0.197,567.18
2023-04-23,S000,SKU020,Beverages,North,Metro,142.4,142.4,0,0.0,End-cap,91,91,469,1,0,0,12958.4,0.233,0.233,3019.31
2023-04-23,S000,SKU030,Beverages,North,Metro,34.82,34.82,0,0.0,End-cap,65,65,354,1,0,0,2263.3,0.331,0.331,749.15
2023-04-24,S000,SKU003,Beverages,North,Metro,164.84,164.84,0,0.0,,53,53,222,0,0,0,8736.52,0.173,0.173,1511.42
2023-04-24,S000,SKU012,Beverages,North,Metro,237.61,237.61,0,0.0,Floor-stack,43,43,385,0,0,0,10217.23,0.251,0.251,2564.52
2023-04-24,S000,SKU017,Beverages,North,Metro,95.97,95.97,0,0.0,Floor-stack,25,25,102,0,0,0,2399.25,0.197,0.197,472.65
2023-04-24,S000,SKU020,Beverages,North,Metro,142.4,142.4,0,0.0,,80,80,389,0,0,0,11392.0,0.233,0.233,2654.34
2023-04-24,S000,SKU030,Beverages,North,Metro,34.82,34.82,0,0.0,End-cap,64,64,290,0,0,0,2228.48,0.331,0.331,737.63
2023-04-25,S000,SKU003,Beverages,North,Metro,164.84,164.84,0,0.0,,42,42,181,0,0,0,6923.28,0.173,0.173,1197.73
2023-04-25,S000,SKU012,Beverages,North,Metro,237.61,237.61,0,0.0,Shelf-talker,51,51,334,0,0,0,12118.11,0.251,0.251,3041.65
2023-04-25,S000,SKU017,Beverages,North,Metro,95.97,95.97,0,0.0,,17,17,85,0,0,0,1631.49,0.197,0.197,321.4
2023-04-25,S000,SKU020,Beverages,North,Metro,142.4,142.4,0,0.0,,67,67,322,0,0,0,9540.8,0.233,0.233,2223.01
2023-04-25,S000,SKU030,Beverages,North,Metro,34.82,34.82,0,0.0,Shelf-talker,64,64,226,0,0,0,2228.48,0.331,0.331,737.63
2023-04-26,S000,SKU003,Beverages,North,Metro,164.84,164.84,0,0.0,,48,48,133,0,0,0,7912.32,0.173,0.173,1368.83
2023-04-26,S000,SKU012,Beverages,North,Metro,237.61,237.61,0,0.0,,67,67,268,0,0,0,15919.87,0.251,0.251,3995.89
2023-04-26,S000,SKU017,Beverages,North,Metro,95.97,95.97,0,0.0,,19,19,66,0,0,0,1823.43,0.197,0.197,359.22
2023-04-26,S000,SKU020,Beverages,North,Metro,142.4,142.4,0,0.0,,72,72,250,0,0,0,10252.8,0.233,0.233,2388.9
2023-04-26,S000,SKU030,Beverages,North,Metro,34.82,34.82,0,0.0,End-cap,58,58,168,0,0,0,2019.56,0.331,0.331,668.47
2023-04-27,S000,SKU003,Beverages,North,Metro,164.84,164.84,0,0.0,,45,45,87,0,0,0,7417.8,0.173,0.173,1283.28
2023-04-27,S000,SKU012,Beverages,North,Metro,237.61,237.61,0,0.0,,60,60,207,0,0,0,14256.6,0.251,0.251,3578.41
2023-04-27,S000,SKU017,Beverages,North,Metro,95.97,95.97,0,0.0,,23,23,43,0,0,0,2207.31,0.197,0.197,434.84
2023-04-27,S000,SKU020,Beverages,North,Metro,142.4,142.4,0,0.0,,79,79,171,0,0,0,11249.6,0.233,0.233,2621.16
2023-04-27,S000,SKU030,Beverages,North,Metro,34.82,34.82,0,0.0,,52,52,116,0,0,0,1810.64,0.331,0.331,599.32
2023-04-28,S000,SKU003,Beverages,North,Metro,164.84,164.84,0,0.0,,54,54,33,0,1,0,8901.36,0.173,0.173,1539.94
2023-04-28,S000,SKU012,Beverages,North,Metro,237.61,237.61,0,0.0,End-cap,67,67,140,0,1,0,15919.87,0.251,0.251,3995.89
2023-04-28,S000,SKU017,Beverages,North,Metro,95.97,95.97,0,0.0,,25,25,19,0,1,0,2399.25,0.197,0.197,472.65
2023-04-28,S000,SKU020,Beverages,North,Metro,142.4,142.4,0,0.0,,64,64,107,0,1,0,9113.6,0.233,0.233,2123.47
2023-04-28,S000,SKU030,Beverages,North,Metro,34.82,34.82,0,0.0,Floor-stack,60,60,56,0,1,0,2089.2,0.331,0.331,691.53
2023-04-29,S000,SKU003,Beverages,North,Metro,164.84,164.84,0,0.0,End-cap,33,92,0,1,1,0,5439.72,0.173,0.173,941.07
2023-04-29,S000,SKU012,Beverages,North,Metro,237.61,237.61,0,0.0,End-cap,66,66,74,1,1,0,15682.26,0.251,0.251,3936.25
2023-04-29,S000,SKU017,Beverages,North,Metro,95.97,95.97,0,0.0,Shelf-talker,19,32,0,1,1,0,1823.43,0.197,0.197,359.22
2023-04-29,S000,SKU020,Beverages,North,Metro,142.4,142.4,0,0.0,,86,86,21,1,1,0,12246.4,0.233,0.233,2853.41
2023-04-29,S000,SKU030,Beverages,North,Metro,34.82,34.82,0,0.0,,56,63,0,1,1,0,1949.92,0.331,0.331,645.42
2023-04-30,S000,SKU003,Beverages,North,Metro,164.84,164.84,0,0.0,,46,46,314,1,1,0,7582.64,0.173,0.173,1311.8
2023-04-30,S000,SKU012,Beverages,North,Metro,237.61,237.61,0,0.0,End-cap,76,76,481,1,1,0,18058.36,0.251,0.251,4532.65
2023-04-30,S000,SKU017,Beverages,North,Metro,95.97,95.97,0,0.0,,28,28,139,1,1,0,2687.16,0.197,0.197,529.37
2023-04-30,S000,SKU020,Beverages,North,Metro,142.4,142.4,0,0.0,,134,134,295,1,1,0,19081.6,0.233,0.233,4446.01
2023-04-30,S000,SKU030,Beverages,North,Metro,34.82,34.82,0,0.0,,81,81,390,1,1,0,2820.42,0.331,0.331,933.56
2023-05-01,S000,SKU003,Beverages,North,Metro,164.84,164.84,0,0.0,Shelf-talker,53,53,261,0,1,0,8736.52,0.173,0.173,1511.42
2023-05-01,S000,SKU012,Beverages,North,Metro,237.61,237.61,0,0.0,Floor-stack,75,75,406,0,1,0,17820.75,0.251,0.251,4473.01
2023-05-01,S000,SKU017,Beverages,North,Metro,95.97,95.97,0,0.0,End-cap,32,32,107,0,1,0,3071.04,0.197,0.197,604.99
2023-05-01,S000,SKU020,Beverages,North,Metro,142.4,142.4,0,0.0,Shelf-talker,84,84,211,0,1,0,11961.6,0.233,0.233,2787.05
2023-05-01,S000,SKU030,Beverages,North,Metro,34.82,34.82,0,0.0,Shelf-talker,57,57,334,0,1,0,1984.74,0.331,0.331,656.95
2023-05-02,S000,SKU003,Beverages,North,Metro,164.84,164.84,0,0.0,End-cap,67,67,194,0,1,0,11044.28,0.173,0.173,1910.66
2023-05-02,S000,SKU012,Beverages,North,Metro,237.61,237.61,0,0.0,,73,73,333,0,1,0,17345.53,0.251,0.251,4353.73
2023-05-02,S000,SKU017,Beverages,North,Metro,95.97,95.97,0,0.0,,21,21,85,0,1,0,2015.37,0.197,0.197,397.03
2023-05-02,S000,SKU020,Beverages,North,Metro,142.4,142.4,0,0.0,Floor-stack,80,80,131,0,1,0,11392.0,0.233,0.233,2654.34
2023-05-02,S000,SKU030,Beverages,North,Metro,34.82,34.82,0,0.0,,59,59,275,0,1,0,2054.38,0.331,0.331,680.0
2023-05-03,S000,SKU003,Beverages,North,Metro,164.84,164.84,0,0.0,Shelf-talker,35,35,160,0,0,0,5769.4,0.173,0.173,998.11
2023-05-03,S000,SKU012,Beverages,North,Metro,237.61,237.61,0,0.0,,52,52,281,0,0,0,12355.72,0.251,0.251,3101.29
2023-05-03,S000,SKU017,Beverages,North,Metro,95.97,95.97,0,0.0,End-cap,30,30,55,0,0,0,2879.1,0.197,0.197,567.18
2023-05-03,S000,SKU020,Beverages,North,Metro,142.4,142.4,0,0.0,,72,72,59,0,0,0,10252.8,0.233,0.233,2388.9
2023-05-03,S000,SKU030,Beverages,North,Metro,34.82,34.82,0,0.0,,60,60,215,0,0,0,2089.2,0.331,0.331,691.53
2023-05-04,S000,SKU003,Beverages,North,Metro,164.84,164.84,0,0.0,End-cap,41,41,118,0,0,0,6758.44,0.173,0.173,1169.21
2023-05-04,S000,SKU012,Beverages,North,Metro,237.61,237.61,0,0.0,End-cap,30,30,251,0,0,0,7128.3,0.251,0.251,1789.2
2023-05-04,S000,SKU017,Beverages,North,Metro,95.97,95.97,0,0.0,,25,25,30,0,0,0,2399.25,0.197,0.197,472.65
2023-05-04,S000,SKU020,Beverages,North,Metro,142.4,142.4,0,0.0,,47,47,12,0,0,0,6692.8,0.233,0.233,1559.42
2023-05-04,S000,SKU030,Beverages,North,Metro,34.82,34.82,0,0.0,Shelf-talker,71,71,144,0,0,0,2472.22,0.331,0.331,818.3
2023-05-05,S000,SKU003,Beverages,North,Metro,164.84,164.84,0,0.0,Shelf-talker,42,42,76,0,0,0,6923.28,0.173,0.173,1197.73
2023-05-05,S000,SKU012,Beverages,North,Metro,237.61,237.61,0,0.0,,50,50,202,0,0,0,11880.5,0.251,0.251,2982.01
2023-05-05,S000,SKU017,Beverages,North,Metro,95.97,95.97,0,0.0,,24,24,6,0,0,0,2303.28,0.197,0.197,453.75
2023-05-05,S000,SKU020,Beverages,North,Metro,142.4,142.4,0,0.0,Shelf-talker,12,55,0,0,0,0,1708.8,0.233,0.233,398.15
2023-05-05,S000,SKU030,Beverages,North,Metro,34.82,34.82,0,0.0,,58,58,86,0,0,0,2019.56,0.331,0.331,668.47
2023-05-06,S000,SKU003,Beverages,North,Metro,164.84,164.84,0,0.0,,56,56,20,1,0,0,9231.04,0.173,0.173,1596.97
2023-05-06,S000,SKU012,Beverages,North,Metro,237.61,237.61,0,0.0,End-cap,64,64,137,1,0,0,15207.04,0.251,0.251,3816.97
2023-05-06,S000,SKU017,Beverages,North,Metro,95.97,95.97,0,0.0,,6,21,0,1,0,0,575.82,0.197,0.197,113.44
2023-05-06,S000,SKU020,Beverages,North,Metro,142.4,142.4,0,0.0,,0,63,0,1,0,0,0.0,0.233,0.233,0.0
2023-05-06,S000,SKU030,Beverages,North,Metro,34.82,34.82,0,0.0,,66,66,20,1,0,0,2298.12,0.331,0.331,760.68
2023-05-07,S000,SKU003,Beverages,North,Metro,164.84,164.84,0,0.0,,42,42,393,1,0,0,6923.28,0.173,0.173,1197.73
2023-05-07,S000,SKU012,Beverages,North,Metro,237.61,237.61,0,0.0,Floor-stack,59,59,436,1,0,0,14018.99,0.251,0.251,3518.77
2023-05-07,S000,SKU017,Beverages,North,Metro,95.97,95.97,0,0.0,,30,30,132,1,0,0,2879.1,0.197,0.197,567.18
2023-05-07,S000,SKU020,Beverages,North,Metro,142.4,142.4,0,0.0,End-cap,83,83,375,1,0,0,11819.2,0.233,0.233,2753.87
2023-05-07,S000,SKU030,Beverages,North,Metro,34.82,34.82,0,0.0,Floor-stack,67,67,287,1,0,0,2332.94,0.331,0.331,772.2
2023-05-08,S000,SKU003,Beverages,North,Metro,164.84,164.84,0,0.0,,52,52,341,0,0,0,8571.68,0.173,0.173,1482.9
2023-05-08,S000,SKU012,Beverages,North,Metro,237.61,237.61,0,0.0,,52,52,383,0,0,0,12355.72,0.251,0.251,3101.29
2023-05-08,S000,SKU017,Beverages,North,Metro,95.97,95.97,0,0.0,,23,23,110,0,0,0,2207.31,0.197,0.197,434.84
2023-05-08,S000,SKU020,Beverages,North,Metro,142.4,142.4,0,0.0,,58,58,317,0,0,0,8259.2,0.233,0.233,1924.39
2023-05-08,S000,SKU030,Beverages,North,Metro,34.82,34.82,0,0.0,Shelf-talker,65,65,221,0,0,0,2263.3,0.331,0.331,749.15
2023-05-09,S000,SKU003,Beverages,North,Metro,164.84,164.84,0,0.0,Floor-stack,53,53,288,0,0,0,8736.52,0.173,0.173,1511.42
2023-05-09,S000,SKU012,Beverages,North,Metro,237.61,237.61,0,0.0,Shelf-talker,65,65,318,0,0,0,15444.65,0.251,0.251,3876.61
2023-05-09,S000,SKU017,Beverages,North,Metro,95.97,95.97,0,0.0,End-cap,13,13,97,0,0,0,1247.61,0.197,0.197,245.78
2023-05-09,S000,SKU020,Beverages,North,Metro,142.4,142.4,0,0.0,End-cap,63,63,254,0,0,0,8971.2,0.233,0.233,2090.29
2023-05-09,S000,SKU030,Beverages,North,Metro,34.82,34.82,0,0.0,Shelf-talker,58,58,163,0,0,0,2019.56,0.331,0.331,668.47
2023-05-10,S000,SKU003,Beverages,North,Metro,164.84,164.84,0,0.0,,51,51,237,0,0,0,8406.84,0.173,0.173,1454.38
2023-05-10,S000,SKU012,Beverages,North,Metro,237.61,237.61,0,0.0,Shelf-talker,56,56,262,0,0,0,13306.16,0.251,0.251,3339.85
2023-05-10,S000,SKU017,Beverages,North,Metro,95.97,95.97,0,0.0,,15,15,82,0,0,0,1439.55,0.197,0.197,283.59
2023-05-10,S000,SKU020,Beverages,North,Metro,142.4,142.4,0,0.0,,59,59,195,0,0,0,8401.6,0.233,0.233,1957.57
2023-05-10,S000,SKU030,Beverages,North,Metro,34.82,34.82,0,0.0,,56,56,107,0,0,0,1949.92,0.331,0.331,645.42
2023-05-11,S000,SKU003,Beverages,North,Metro,164.84,164.84,0,0.0,End-cap,40,40,197,0,0,0,6593.6,0.173,0.173,1140.69
2023-05-11,S000,SKU012,Beverages,North,Metro,237.61,237.61,0,0.0,,67,67,195,0,0,0,15919.87,0.251,0.251,3995.89
2023-05-11,S000,SKU017,Beverages,North,Metro,95.97,95.97,0,0.0,Floor-stack,22,22,60,0,0,0,2111.34,0.197,0.197,415.93
2023-05-11,S000,SKU020,Beverages,North,Metro,142.4,142.4,0,0.0,End-cap,44,44,151,0,0,0,6265.6,0.233,0.233,1459.88
2023-05-11,S000,SKU030,Beverages,North,Metro,34.82,34.82,0,0.0,Shelf-talker,57,57,51,0,0,0,1984.74,0.331,0.331,656.95
2023-05-12,S000,SKU003,Beverages,North,Metro,164.84,164.84,0,0.0,Shelf-talker,48,48,150,0,0,0,7912.32,0.173,0.173,1368.83
2023-05-12,S000,SKU012,Beverages,North,Metro,237.61,237.61,0,0.0,Shelf-talker,41,41,154,0,0,0,9742.01,0.251,0.251,2445.24
2023-05-12,S000,SKU017,Beverages,North,Metro,95.97,95.97,0,0.0,Floor-stack,20,20,40,0,0,0,1919.4,0.197,0.197,378.12
2023-05-12,S000,SKU020,Beverages,North,Metro,142.4,142.4,0,0.0,,72,72,79,0,0,0,10252.8,0.233,0.233,2388.9
2023-05-12,S000,SKU030,Beverages,North,Metro,34.82,34.82,0,0.0,End-cap,40,40,10,0,0,0,1392.8,0.331,0.331,461.02
2023-05-13,S000,SKU003,Beverages,North,Metro,164.84,164.84,0,0.0,,49,49,101,1,0,0,8077.16,0.173,0.173,1397.35
2023-05-13,S000,SKU012,Beverages,North,Metro,237.61,237.61,0,0.0,Shelf-talker,67,67,87,1,0,0,15919.87,0.251,0.251,3995.89
2023-05-13,S000,SKU017,Beverages,North,Metro,95.97,95.97,0,0.0,,23,23,17,1,0,0,2207.31,0.197,0.197,434.84
2023-05-13,S000,SKU020,Beverages,North,Metro,142.4,142.4,0,0.0,,53,53,26,1,0,0,7547.2,0.233,0.233,1758.5
2023-05-13,S000,SKU030,Beverages,North,Metro,34.82,34.82,0,0.0,End-cap,10,72,0,1,0,0,348.2,0.331,0.331,115.25
2023-05-14,S000,SKU003,Beverages,North,Metro,164.84,164.84,0,0.0,Shelf-talker,55,55,336,1,0,0,9066.2,0.173,0.173,1568.45
2023-05-14,S000,SKU012,Beverages,North,Metro,237.61,237.61,0,0.0,,46,46,489,1,0,0,10930.06,0.251,0.251,2743.45
2023-05-14,S000,SKU017,Beverages,North,Metro,95.97,95.97,0,0.0,,30,30,132,1,0,0,2879.1,0.197,0.197,567.18
2023-05-14,S000,SKU020,Beverages,North,Metro,142.4,142.4,0,0.0,,67,67,434,1,0,0,9540.8,0.233,0.233,2223.01
2023-05-14,S000,SKU030,Beverages,North,Metro,34.82,34.82,0,0.0,,57,57,418,1,0,0,1984.74,0.331,0.331,656.95
2023-05-15,S000,SKU003,Beverages,North,Metro,164.84,164.84,0,0.0,,65,65,271,0,0,0,10714.6,0.173,0.173,1853.63
2023-05-15,S000,SKU012,Beverages,North,Metro,237.61,237.61,0,0.0,,52,52,437,0,0,0,12355.72,0.251,0.251,3101.29
2023-05-15,S000,SKU017,Beverages,North,Metro,95.97,95.97,0,0.0,,17,17,115,0,0,0,1631.49,0.197,0.197,321.4
2023-05-15,S000,SKU020,Beverages,North,Metro,142.4,142.4,0,0.0,,47,47,386,0,0,0,6692.8,0.233,0.233,1559.42
2023-05-15,S000,SKU030,Beverages,North,Metro,34.82,34.82,0,0.0,End-cap,58,58,360,0,0,0,2019.56,0.331,0.331,668.47
2023-05-16,S000,SKU003,Beverages,North,Metro,164.84,164.84,0,0.0,,48,48,223,0,0,0,7912.32,0.173,0.173,1368.83
2023-05-16,S000,SKU012,Beverages,North,Metro,237.61,237.61,0,0.0,,46,46,391,0,0,0,10930.06,0.251,0.251,2743.45
2023-05-16,S000,SKU017,Beverages,North,Metro,95.97,95.97,0,0.0,,19,19,96,0,0,0,1823.43,0.197,0.197,359.22
2023-05-16,S000,SKU020,Beverages,North,Metro,142.4,142.4,0,0.0,Floor-stack,52,52,334,0,0,0,7404.8,0.233,0.233,1725.32
2023-05-16,S000,SKU030,Beverages,North,Metro,34.82,34.82,0,0.0,,47,47,313,0,0,0,1636.54,0.331,0.331,541.69
2023-05-17,S000,SKU003,Beverages,North,Metro,164.84,164.84,0,0.0,End-cap,37,37,186,0,0,0,6099.08,0.173,0.173,1055.14
2023-05-17,S000,SKU012,Beverages,North,Metro,237.61,237.61,0,0.0,End-cap,70,70,321,0,0,0,16632.7,0.251,0.251,4174.81
2023-05-17,S000,SKU017,Beverages,North,Metro,95.97,95.97,0,0.0,,18,18,78,0,0,0,1727.46,0.197,0.197,340.31
2023-05-17,S000,SKU020,Beverages,North,Metro,142.4,142.4,0,0.0,,64,64,270,0,0,0,9113.6,0.233,0.233,2123.47
2023-05-17,S000,SKU030,Beverages,North,Metro,34.82,34.82,0,0.0,Floor-stack,60,60,253,0,0,0,2089.2,0.331,0.331,691.53
2023-05-18,S000,SKU003,Beverages,North,Metro,164.84,164.84,0,0.0,,65,65,122,0,0,1,10714.6,0.173,0.173,1853.63
2023-05-18,S000,SKU012,Beverages,North,Metro,237.61,237.61,0,0.0,,82,82,239,0,0,1,19484.02,0.251,0.251,4890.49
2023-05-18,S000,SKU017,Beverages,North,Metro,95.97,95.97,0,0.0,Shelf-talker,30,30,48,0,0,1,2879.1,0.197,0.197,567.18
2023-05-18,S000,SKU020,Beverages,North,Metro,142.4,142.4,0,0.0,,102,102,168,0,0,1,14524.8,0.233,0.233,3384.28
2023-05-18,S000,SKU030,Beverages,North,Metro,34.82,34.82,0,0.0,End-cap,71,71,182,0,0,1,2472.22,0.331,0.331,818.3
2023-05-19,S000,SKU003,Beverages,North,Metro,164.84,164.84,0,0.0,,36,36,86,0,0,0,5934.24,0.173,0.173,1026.62
2023-05-19,S000,SKU012,Beverages,North,Metro,237.61,237.61,0,0.0,,67,67,172,0,0,0,15919.87,0.251,0.251,3995.89
2023-05-19,S000,SKU017,Beverages,North,Metro,95.97,95.97,0,0.0,Floor-stack,14,14,34,0,0,0,1343.58,0.197,0.197,264.69
2023-05-19,S000,SKU020,Beverages,North,Metro,142.4,142.4,0,0.0,End-cap,45,45,123,0,0,0,6408.0,0.233,0.233,1493.06
2023-05-19,S000,SKU030,Beverages,North,Metro,34.82,34.82,0,0.0,End-cap,43,43,139,0,0,0,1497.26,0.331,0.331,495.59
2023-05-20,S000,SKU003,Beverages,North,Metro,164.84,164.84,0,0.0,,46,46,40,1,0,0,7582.64,0.173,0.173,1311.8
2023-05-20,S000,SKU012,Beverages,North,Metro,237.61,237.61,0,0.0,Floor-stack,65,65,107,1,0,0,15444.65,0.251,0.251,3876.61
2023-05-20,S000,SKU017,Beverages,North,Metro,95.97,95.97,0,0.0,,23,23,10,1,0,0,2207.31,0.197,0.197,434.84
2023-05-20,S000,SKU020,Beverages,North,Metro,142.4,142.4,0,0.0,,69,69,54,1,0,0,9825.6,0.233,0.233,2289.36
2023-05-20,S000,SKU030,Beverages,North,Metro,34.82,34.82,0,0.0,,64,64,75,1,0,0,2228.48,0.331,0.331,737.63
2023-05-21,S000,SKU003,Beverages,North,Metro,164.84,164.84,0,0.0,,47,47,280,1,0,0,7747.48,0.173,0.173,1340.31
2023-05-21,S000,SKU012,Beverages,North,Metro,237.61,237.61,0,0.0,End-cap,57,57,420,1,0,0,13543.77,0.251,0.251,3399.49
2023-05-21,S000,SKU017,Beverages,North,Metro,95.97,95.97,0,0.0,Shelf-talker,18,18,136,1,0,0,1727.46,0.197,0.197,340.31
2023-05-21,S000,SKU020,Beverages,North,Metro,142.4,142.4,0,0.0,Shelf-talker,53,53,418,1,0,0,7547.2,0.233,0.233,1758.5
2023-05-21,S000,SKU030,Beverages,North,Metro,34.82,34.82,0,0.0,,94,94,420,1,0,0,3273.08,0.331,0.331,1083.39
2023-05-22,S000,SKU003,Beverages,North,Metro,164.84,164.84,0,0.0,Shelf-talker,43,43,237,0,0,0,7088.12,0.173,0.173,1226.24
2023-05-22,S000,SKU012,Beverages,North,Metro,237.61,237.61,0,0.0,End-cap,46,46,374,0,0,0,10930.06,0.251,0.251,2743.45
2023-05-22,S000,SKU017,Beverages,North,Metro,95.97,95.97,0,0.0,Shelf-talker,19,19,117,0,0,0,1823.43,0.197,0.197,359.22
2023-05-22,S000,SKU020,Beverages,North,Metro,142.4,142.4,0,0.0,Shelf-talker,55,55,362,0,0,0,7832.0,0.233,0.233,1824.86
2023-05-22,S000,SKU030,Beverages,North,Metro,34.82,34.82,0,0.0,,32,32,388,0,0,0,1114.24,0.331,0.331,368.81
2023-05-23,S000,SKU003,Beverages,North,Metro,164.84,164.84,0,0.0,Shelf-talker,55,55,182,0,0,0,9066.2,0.173,0.173,1568.45
2023-05-23,S000,SKU012,Beverages,North,Metro,237.61,237.61,0,0.0,Floor-stack,59,59,315,0,0,0,14018.99,0.251,0.251,3518.77
2023-05-23,S000,SKU017,Beverages,North,Metro,95.97,95.97,0,0.0,,23,23,94,0,0,0,2207.31,0.197,0.197,434.84
2023-05-23,S000,SKU020,Beverages,North,Metro,142.4,142.4,0,0.0,,63,63,299,0,0,0,8971.2,0.233,0.233,2090.29
2023-05-23,S000,SKU030,Beverages,North,Metro,34.82,34.82,0,0.0,Shelf-talker,56,56,332,0,0,0,1949.92,0.331,0.331,645.42
2023-05-24,S000,SKU003,Beverages,North,Metro,164.84,164.84,0,0.0,,52,52,130,0,0,0,8571.68,0.173,0.173,1482.9
2023-05-24,S000,SKU012,Beverages,North,Metro,237.61,237.61,0,0.0,,75,75,239,0,0,0,17820.75,0.251,0.251,4473.01
2023-05-24,S000,SKU017,Beverages,North,Metro,95.97,95.97,0,0.0,Shelf-talker,23,23,70,0,0,0,2207.31,0.197,0.197,434.84
2023-05-24,S000,SKU020,Beverages,North,Metro,142.4,142.4,0,0.0,End-cap,71,71,229,0,0,0,10110.4,0.233,0.233,2355.72
2023-05-24,S000,SKU030,Beverages,North,Metro,34.82,34.82,0,0.0,End-cap,44,44,287,0,0,0,1532.08,0.331,0.331,507.12
2023-05-25,S000,SKU003,Beverages,North,Metro,164.84,164.84,0,0.0,,51,51,79,0,0,0,8406.84,0.173,0.173,1454.38
2023-05-25,S000,SKU012,Beverages,North,Metro,237.61,237.61,0,0.0,,61,61,179,0,0,0,14494.21,0.251,0.251,3638.05
2023-05-25,S000,SKU017,Beverages,North,Metro,95.97,95.97,0,0.0,Floor-stack,18,18,52,0,0,0,1727.46,0.197,0.197,340.31
2023-05-25,S000,SKU020,Beverages,North,Metro,142.4,142.4,0,0.0,End-cap,38,38,190,0,0,0,5411.2,0.233,0.233,1260.81
2023-05-25,S000,SKU030,Beverages,North,Metro,34.82,34.82,0,0.0,,68,68,220,0,0,0,2367.76,0.331,0.331,783.73
2023-05-26,S000,SKU003,Beverages,North,Metro,164.84,164.84,0,0.0,,50,50,28,0,0,1,8242.0,0.173,0.173,1425.87
2023-05-26,S000,SKU012,Beverages,North,Metro,237.61,237.61,0,0.0,End-cap,71,71,108,0,0,1,16870.31,0.251,0.251,4234.45
2023-05-26,S000,SKU017,Beverages,North,Metro,95.97,95.97,0,0.0,Floor-stack,30,30,22,0,0,1,2879.1,0.197,0.197,567.18
2023-05-26,S000,SKU020,Beverages,North,Metro,142.4,142.4,0,0.0,,92,92,99,0,0,1,13100.8,0.233,0.233,3052.49
2023-05-26,S000,SKU030,Beverages,North,Metro,34.82,34.82,0,0.0,,83,83,137,0,0,1,2890.06,0.331,0.331,956.61
2023-05-27,S000,SKU003,Beverages,North,Metro,164.84,164.84,0,0.0,Shelf-talker,28,53,0,1,0,0,4615.52,0.173,0.173,798.48
2023-05-27,S000,SKU012,Beverages,North,Metro,237.61,237.61,0,0.0,,68,68,40,1,0,0,16157.48,0.251,0.251,4055.53
2023-05-27,S000,SKU017,Beverages,North,Metro,95.97,95.97,0,0.0,End-cap,22,25,0,1,0,0,2111.34,0.197,0.197,415.93
2023-05-27,S000,SKU020,Beverages,North,Metro,142.4,142.4,0,0.0,End-cap,64,64,35,1,0,0,9113.6,0.233,0.233,2123.47
2023-05-27,S000,SKU030,Beverages,North,Metro,34.82,34.82,0,0.0,,70,70,67,1,0,0,2437.4,0.331,0.331,806.78
2023-05-28,S000,SKU003,Beverages,North,Metro,164.84,164.84,0,0.0,End-cap,70,70,262,1,1,0,11538.8,0.173,0.173,1996.21
2023-05-28,S000,SKU012,Beverages,North,Metro,237.61,237.61,0,0.0,,80,80,339,1,1,0,19008.8,0.251,0.251,4771.21
2023-05-28,S000,SKU017,Beverages,North,Metro,95.97,95.97,0,0.0,,36,36,103,1,1,0,3454.92,0.197,0.197,680.62
2023-05-28,S000,SKU020,Beverages,North,Metro,142.4,142.4,0,0.0,,69,69,470,1,1,0,9825.6,0.233,0.233,2289.36
2023-05-28,S000,SKU030,Beverages,North,Metro,34.82,34.82,0,0.0,,89,89,312,1,1,0,3098.98,0.331,0.331,1025.76
2023-05-29,S000,SKU003,Beverages,North,Metro,164.84,164.84,0,0.0,,49,49,213,0,1,0,8077.16,0.173,0.173,1397.35
2023-05-29,S000,SKU012,Beverages,North,Metro,237.61,237.61,0,0.0,Shelf-talker,91,91,248,0,1,0,21622.51,0.251,0.251,5427.25
2023-05-29,S000,SKU017,Beverages,North,Metro,95.97,95.97,0,0.0,,24,24,80,0,1,0,2303.28,0.197,0.197,453.75
2023-05-29,S000,SKU020,Beverages,North,Metro,142.4,142.4,0,0.0,,74,74,396,0,1,0,10537.6,0.233,0.233,2455.26
2023-05-29,S000,SKU030,Beverages,North,Metro,34.82,34.82,0,0.0,,66,66,246,0,1,0,2298.12,0.331,0.331,760.68
2023-05-30,S000,SKU003,Beverages,North,Metro,164.84,164.84,0,0.0,,52,52,161,0,1,0,8571.68,0.173,0.173,1482.9
2023-05-30,S000,SKU012,Beverages,North,Metro,237.61,237.61,0,0.0,,81,81,167,0,1,0,19246.41,0.251,0.251,4830.85
2023-05-30,S000,SKU017,Beverages,North,Metro,95.97,95.97,0,0.0,Floor-stack,11,11,69,0,1,0,1055.67,0.197,0.197,207.97
2023-05-30,S000,SKU020,Beverages,North,Metro,142.4,142.4,0,0.0,End-cap,81,81,315,0,1,0,11534.4,0.233,0.233,2687.52
2023-05-30,S000,SKU030,Beverages,North,Metro,34.82,34.82,0,0.0,,64,64,182,0,1,0,2228.48,0.331,0.331,737.63
2023-05-31,S000,SKU003,Beverages,North,Metro,164.84,164.84,0,0.0,Floor-stack,60,60,101,0,1,0,9890.4,0.173,0.173,1711.04
2023-05-31,S000,SKU012,Beverages,North,Metro,237.61,237.61,0,0.0,,70,70,97,0,1,0,16632.7,0.251,0.251,4174.81
2023-05-31,S000,SKU017,Beverages,North,Metro,95.97,95.97,0,0.0,,28,28,41,0,1,0,2687.16,0.197,0.197,529.37
2023-05-31,S000,SKU020,Beverages,North,Metro,142.4,142.4,0,0.0,End-cap,72,72,243,0,1,0,10252.8,0.233,0.233,2388.9
2023-05-31,S000,SKU030,Beverages,North,Metro,34.82,34.82,0,0.0,,57,57,125,0,1,0,1984.74,0.331,0.331,656.95
2023-06-01,S000,SKU003,Beverages,North,Metro,164.84,164.84,0,0.0,Shelf-talker,50,50,51,0,1,0,8242.0,0.173,0.173,1425.87
2023-06-01,S000,SKU012,Beverages,North,Metro,237.61,237.61,0,0.0,End-cap,66,66,31,0,1,0,15682.26,0.251,0.251,3936.25
2023-06-01,S000,SKU017,Beverages,North,Metro,95.97,95.97,0,0.0,,22,22,19,0,1,0,2111.34,0.197,0.197,415.93
2023-06-01,S000,SKU020,Beverages,North,Metro,142.4,142.4,0,0.0,End-cap,57,57,186,0,1,0,8116.8,0.233,0.233,1891.21
2023-06-01,S000,SKU030,Beverages,North,Metro,34.82,34.82,0,0.0,End-cap,58,58,67,0,1,0,2019.56,0.331,0.331,668.47
2023-06-02,S000,SKU003,Beverages,North,Metro,164.84,164.84,0,0.0,,51,56,0,0,1,0,8406.84,0.173,0.173,1454.38
2023-06-02,S000,SKU012,Beverages,North,Metro,237.61,237.61,0,0.0,End-cap,31,68,0,0,1,0,7365.91,0.251,0.251,1848.84
2023-06-02,S000,SKU017,Beverages,North,Metro,95.97,95.97,0,0.0,,19,22,0,0,1,0,1823.43,0.197,0.197,359.22
2023-06-02,S000,SKU020,Beverages,North,Metro,142.4,142.4,0,0.0,,70,70,116,0,1,0,9968.0,0.233,0.233,2322.54
2023-06-02,S000,SKU030,Beverages,North,Metro,34.82,34.82,0,0.0,,57,57,10,0,1,0,1984.74,0.331,0.331,656.95
2023-06-03,S000,SKU003,Beverages,North,Metro,164.84,164.84,0,0.0,Shelf-talker,0,73,0,1,0,0,0.0,0.173,0.173,0.0
2023-06-03,S000,SKU012,Beverages,North,Metro,237.61,237.61,0,0.0,,0,75,0,1,0,0,0.0,0.251,0.251,0.0
2023-06-03,S000,SKU017,Beverages,North,Metro,95.97,95.97,0,0.0,,0,26,0,1,0,0,0.0,0.197,0.197,0.0
2023-06-03,S000,SKU020,Beverages,North,Metro,142.4,142.4,0,0.0,End-cap,66,66,50,1,0,0,9398.4,0.233,0.233,2189.83
2023-06-03,S000,SKU030,Beverages,North,Metro,34.82,34.82,0,0.0,,10,66,0,1,0,0,348.2,0.331,0.331,115.25
2023-06-04,S000,SKU003,Beverages,North,Metro,164.84,164.84,0,0.0,,55,55,279,1,0,0,9066.2,0.173,0.173,1568.45
2023-06-04,S000,SKU012,Beverages,North,Metro,237.61,237.61,0,0.0,,64,64,416,1,0,0,15207.04,0.251,0.251,3816.97
2023-06-04,S000,SKU017,Beverages,North,Metro,95.97,95.97,0,0.0,,19,19,139,1,0,0,1823.43,0.197,0.197,359.22
2023-06-04,S000,SKU020,Beverages,North,Metro,142.4,142.4,0,0.0,,84,84,457,1,0,0,11961.6,0.233,0.233,2787.05
2023-06-04,S000,SKU030,Beverages,North,Metro,34.82,34.82,0,0.0,End-cap,43,43,365,1,0,0,1497.26,0.331,0.331,495.59
2023-06-05,S000,SKU003,Beverages,North,Metro,164.84,164.84,0,0.0,,75,75,204,0,0,1,12363.0,0.173,0.173,2138.8
2023-06-05,S000,SKU012,Beverages,North,Metro,237.61,237.61,0,0.0,Shelf-talker,63,63,353,0,0,1,14969.43,0.251,0.251,3757.33
2023-06-05,S000,SKU017,Beverages,North,Metro,95.97,95.97,0,0.0,Shelf-talker,27,27,112,0,0,1,2591.19,0.197,0.197,510.46
2023-06-05,S000,SKU020,Beverages,North,Metro,142.4,142.4,0,0.0,End-cap,97,97,360,0,0,1,13812.8,0.233,0.233,3218.38
2023-06-05,S000,SKU030,Beverages,North,Metro,34.82,34.82,0,0.0,,84,84,280,0,0,1,2924.88,0.331,0.331,968.14
2023-06-06,S000,SKU003,Beverages,North,Metro,164.84,164.84,0,0.0,Shelf-talker,50,50,154,0,0,0,8242.0,0.173,0.173,1425.87
2023-06-06,S000,SKU012,Beverages,North,Metro,237.61,237.61,0,0.0,Floor-stack,65,65,288,0,0,0,15444.65,0.251,0.251,3876.61
2023-06-06,S000,SKU017,Beverages,North,Metro,95.97,95.97,0,0.0,,22,22,90,0,0,0,2111.34,0.197,0.197,415.93
2023-06-06,S000,SKU020,Beverages,North,Metro,142.4,142.4,0,0.0,,71,71,288,0,0,0,10110.4,0.233,0.233,2355.72
2023-06-06,S000,SKU030,Beverages,North,Metro,34.82,34.82,0,0.0,,71,71,209,0,0,0,2472.22,0.331,0.331,818.3
2023-06-07,S000,SKU003,Beverages,North,Metro,164.84,164.84,0,0.0,,34,34,120,0,0,0,5604.56,0.173,0.173,969.59
2023-06-07,S000,SKU012,Beverages,North,Metro,237.61,237.61,0,0.0,,55,55,233,0,0,0,13068.55,0.251,0.251,3280.21
2023-06-07,S000,SKU017,Beverages,North,Metro,95.97,95.97,0,0.0,,21,21,69,0,0,0,2015.37,0.197,0.197,397.03
2023-06-07,S000,SKU020,Beverages,North,Metro,142.4,142.4,0,0.0,,60,60,228,0,0,0,8544.0,0.233,0.233,1990.75
2023-06-07,S000,SKU030,Beverages,North,Metro,34.82,34.82,0,0.0,,49,49,161,0,0,0,1706.18,0.331,0.331,564.75
2023-06-08,S000,SKU003,Beverages,North,Metro,164.84,98.9,1,40.0,,70,70,50,0,0,0,6923.0,0.173,0.02,138.46
2023-06-08,S000,SKU012,Beverages,North,Metro,237.61,237.61,0,0.0,,61,64,168,0,0,0,14494.21,0.251,0.251,3638.05
2023-06-08,S000,SKU017,Beverages,North,Metro,95.97,95.97,0,0.0,,17,18,51,0,0,0,1631.49,0.197,0.197,321.4
2023-06-08,S000,SKU020,Beverages,North,Metro,142.4,142.4,0,0.0,,69,73,156,0,0,0,9825.6,0.233,0.233,2289.36
2023-06-08,S000,SKU030,Beverages,North,Metro,34.82,34.82,0,0.0,,61,64,97,0,0,0,2124.02,0.331,0.331,703.05
2023-06-09,S000,SKU003,Beverages,North,Metro,164.84,98.9,1,40.0,Floor-stack,50,75,0,0,0,0,4945.0,0.173,0.02,98.9
2023-06-09,S000,SKU012,Beverages,North,Metro,237.61,237.61,0,0.0,End-cap,69,71,97,0,0,0,16395.09,0.251,0.251,4115.17
2023-06-09,S000,SKU017,Beverages,North,Metro,95.97,95.97,0,0.0,End-cap,22,24,28,0,0,0,2111.34,0.197,0.197,415.93
2023-06-09,S000,SKU020,Beverages,North,Metro,142.4,142.4,0,0.0,,46,49,106,0,0,0,6550.4,0.233,0.233,1526.24
2023-06-09,S000,SKU030,Beverages,North,Metro,34.82,34.82,0,0.0,Shelf-talker,47,51,46,0,0,0,1636.54,0.331,0.331,541.69
2023-06-10,S000,SKU003,Beverages,North,Metro,164.84,98.9,1,40.0,Shelf-talker,0,93,0,1,0,0,0.0,0.173,0.02,0.0
2023-06-10,S000,SKU012,Beverages,North,Metro,237.61,237.61,0,0.0,,75,75,22,1,0,0,17820.75,0.251,0.251,4473.01
2023-06-10,S000,SKU017,Beverages,North,Metro,95.97,95.97,0,0.0,Shelf-talker,20,20,7,1,0,0,1919.4,0.197,0.197,378.12
2023-06-10,S000,SKU020,Beverages,North,Metro,142.4,142.4,0,0.0,,100,100,7,1,0,0,14240.0,0.233,0.233,3317.92
2023-06-10,S000,SKU030,Beverages,North,Metro,34.82,34.82,0,0.0,,46,59,0,1,0,0,1601.72,0.331,0.331,530.17
2023-06-11,S000,SKU003,Beverages,North,Metro,164.84,98.9,1,40.0,,108,108,292,1,0,0,10681.2,0.173,0.02,213.62
2023-06-11,S000,SKU012,Beverages,North,Metro,237.61,237.61,0,0.0,,71,73,433,1,0,0,16870.31,0.251,0.251,4234.45
2023-06-11,S000,SKU017,Beverages,North,Metro,95.97,95.97,0,0.0,Floor-stack,21,22,127,1,0,0,2015.37,0.197,0.197,397.03
2023-06-11,S000,SKU020,Beverages,North,Metro,142.4,142.4,0,0.0,,58,61,365,1,0,0,8259.2,0.233,0.233,1924.39
2023-06-11,S000,SKU030,Beverages,North,Metro,34.82,34.82,0,0.0,Floor-stack,58,61,280,1,0,0,2019.56,0.331,0.331,668.47
2023-06-12,S000,SKU003,Beverages,North,Metro,164.84,98.9,1,40.0,End-cap,98,98,194,0,0,0,9692.2,0.173,0.02,193.84
2023-06-12,S000,SKU012,Beverages,North,Metro,237.61,237.61,0,0.0,,81,87,346,0,0,0,19246.41,0.251,0.251,4830.85
2023-06-12,S000,SKU017,Beverages,North,Metro,95.97,67.18,1,30.0,Shelf-talker,40,40,87,0,0,0,2687.2,0.197,0.02,53.74
2023-06-12,S000,SKU020,Beverages,North,Metro,142.4,142.4,0,0.0,,36,38,327,0,0,0,5126.4,0.233,0.233,1194.45
2023-06-12,S000,SKU030,Beverages,North,Metro,34.82,34.82,0,0.0,,50,53,227,0,0,0,1741.0,0.331,0.331,576.27
2023-06-13,S000,SKU003,Beverages,North,Metro,164.84,98.9,1,40.0,Shelf-talker,108,108,87,0,0,0,10681.2,0.173,0.02,213.62
2023-06-13,S000,SKU012,Beverages,North,Metro,237.61,237.61,0,0.0,,53,57,289,0,0,0,12593.33,0.251,0.251,3160.93
2023-06-13,S000,SKU017,Beverages,North,Metro,95.97,67.18,1,30.0,,43,43,44,0,0,0,2888.74,0.197,0.02,57.77
2023-06-13,S000,SKU020,Beverages,North,Metro,142.4,142.4,0,0.0,,73,75,251,0,0,0,10395.2,0.233,0.233,2422.08
2023-06-13,S000,SKU030,Beverages,North,Metro,34.82,34.82,0,0.0,Shelf-talker,44,46,181,0,0,0,1532.08,0.331,0.331,507.12
2023-06-14,S000,SKU003,Beverages,North,Metro,164.84,98.9,1,40.0,End-cap,87,93,0,0,0,0,8604.3,0.173,0.02,172.09
2023-06-14,S000,SKU012,Beverages,North,Metro,237.61,190.09,1,20.0,,68,68,221,0,0,0,12926.12,0.251,0.131,1693.32
2023-06-14,S000,SKU017,Beverages,North,Metro,95.97,67.18,1,30.0,Shelf-talker,39,39,5,0,0,0,2620.02,0.197,0.02,52.4
2023-06-14,S000,SKU020,Beverages,North,Metro,142.4,142.4,0,0.0,,50,53,199,0,0,0,7120.0,0.233,0.233,1658.96
2023-06-14,S000,SKU030,Beverages,North,Metro,34.82,34.82,0,0.0,Floor-stack,56,58,123,0,0,0,1949.92,0.331,0.331,645.42
2023-06-15,S000,SKU003,Beverages,North,Metro,164.84,98.9,1,40.0,Floor-stack,0,81,0,0,0,0,0.0,0.173,0.02,0.0
2023-06-15,S000,SKU012,Beverages,North,Metro,237.61,190.09,1,20.0,,81,81,140,0,0,0,15397.29,0.251,0.131,2017.04
2023-06-15,S000,SKU017,Beverages,North,Metro,95.97,67.18,1,30.0,,5,50,0,0,0,0,335.9,0.197,0.02,6.72
2023-06-15,S000,SKU020,Beverages,North,Metro,142.4,142.4,0,0.0,End-cap,58,62,137,0,0,0,8259.2,0.233,0.233,1924.39
2023-06-15,S000,SKU030,Beverages,North,Metro,34.82,34.82,0,0.0,,46,48,75,0,0,0,1601.72,0.331,0.331,530.17
2023-06-16,S000,SKU003,Beverages,North,Metro,164.84,164.84,0,0.0,End-cap,0,28,0,0,0,0,0.0,0.173,0.173,0.0
2023-06-16,S000,SKU012,Beverages,North,Metro,237.61,190.09,1,20.0,Shelf-talker,109,109,31,0,0,0,20719.81,0.251,0.131,2714.3
2023-06-16,S000,SKU017,Beverages,North,Metro,95.97,95.97,0,0.0,End-cap,0,21,0,0,0,0,0.0,0.197,0.197,0.0
2023-06-16,S000,SKU020,Beverages,North,Metro,142.4,142.4,0,0.0,Floor-stack,47,49,88,0,0,0,6692.8,0.233,0.233,1559.42
2023-06-16,S000,SKU030,Beverages,North,Metro,34.82,34.82,0,0.0,End-cap,40,42,33,0,0,0,1392.8,0.331,0.331,461.02
2023-06-17,S000,SKU003,Beverages,North,Metro,164.84,164.84,0,0.0,,0,58,0,1,0,0,0.0,0.173,0.173,0.0
2023-06-17,S000,SKU012,Beverages,North,Metro,237.61,190.09,1,20.0,,31,82,0,1,0,0,5892.79,0.251,0.131,771.96
2023-06-17,S000,SKU017,Beverages,North,Metro,95.97,95.97,0,0.0,End-cap,0,25,0,1,0,0,0.0,0.197,0.197,0.0
2023-06-17,S000,SKU020,Beverages,North,Metro,142.4,142.4,0,0.0,Shelf-talker,85,108,0,1,0,0,12104.0,0.233,0.233,2820.23
2023-06-17,S000,SKU030,Beverages,North,Metro,34.82,34.82,0,0.0,,31,66,0,1,0,0,1079.42,0.331,0.331,357.29
2023-06-18,S000,SKU003,Beverages,North,Metro,164.84,164.84,0,0.0,,54,57,346,1,0,0,8901.36,0.173,0.173,1539.94
2023-06-18,S000,SKU012,Beverages,North,Metro,237.61,190.09,1,20.0,,92,92,267,1,0,0,17488.28,0.251,0.131,2290.96
2023-06-18,S000,SKU017,Beverages,North,Metro,95.97,95.97,0,0.0,,24,26,106,1,0,0,2303.28,0.197,0.197,453.75
2023-06-18,S000,SKU020,Beverages,North,Metro,142.4,142.4,0,0.0,Floor-stack,96,100,447,1,0,0,13670.4,0.233,0.233,3185.2
2023-06-18,S000,SKU030,Beverages,North,Metro,34.82,34.82,0,0.0,,56,58,363,1,0,0,1949.92,0.331,0.331,645.42
2023-06-19,S000,SKU003,Beverages,North,Metro,164.84,164.84,0,0.0,Shelf-talker,45,47,299,0,0,0,7417.8,0.173,0.173,1283.28
2023-06-19,S000,SKU012,Beverages,North,Metro,237.61,190.09,1,20.0,,102,102,165,0,0,0,19389.18,0.251,0.131,2539.98
2023-06-19,S000,SKU017,Beverages,North,Metro,95.97,95.97,0,0.0,,22,23,84,0,0,0,2111.34,0.197,0.197,415.93
2023-06-19,S000,SKU020,Beverages,North,Metro,142.4,142.4,0,0.0,Floor-stack,74,77,370,0,0,0,10537.6,0.233,0.233,2455.26
2023-06-19,S000,SKU030,Beverages,North,Metro,34.82,34.82,0,0.0,Shelf-talker,47,50,313,0,0,0,1636.54,0.331,0.331,541.69
2023-06-20,S000,SKU003,Beverages,North,Metro,164.84,164.84,0,0.0,Floor-stack,63,63,236,0,0,0,10384.92,0.173,0.173,1796.59
2023-06-20,S000,SKU012,Beverages,North,Metro,237.61,237.61,0,0.0,Shelf-talker,52,52,113,0,0,0,12355.72,0.251,0.251,3101.29
2023-06-20,S000,SKU017,Beverages,North,Metro,95.97,95.97,0,0.0,End-cap,21,21,63,0,0,0,2015.37,0.197,0.197,397.03
2023-06-20,S000,SKU020,Beverages,North,Metro,142.4,142.4,0,0.0,,61,61,309,0,0,0,8686.4,0.233,0.233,2023.93
2023-06-20,S000,SKU030,Beverages,North,Metro,34.82,34.82,0,0.0,,52,52,261,0,0,0,1810.64,0.331,0.331,599.32
2023-06-21,S000,SKU003,Beverages,North,Metro,164.84,164.84,0,0.0,,56,56,181,0,0,0,9231.04,0.173,0.173,1596.97
2023-06-21,S000,SKU012,Beverages,North,Metro,237.61,237.61,0,0.0,,54,54,59,0,0,0,12830.94,0.251,0.251,3220.57
2023-06-21,S000,SKU017,Beverages,North,Metro,95.97,95.97,0,0.0,,13,13,49,0,0,0,1247.61,0.197,0.197,245.78
2023-06-21,S000,SKU020,Beverages,North,Metro,142.4,142.4,0,0.0,,71,71,238,0,0,0,10110.4,0.233,0.233,2355.72
2023-06-21,S000,SKU030,Beverages,North,Metro,34.82,34.82,0,0.0,Shelf-talker,40,40,221,0,0,0,1392.8,0.331,0.331,461.02
2023-06-22,S000,SKU003,Beverages,North,Metro,164.84,164.84,0,0.0,,52,52,129,0,0,0,8571.68,0.173,0.173,1482.9
2023-06-22,S000,SKU012,Beverages,North,Metro,237.61,237.61,0,0.0,,59,66,0,0,0,0,14018.99,0.251,0.251,3518.77
2023-06-22,S000,SKU017,Beverages,North,Metro,95.97,95.97,0,0.0,End-cap,24,24,26,0,0,0,2303.28,0.197,0.197,453.75
2023-06-22,S000,SKU020,Beverages,North,Metro,142.4,142.4,0,0.0,,60,60,178,0,0,0,8544.0,0.233,0.233,1990.75
2023-06-22,S000,SKU030,Beverages,North,Metro,34.82,34.82,0,0.0,Shelf-talker,66,66,155,0,0,0,2298.12,0.331,0.331,760.68
2023-06-23,S000,SKU003,Beverages,North,Metro,164.84,164.84,0,0.0,Shelf-talker,38,38,91,0,0,0,6263.92,0.173,0.173,1083.66
2023-06-23,S000,SKU012,Beverages,North,Metro,237.61,237.61,0,0.0,End-cap,0,48,0,0,0,0,0.0,0.251,0.251,0.0
2023-06-23,S000,SKU017,Beverages,North,Metro,95.97,95.97,0,0.0,,20,20,5,0,0,0,1919.4,0.197,0.197,378.12
2023-06-23,S000,SKU020,Beverages,North,Metro,142.4,142.4,0,0.0,,73,73,105,0,0,0,10395.2,0.233,0.233,2422.08
2023-06-23,S000,SKU030,Beverages,North,Metro,34.82,34.82,0,0.0,End-cap,60,60,95,0,0,0,2089.2,0.331,0.331,691.53
2023-06-24,S000,SKU003,Beverages,North,Metro,164.84,164.84,0,0.0,,52,52,39,1,0,0,8571.68,0.173,0.173,1482.9
2023-06-24,S000,SKU012,Beverages,North,Metro,237.61,237.61,0,0.0,End-cap,0,51,0,1,0,0,0.0,0.251,0.251,0.0
2023-06-24,S000,SKU017,Beverages,North,Metro,95.97,95.97,0,0.0,End-cap,5,28,0,1,0,0,479.85,0.197,0.197,94.53
2023-06-24,S000,SKU020,Beverages,North,Metro,142.4,142.4,0,0.0,Shelf-talker,70,70,36,1,0,0,9968.0,0.233,0.233,2322.54
2023-06-24,S000,SKU030,Beverages,North,Metro,34.82,34.82,0,0.0,End-cap,58,58,36,1,0,0,2019.56,0.331,0.331,668.47
2023-06-25,S000,SKU003,Beverages,North,Metro,164.84,164.84,0,0.0,,56,56,383,1,0,0,9231.04,0.173,0.173,1596.97
2023-06-25,S000,SKU012,Beverages,North,Metro,237.61,237.61,0,0.0,Shelf-talker,52,52,430,1,0,0,12355.72,0.251,0.251,3101.29
2023-06-25,S000,SKU017,Beverages,North,Metro,95.97,95.97,0,0.0,Shelf-talker,23,23,146,1,0,0,2207.31,0.197,0.197,434.84
2023-06-25,S000,SKU020,Beverages,North,Metro,142.4,142.4,0,0.0,Shelf-talker,97,97,479,1,0,0,13812.8,0.233,0.233,3218.38
2023-06-25,S000,SKU030,Beverages,North,Metro,34.82,34.82,0,0.0,Shelf-talker,66,66,369,1,0,0,2298.12,0.331,0.331,760.68
2023-06-26,S000,SKU003,Beverages,North,Metro,164.84,164.84,0,0.0,Shelf-talker,37,39,343,0,0,0,6099.08,0.173,0.173,1055.14
2023-06-26,S000,SKU012,Beverages,North,Metro,237.61,237.61,0,0.0,,58,61,369,0,0,0,13781.38,0.251,0.251,3459.13
2023-06-26,S000,SKU017,Beverages,North,Metro,95.97,95.97,0,0.0,,12,13,133,0,0,0,1151.64,0.197,0.197,226.87
2023-06-26,S000,SKU020,Beverages,North,Metro,142.4,142.4,0,0.0,End-cap,51,55,424,0,0,0,7262.4,0.233,0.233,1692.14
2023-06-26,S000,SKU030,Beverages,North,Metro,34.82,24.37,1,30.0,,106,106,262,0,0,0,2583.22,0.331,0.151,390.07
2023-06-27,S000,SKU003,Beverages,North,Metro,164.84,164.84,0,0.0,Shelf-talker,47,50,294,0,0,0,7747.48,0.173,0.173,1340.31
2023-06-27,S000,SKU012,Beverages,North,Metro,237.61,237.61,0,0.0,,56,58,311,0,0,0,13306.16,0.251,0.251,3339.85
2023-06-27,S000,SKU017,Beverages,North,Metro,95.97,95.97,0,0.0,,11,12,121,0,0,0,1055.67,0.197,0.197,207.97
2023-06-27,S000,SKU020,Beverages,North,Metro,142.4,142.4,0,0.0,Shelf-talker,54,57,367,0,0,0,7689.6,0.233,0.233,1791.68
2023-06-27,S000,SKU030,Beverages,North,Metro,34.82,24.37,1,30.0,End-cap,99,99,163,0,0,0,2412.63,0.331,0.151,364.31
2023-06-28,S000,SKU003,Beverages,North,Metro,164.84,164.84,0,0.0,Shelf-talker,55,57,237,0,1,0,9066.2,0.173,0.173,1568.45
2023-06-28,S000,SKU012,Beverages,North,Metro,237.61,237.61,0,0.0,,55,57,254,0,1,0,13068.55,0.251,0.251,3280.21
2023-06-28,S000,SKU017,Beverages,North,Metro,95.97,95.97,0,0.0,End-cap,19,20,102,0,1,0,1823.43,0.197,0.197,359.22
2023-06-28,S000,SKU020,Beverages,North,Metro,142.4,142.4,0,0.0,End-cap,62,65,302,0,1,0,8828.8,0.233,0.233,2057.11
2023-06-28,S000,SKU030,Beverages,North,Metro,34.82,24.37,1,30.0,,151,151,13,0,1,0,3679.87,0.331,0.151,555.66
2023-06-29,S000,SKU003,Beverages,North,Metro,164.84,164.84,0,0.0,End-cap,42,43,193,0,1,0,6923.28,0.173,0.173,1197.73
2023-06-29,S000,SKU012,Beverages,North,Metro,237.61,237.61,0,0.0,End-cap,48,51,203,0,1,0,11405.28,0.251,0.251,2862.73
2023-06-29,S000,SKU017,Beverages,North,Metro,95.97,95.97,0,0.0,,25,26,76,0,1,0,2399.25,0.197,0.197,472.65
2023-06-29,S000,SKU020,Beverages,North,Metro,142.4,142.4,0,0.0,,70,74,228,0,1,0,9968.0,0.233,0.233,2322.54
2023-06-29,S000,SKU030,Beverages,North,Metro,34.82,24.37,1,30.0,,13,108,0,0,1,0,316.81,0.331,0.151,47.84
2023-06-30,S000,SKU003,Beverages,North,Metro,164.84,164.84,0,0.0,,62,65,128,0,1,0,10220.08,0.173,0.173,1768.07
2023-06-30,S000,SKU012,Beverages,North,Metro,237.61,237.61,0,0.0,,58,62,141,0,1,0,13781.38,0.251,0.251,3459.13
2023-06-30,S000,SKU017,Beverages,North,Metro,95.97,71.98,1,25.0,,57,57,19,0,1,0,4102.86,0.197,0.047,192.83
2023-06-30,S000,SKU020,Beverages,North,Metro,142.4,142.4,0,0.0,,63,66,162,0,1,0,8971.2,0.233,0.233,2090.29
2023-06-30,S000,SKU030,Beverages,North,Metro,34.82,24.37,1,30.0,,0,137,0,0,1,0,0.0,0.331,0.151,0.0
2023-07-01,S000,SKU003,Beverages,North,Metro,164.84,164.84,0,0.0,Floor-stack,61,65,63,1,1,0,10055.24,0.173,0.173,1739.56
2023-07-01,S000,SKU012,Beverages,North,Metro,237.61,237.61,0,0.0,,89,93,49,1,1,0,21147.29,0.251,0.251,5307.97
2023-07-01,S000,SKU017,Beverages,North,Metro,95.97,71.98,1,25.0,End-cap,19,58,0,1,1,0,1367.62,0.197,0.047,64.28
2023-07-01,S000,SKU020,Beverages,North,Metro,142.4,142.4,0,0.0,Floor-stack,87,92,70,1,1,0,12388.8,0.233,0.233,2886.59
2023-07-01,S000,SKU030,Beverages,North,Metro,34.82,24.37,1,30.0,,0,101,0,1,1,0,0.0,0.331,0.151,0.0
2023-07-02,S000,SKU003,Beverages,North,Metro,164.84,164.84,0,0.0,,42,44,324,1,1,0,6923.28,0.173,0.173,1197.73
2023-07-02,S000,SKU012,Beverages,North,Metro,237.61,237.61,0,0.0,,62,65,442,1,1,0,14731.82,0.251,0.251,3697.69
2023-07-02,S000,SKU017,Beverages,North,Metro,95.97,71.98,1,25.0,,45,45,93,1,1,0,3239.1,0.197,0.047,152.24
2023-07-02,S000,SKU020,Beverages,North,Metro,142.4,142.4,0,0.0,End-cap,73,77,418,1,1,0,10395.2,0.233,0.233,2422.08
2023-07-02,S000,SKU030,Beverages,North,Metro,34.82,24.37,1,30.0,,105,105,340,1,1,0,2558.85,0.331,0.151,386.39
2023-07-03,S000,SKU003,Beverages,North,Metro,164.84,164.84,0,0.0,,42,44,281,0,0,0,6923.28,0.173,0.173,1197.73
2023-07-03,S000,SKU012,Beverages,North,Metro,237.61,166.33,1,30.0,Floor-stack,79,79,364,0,0,0,13140.07,0.251,0.071,932.94
2023-07-03,S000,SKU017,Beverages,North,Metro,95.97,95.97,0,0.0,End-cap,16,17,76,0,0,0,1535.52,0.197,0.197,302.5
2023-07-03,S000,SKU020,Beverages,North,Metro,142.4,142.4,0,0.0,,64,67,351,0,0,0,9113.6,0.233,0.233,2123.47
2023-07-03,S000,SKU030,Beverages,North,Metro,34.82,24.37,1,30.0,End-cap,121,121,219,0,0,0,2948.77,0.331,0.151,445.26
2023-07-04,S000,SKU003,Beverages,North,Metro,164.84,164.84,0,0.0,Shelf-talker,43,46,234,0,0,0,7088.12,0.173,0.173,1226.24
2023-07-04,S000,SKU012,Beverages,North,Metro,237.61,166.33,1,30.0,,70,70,294,0,0,0,11643.1,0.251,0.071,826.66
2023-07-04,S000,SKU017,Beverages,North,Metro,95.97,95.97,0,0.0,,23,24,52,0,0,0,2207.31,0.197,0.197,434.84
2023-07-04,S000,SKU020,Beverages,North,Metro,142.4,142.4,0,0.0,,70,75,277,0,0,0,9968.0,0.233,0.233,2322.54
2023-07-04,S000,SKU030,Beverages,North,Metro,34.82,34.82,0,0.0,End-cap,46,47,172,0,0,0,1601.72,0.331,0.331,530.17
2023-07-05,S000,SKU003,Beverages,North,Metro,164.84,164.84,0,0.0,End-cap,50,52,182,0,0,0,8242.0,0.173,0.173,1425.87
2023-07-05,S000,SKU012,Beverages,North,Metro,237.61,166.33,1,30.0,,83,83,210,0,0,0,13805.39,0.251,0.071,980.18
2023-07-05,S000,SKU017,Beverages,North,Metro,95.97,81.57,1,15.0,,26,26,26,0,0,0,2120.82,0.197,0.107,226.93
2023-07-05,S000,SKU020,Beverages,North,Metro,142.4,142.4,0,0.0,Shelf-talker,55,59,217,0,0,0,7832.0,0.233,0.233,1824.86
2023-07-05,S000,SKU030,Beverages,North,Metro,34.82,20.89,1,40.0,Floor-stack,78,78,94,0,0,0,1629.42,0.331,0.091,148.28
2023-07-06,S000,SKU003,Beverages,North,Metro,164.84,164.84,0,0.0,Shelf-talker,40,42,141,0,0,0,6593.6,0.173,0.173,1140.69
2023-07-06,S000,SKU012,Beverages,North,Metro,237.61,237.61,0,0.0,Floor-stack,54,57,154,0,0,0,12830.94,0.251,0.251,3220.57
2023-07-06,S000,SKU017,Beverages,North,Metro,95.97,81.57,1,15.0,,26,47,0,0,0,0,2120.82,0.197,0.107,226.93
2023-07-06,S000,SKU020,Beverages,North,Metro,142.4,142.4,0,0.0,Shelf-talker,77,82,135,0,0,0,10964.8,0.233,0.233,2554.8
2023-07-06,S000,SKU030,Beverages,North,Metro,34.82,20.89,1,40.0,Shelf-talker,94,98,0,0,0,0,1963.66,0.331,0.091,178.69
2023-07-07,S000,SKU003,Beverages,North,Metro,164.84,164.84,0,0.0,,51,51,90,0,0,0,8406.84,0.173,0.173,1454.38
2023-07-07,S000,SKU012,Beverages,North,Metro,237.61,237.61,0,0.0,End-cap,74,74,80,0,0,0,17583.14,0.251,0.251,4413.37
2023-07-07,S000,SKU017,Beverages,North,Metro,95.97,81.57,1,15.0,Floor-stack,0,45,0,0,0,0,0.0,0.197,0.107,0.0
2023-07-07,S000,SKU020,Beverages,North,Metro,142.4,142.4,0,0.0,,70,70,65,0,0,0,9968.0,0.233,0.233,2322.54
2023-07-07,S000,SKU030,Beverages,North,Metro,34.82,20.89,1,40.0,Shelf-talker,0,121,0,0,0,0,0.0,0.331,0.091,0.0
2023-07-08,S000,SKU003,Beverages,North,Metro,164.84,164.84,0,0.0,Floor-stack,57,57,32,1,0,0,9395.88,0.173,0.173,1625.49
2023-07-08,S000,SKU012,Beverages,North,Metro,237.61,237.61,0,0.0,End-cap,70,70,10,1,0,0,16632.7,0.251,0.251,4174.81
2023-07-08,S000,SKU017,Beverages,North,Metro,95.97,81.57,1,15.0,,0,59,0,1,0,0,0.0,0.197,0.107,0.0
2023-07-08,S000,SKU020,Beverages,North,Metro,142.4,142.4,0,0.0,Floor-stack,65,102,0,1,0,0,9256.0,0.233,0.233,2156.65
2023-07-08,S000,SKU030,Beverages,North,Metro,34.82,34.82,0,0.0,Floor-stack,0,55,0,1,0,0,0.0,0.331,0.331,0.0
2023-07-09,S000,SKU003,Beverages,North,Metro,164.84,164.84,0,0.0,End-cap,42,42,330,1,0,0,6923.28,0.173,0.173,1197.73
2023-07-09,S000,SKU012,Beverages,North,Metro,237.61,237.61,0,0.0,End-cap,66,66,410,1,0,0,15682.26,0.251,0.251,3936.25
2023-07-09,S000,SKU017,Beverages,North,Metro,95.97,95.97,0,0.0,,26,26,109,1,0,0,2495.22,0.197,0.197,491.56
2023-07-09,S000,SKU020,Beverages,North,Metro,142.4,142.4,0,0.0,,73,73,382,1,0,0,10395.2,0.233,0.233,2422.08
2023-07-09,S000,SKU030,Beverages,North,Metro,34.82,34.82,0,0.0,Shelf-talker,64,64,353,1,0,0,2228.48,0.331,0.331,737.63
2023-07-10,S000,SKU003,Beverages,North,Metro,164.84,164.84,0,0.0,End-cap,33,33,297,0,0,0,5439.72,0.173,0.173,941.07
2023-07-10,S000,SKU012,Beverages,North,Metro,237.61,237.61,0,0.0,,62,62,348,0,0,0,14731.82,0.251,0.251,3697.69
2023-07-10,S000,SKU017,Beverages,North,Metro,95.97,95.97,0,0.0,,18,18,91,0,0,0,1727.46,0.197,0.197,340.31
2023-07-10,S000,SKU020,Beverages,North,Metro,142.4,142.4,0,0.0,Floor-stack,41,41,341,0,0,0,5838.4,0.233,0.233,1360.35
2023-07-10,S000,SKU030,Beverages,North,Metro,34.82,34.82,0,0.0,,34,34,319,0,0,0,1183.88,0.331,0.331,391.86
2023-07-11,S000,SKU003,Beverages,North,Metro,164.84,164.84,0,0.0,Floor-stack,53,53,244,0,0,0,8736.52,0.173,0.173,1511.42
2023-07-11,S000,SKU012,Beverages,North,Metro,237.61,237.61,0,0.0,Shelf-talker,60,60,288,0,0,0,14256.6,0.251,0.251,3578.41
2023-07-11,S000,SKU017,Beverages,North,Metro,95.97,95.97,0,0.0,End-cap,21,21,70,0,0,0,2015.37,0.197,0.197,397.03
2023-07-11,S000,SKU020,Beverages,North,Metro,142.4,142.4,0,0.0,End-cap,51,51,290,0,0,0,7262.4,0.233,0.233,1692.14
2023-07-11,S000,SKU030,Beverages,North,Metro,34.82,34.82,0,0.0,,47,47,272,0,0,0,1636.54,0.331,0.331,541.69
2023-07-12,S000,SKU003,Beverages,North,Metro,164.84,164.84,0,0.0,,54,54,190,0,0,0,8901.36,0.173,0.173,1539.94
2023-07-12,S000,SKU012,Beverages,North,Metro,237.61,237.61,0,0.0,,48,48,240,0,0,0,11405.28,0.251,0.251,2862.73
2023-07-12,S000,SKU017,Beverages,North,Metro,95.97,95.97,0,0.0,End-cap,23,23,48,0,0,0,2207.31,0.197,0.197,434.84
2023-07-12,S000,SKU020,Beverages,North,Metro,142.4,142.4,0,0.0,End-cap,52,52,238,0,0,0,7404.8,0.233,0.233,1725.32
2023-07-12,S000,SKU030,Beverages,North,Metro,34.82,34.82,0,0.0,,60,60,212,0,0,0,2089.2,0.331,0.331,691.53
2023-07-13,S000,SKU003,Beverages,North,Metro,164.84,164.84,0,0.0,End-cap,47,47,143,0,0,0,7747.48,0.173,0.173,1340.31
2023-07-13,S000,SKU012,Beverages,North,Metro,237.61,237.61,0,0.0,Floor-stack,75,75,165,0,0,0,17820.75,0.251,0.251,4473.01
2023-07-13,S000,SKU017,Beverages,North,Metro,95.97,95.97,0,0.0,,17,17,31,0,0,0,1631.49,0.197,0.197,321.4
2023-07-13,S000,SKU020,Beverages,North,Metro,142.4,142.4,0,0.0,Floor-stack,48,48,189,0,0,0,6835.2,0.233,0.233,1592.6
2023-07-13,S000,SKU030,Beverages,North,Metro,34.82,34.82,0,0.0,,44,44,168,0,0,0,1532.08,0.331,0.331,507.12
2023-07-14,S000,SKU003,Beverages,North,Metro,164.84,164.84,0,0.0,End-cap,56,56,87,0,0,0,9231.04,0.173,0.173,1596.97
2023-07-14,S000,SKU012,Beverages,North,Metro,237.61,237.61,0,0.0,,53,53,112,0,0,0,12593.33,0.251,0.251,3160.93
2023-07-14,S000,SKU017,Beverages,North,Metro,95.97,95.97,0,0.0,,16,16,15,0,0,0,1535.52,0.197,0.197,302.5
2023-07-14,S000,SKU020,Beverages,North,Metro,142.4,142.4,0,0.0,Shelf-talker,35,35,154,0,0,0,4984.0,0.233,0.233,1161.27
2023-07-14,S000,SKU030,Beverages,North,Metro,34.82,34.82,0,0.0,Shelf-talker,39,39,129,0,0,0,1357.98,0.331,0.331,449.49
2023-07-15,S000,SKU003,Beverages,North,Metro,164.84,164.84,0,0.0,Shelf-talker,85,85,2,1,0,1,14011.4,0.173,0.173,2423.97
2023-07-15,S000,SKU012,Beverages,North,Metro,237.61,237.61,0,0.0,End-cap,90,90,22,1,0,1,21384.9,0.251,0.251,5367.61
2023-07-15,S000,SKU017,Beverages,North,Metro,95.97,95.97,0,0.0,,15,30,0,1,0,1,1439.55,0.197,0.197,283.59
2023-07-15,S000,SKU020,Beverages,North,Metro,142.4,142.4,0,0.0,,112,112,42,1,0,1,15948.8,0.233,0.233,3716.07
2023-07-15,S000,SKU030,Beverages,North,Metro,34.82,34.82,0,0.0,,71,71,58,1,0,1,2472.22,0.331,0.331,818.3
2023-07-16,S000,SKU003,Beverages,North,Metro,164.84,164.84,0,0.0,Shelf-talker,62,62,322,1,0,0,10220.08,0.173,0.173,1768.07
2023-07-16,S000,SKU012,Beverages,North,Metro,237.61,237.61,0,0.0,,74,74,417,1,0,0,17583.14,0.251,0.251,4413.37
2023-07-16,S000,SKU017,Beverages,North,Metro,95.97,95.97,0,0.0,End-cap,21,21,152,1,0,0,2015.37,0.197,0.197,397.03
2023-07-16,S000,SKU020,Beverages,North,Metro,142.4,142.4,0,0.0,Shelf-talker,49,49,524,1,0,0,6977.6,0.233,0.233,1625.78
2023-07-16,S000,SKU030,Beverages,North,Metro,34.82,34.82,0,0.0,Shelf-talker,57,57,448,1,0,0,1984.74,0.331,0.331,656.95
2023-07-17,S000,SKU003,Beverages,North,Metro,164.84,164.84,0,0.0,End-cap,37,37,285,0,0,0,6099.08,0.173,0.173,1055.14
2023-07-17,S000,SKU012,Beverages,North,Metro,237.61,237.61,0,0.0,,57,57,360,0,0,0,13543.77,0.251,0.251,3399.49
2023-07-17,S000,SKU017,Beverages,North,Metro,95.97,95.97,0,0.0,Shelf-talker,24,24,128,0,0,0,2303.28,0.197,0.197,453.75
2023-07-17,S000,SKU020,Beverages,North,Metro,142.4,142.4,0,0.0,,68,68,456,0,0,0,9683.2,0.233,0.233,2256.19
2023-07-17,S000,SKU030,Beverages,North,Metro,34.82,34.82,0,0.0,,58,58,390,0,0,0,2019.56,0.331,0.331,668.47
2023-07-18,S000,SKU003,Beverages,North,Metro,164.84,164.84,0,0.0,,58,58,227,0,0,0,9560.72,0.173,0.173,1654.0
2023-07-18,S000,SKU012,Beverages,North,Metro,237.61,237.61,0,0.0,,68,68,292,0,0,0,16157.48,0.251,0.251,4055.53
2023-07-18,S000,SKU017,Beverages,North,Metro,95.97,95.97,0,0.0,End-cap,17,17,111,0,0,0,1631.49,0.197,0.197,321.4
2023-07-18,S000,SKU020,Beverages,North,Metro,142.4,142.4,0,0.0,,82,82,374,0,0,0,11676.8,0.233,0.233,2720.69
2023-07-18,S000,SKU030,Beverages,North,Metro,34.82,34.82,0,0.0,Floor-stack,55,55,336,0,0,0,1915.1,0.331,0.331,633.9
2023-07-19,S000,SKU003,Beverages,North,Metro,164.84,164.84,0,0.0,,48,48,178,0,0,0,7912.32,0.173,0.173,1368.83
2023-07-19,S000,SKU012,Beverages,North,Metro,237.61,237.61,0,0.0,Shelf-talker,48,48,244,0,0,0,11405.28,0.251,0.251,2862.73
2023-07-19,S000,SKU017,Beverages,North,Metro,95.97,95.97,0,0.0,End-cap,20,20,92,0,0,0,1919.4,0.197,0.197,378.12
2023-07-19,S000,SKU020,Beverages,North,Metro,142.4,142.4,0,0.0,End-cap,50,50,324,0,0,0,7120.0,0.233,0.233,1658.96
2023-07-19,S000,SKU030,Beverages,North,Metro,34.82,34.82,0,0.0,,56,56,279,0,0,0,1949.92,0.331,0.331,645.42
2023-07-20,S000,SKU003,Beverages,North,Metro,164.84,164.84,0,0.0,Floor-stack,56,56,122,0,0,1,9231.04,0.173,0.173,1596.97
2023-07-20,S000,SKU012,Beverages,North,Metro,237.61,237.61,0,0.0,,83,83,161,0,0,1,19721.63,0.251,0.251,4950.13
2023-07-20,S000,SKU017,Beverages,North,Metro,95.97,95.97,0,0.0,,31,31,61,0,0,1,2975.07,0.197,0.197,586.09
2023-07-20,S000,SKU020,Beverages,North,Metro,142.4,142.4,0,0.0,,85,85,239,0,0,1,12104.0,0.233,0.233,2820.23
2023-07-20,S000,SKU030,Beverages,North,Metro,34.82,34.82,0,0.0,,70,70,209,0,0,1,2437.4,0.331,0.331,806.78
2023-07-21,S000,SKU003,Beverages,North,Metro,164.84,164.84,0,0.0,Floor-stack,39,39,83,0,0,0,6428.76,0.173,0.173,1112.18
2023-07-21,S000,SKU012,Beverages,North,Metro,237.61,237.61,0,0.0,Floor-stack,55,55,106,0,0,0,13068.55,0.251,0.251,3280.21
2023-07-21,S000,SKU017,Beverages,North,Metro,95.97,95.97,0,0.0,End-cap,24,24,37,0,0,0,2303.28,0.197,0.197,453.75
2023-07-21,S000,SKU020,Beverages,North,Metro,142.4,142.4,0,0.0,,54,54,184,0,0,0,7689.6,0.233,0.233,1791.68
2023-07-21,S000,SKU030,Beverages,North,Metro,34.82,34.82,0,0.0,Floor-stack,45,45,164,0,0,0,1566.9,0.331,0.331,518.64
2023-07-22,S000,SKU003,Beverages,North,Metro,164.84,164.84,0,0.0,Floor-stack,58,58,25,1,0,0,9560.72,0.173,0.173,1654.0
2023-07-22,S000,SKU012,Beverages,North,Metro,237.61,237.61,0,0.0,,79,79,27,1,0,0,18771.19,0.251,0.251,4711.57
2023-07-22,S000,SKU017,Beverages,North,Metro,95.97,95.97,0,0.0,End-cap,25,25,12,1,0,0,2399.25,0.197,0.197,472.65
2023-07-22,S000,SKU020,Beverages,North,Metro,142.4,142.4,0,0.0,,85,85,100,1,0,0,12104.0,0.233,0.233,2820.23
2023-07-22,S000,SKU030,Beverages,North,Metro,34.82,34.82,0,0.0,,55,55,109,1,0,0,1915.1,0.331,0.331,633.9
2023-07-23,S000,SKU003,Beverages,North,Metro,164.84,164.84,0,0.0,,39,39,313,1,0,0,6428.76,0.173,0.173,1112.18
2023-07-23,S000,SKU012,Beverages,North,Metro,237.61,237.61,0,0.0,End-cap,65,65,388,1,0,0,15444.65,0.251,0.251,3876.61
2023-07-23,S000,SKU017,Beverages,North,Metro,95.97,95.97,0,0.0,,26,26,150,1,0,0,2495.22,0.197,0.197,491.56
2023-07-23,S000,SKU020,Beverages,North,Metro,142.4,142.4,0,0.0,,58,58,491,1,0,0,8259.2,0.233,0.233,1924.39
2023-07-23,S000,SKU030,Beverages,North,Metro,34.82,34.82,0,0.0,End-cap,69,69,425,1,0,0,2402.58,0.331,0.331,795.25
2023-07-24,S000,SKU003,Beverages,North,Metro,164.84,164.84,0,0.0,,50,50,264,0,0,0,8242.0,0.173,0.173,1425.87
2023-07-24,S000,SKU012,Beverages,North,Metro,237.61,237.61,0,0.0,End-cap,50,50,338,0,0,0,11880.5,0.251,0.251,2982.01
2023-07-24,S000,SKU017,Beverages,North,Metro,95.97,95.97,0,0.0,Floor-stack,16,16,135,0,0,0,1535.52,0.197,0.197,302.5
2023-07-24,S000,SKU020,Beverages,North,Metro,142.4,142.4,0,0.0,,57,57,434,0,0,0,8116.8,0.233,0.233,1891.21
2023-07-24,S000,SKU030,Beverages,North,Metro,34.82,34.82,0,0.0,,66,66,360,0,0,0,2298.12,0.331,0.331,760.68
2023-07-25,S000,SKU003,Beverages,North,Metro,164.84,164.84,0,0.0,Shelf-talker,37,37,227,0,0,0,6099.08,0.173,0.173,1055.14
2023-07-25,S000,SKU012,Beverages,North,Metro,237.61,237.61,0,0.0,,60,60,277,0,0,0,14256.6,0.251,0.251,3578.41
2023-07-25,S000,SKU017,Beverages,North,Metro,95.97,95.97,0,0.0,,23,23,112,0,0,0,2207.31,0.197,0.197,434.84
2023-07-25,S000,SKU020,Beverages,North,Metro,142.4,142.4,0,0.0,Shelf-talker,70,70,363,0,0,0,9968.0,0.233,0.233,2322.54
2023-07-25,S000,SKU030,Beverages,North,Metro,34.82,34.82,0,0.0,Shelf-talker,42,42,317,0,0,0,1462.44,0.331,0.331,484.07
2023-07-26,S000,SKU003,Beverages,North,Metro,164.84,164.84,0,0.0,Shelf-talker,47,47,180,0,0,0,7747.48,0.173,0.173,1340.31
2023-07-26,S000,SKU012,Beverages,North,Metro,237.61,237.61,0,0.0,End-cap,57,57,220,0,0,0,13543.77,0.251,0.251,3399.49
2023-07-26,S000,SKU017,Beverages,North,Metro,95.97,95.97,0,0.0,End-cap,24,24,88,0,0,0,2303.28,0.197,0.197,453.75
2023-07-26,S000,SKU020,Beverages,North,Metro,142.4,142.4,0,0.0,,58,58,305,0,0,0,8259.2,0.233,0.233,1924.39
2023-07-26,S000,SKU030,Beverages,North,Metro,34.82,34.82,0,0.0,End-cap,42,42,276,0,0,0,1462.44,0.331,0.331,484.07
2023-07-27,S000,SKU003,Beverages,North,Metro,164.84,164.84,0,0.0,,40,40,140,0,0,0,6593.6,0.173,0.173,1140.69
2023-07-27,S000,SKU012,Beverages,North,Metro,237.61,237.61,0,0.0,End-cap,45,45,175,0,0,0,10692.45,0.251,0.251,2683.8
2023-07-27,S000,SKU017,Beverages,North,Metro,95.97,95.97,0,0.0,End-cap,13,13,75,0,0,0,1247.61,0.197,0.197,245.78
2023-07-27,S000,SKU020,Beverages,North,Metro,142.4,142.4,0,0.0,End-cap,41,41,264,0,0,0,5838.4,0.233,0.233,1360.35
2023-07-27,S000,SKU030,Beverages,North,Metro,34.82,34.82,0,0.0,Shelf-talker,41,41,235,0,0,0,1427.62,0.331,0.331,472.54
2023-07-28,S000,SKU003,Beverages,North,Metro,164.84,164.84,0,0.0,End-cap,50,50,90,0,1,0,8242.0,0.173,0.173,1425.87
2023-07-28,S000,SKU012,Beverages,North,Metro,237.61,237.61,0,0.0,End-cap,79,79,96,0,1,0,18771.19,0.251,0.251,4711.57
2023-07-28,S000,SKU017,Beverages,North,Metro,95.97,95.97,0,0.0,Shelf-talker,30,30,45,0,1,0,2879.1,0.197,0.197,567.18
2023-07-28,S000,SKU020,Beverages,North,Metro,142.4,142.4,0,0.0,,85,85,179,0,1,0,12104.0,0.233,0.233,2820.23
2023-07-28,S000,SKU030,Beverages,North,Metro,34.82,34.82,0,0.0,,70,70,166,0,1,0,2437.4,0.331,0.331,806.78
2023-07-29,S000,SKU003,Beverages,North,Metro,164.84,164.84,0,0.0,,55,55,35,1,1,0,9066.2,0.173,0.173,1568.45
2023-07-29,S000,SKU012,Beverages,North,Metro,237.61,237.61,0,0.0,End-cap,87,87,9,1,1,0,20672.07,0.251,0.251,5188.69
2023-07-29,S000,SKU017,Beverages,North,Metro,95.97,95.97,0,0.0,,24,24,20,1,1,0,2303.28,0.197,0.197,453.75
2023-07-29,S000,SKU020,Beverages,North,Metro,142.4,142.4,0,0.0,,65,65,114,1,1,0,9256.0,0.233,0.233,2156.65
2023-07-29,S000,SKU030,Beverages,North,Metro,34.82,34.82,0,0.0,End-cap,73,73,93,1,1,0,2541.86,0.331,0.331,841.36
2023-07-30,S000,SKU003,Beverages,North,Metro,164.84,164.84,0,0.0,,62,62,345,1,1,0,10220.08,0.173,0.173,1768.07
2023-07-30,S000,SKU012,Beverages,North,Metro,237.61,237.61,0,0.0,End-cap,76,76,426,1,1,0,18058.36,0.251,0.251,4532.65
2023-07-30,S000,SKU017,Beverages,North,Metro,95.97,95.97,0,0.0,Shelf-talker,31,31,158,1,1,0,2975.07,0.197,0.197,586.09
2023-07-30,S000,SKU020,Beverages,North,Metro,142.4,142.4,0,0.0,,86,86,570,1,1,0,12246.4,0.233,0.233,2853.41
2023-07-30,S000,SKU030,Beverages,North,Metro,34.82,34.82,0,0.0,,81,81,469,1,1,0,2820.42,0.331,0.331,933.56
2023-07-31,S000,SKU003,Beverages,North,Metro,164.84,164.84,0,0.0,,70,70,274,0,1,0,11538.8,0.173,0.173,1996.21
2023-07-31,S000,SKU012,Beverages,North,Metro,237.61,237.61,0,0.0,,58,58,368,0,1,0,13781.38,0.251,0.251,3459.13
2023-07-31,S000,SKU017,Beverages,North,Metro,95.97,95.97,0,0.0,,23,23,135,0,1,0,2207.31,0.197,0.197,434.84
2023-07-31,S000,SKU020,Beverages,North,Metro,142.4,142.4,0,0.0,,77,77,493,0,1,0,10964.8,0.233,0.233,2554.8
2023-07-31,S000,SKU030,Beverages,North,Metro,34.82,34.82,0,0.0,End-cap,55,55,414,0,1,0,1915.1,0.331,0.331,633.9
2023-08-01,S000,SKU003,Beverages,North,Metro,164.84,164.84,0,0.0,,64,64,210,0,1,0,10549.76,0.173,0.173,1825.11
2023-08-01,S000,SKU012,Beverages,North,Metro,237.61,237.61,0,0.0,,66,66,302,0,1,0,15682.26,0.251,0.251,3936.25
2023-08-01,S000,SKU017,Beverages,North,Metro,95.97,95.97,0,0.0,,22,22,112,0,1,0,2111.34,0.197,0.197,415.93
2023-08-01,S000,SKU020,Beverages,North,Metro,142.4,142.4,0,0.0,Shelf-talker,70,70,424,0,1,0,9968.0,0.233,0.233,2322.54
2023-08-01,S000,SKU030,Beverages,North,Metro,34.82,34.82,0,0.0,End-cap,66,66,348,0,1,0,2298.12,0.331,0.331,760.68
2023-08-02,S000,SKU003,Beverages,North,Metro,164.84,164.84,0,0.0,,55,55,155,0,1,0,9066.2,0.173,0.173,1568.45
2023-08-02,S000,SKU012,Beverages,North,Metro,237.61,237.61,0,0.0,,69,69,232,0,1,0,16395.09,0.251,0.251,4115.17
2023-08-02,S000,SKU017,Beverages,North,Metro,95.97,95.97,0,0.0,Shelf-talker,22,22,91,0,1,0,2111.34,0.197,0.197,415.93
2023-08-02,S000,SKU020,Beverages,North,Metro,142.4,142.4,0,0.0,Floor-stack,99,99,325,0,1,0,14097.6,0.233,0.233,3284.74
2023-08-02,S000,SKU030,Beverages,North,Metro,34.82,34.82,0,0.0,,56,56,292,0,1,0,1949.92,0.331,0.331,645.42
2023-08-03,S000,SKU003,Beverages,North,Metro,164.84,164.84,0,0.0,Floor-stack,43,43,112,0,0,0,7088.12,0.173,0.173,1226.24
2023-08-03,S000,SKU012,Beverages,North,Metro,237.61,237.61,0,0.0,End-cap,37,37,195,0,0,0,8791.57,0.251,0.251,2206.68
2023-08-03,S000,SKU017,Beverages,North,Metro,95.97,95.97,0,0.0,,16,16,75,0,0,0,1535.52,0.197,0.197,302.5
2023-08-03,S000,SKU020,Beverages,North,Metro,142.4,142.4,0,0.0,,65,65,260,0,0,0,9256.0,0.233,0.233,2156.65
2023-08-03,S000,SKU030,Beverages,North,Metro,34.82,34.82,0,0.0,Shelf-talker,36,36,256,0,0,0,1253.52,0.331,0.331,414.92
2023-08-04,S000,SKU003,Beverages,North,Metro,164.84,164.84,0,0.0,End-cap,50,50,63,0,0,0,8242.0,0.173,0.173,1425.87
2023-08-04,S000,SKU012,Beverages,North,Metro,237.61,237.61,0,0.0,Floor-stack,56,56,139,0,0,0,13306.16,0.251,0.251,3339.85
2023-08-04,S000,SKU017,Beverages,North,Metro,95.97,95.97,0,0.0,End-cap,21,21,55,0,0,0,2015.37,0.197,0.197,397.03
2023-08-04,S000,SKU020,Beverages,North,Metro,142.4,142.4,0,0.0,,55,55,205,0,0,0,7832.0,0.233,0.233,1824.86
2023-08-04,S000,SKU030,Beverages,North,Metro,34.82,34.82,0,0.0,,58,58,198,0,0,0,2019.56,0.331,0.331,668.47
2023-08-05,S000,SKU003,Beverages,North,Metro,164.84,164.84,0,0.0,Floor-stack,63,66,0,1,0,0,10384.92,0.173,0.173,1796.59
2023-08-05,S000,SKU012,Beverages,North,Metro,237.61,237.61,0,0.0,,74,74,66,1,0,0,17583.14,0.251,0.251,4413.37
2023-08-05,S000,SKU017,Beverages,North,Metro,95.97,95.97,0,0.0,,23,23,32,1,0,0,2207.31,0.197,0.197,434.84
2023-08-05,S000,SKU020,Beverages,North,Metro,142.4,142.4,0,0.0,End-cap,80,80,125,1,0,0,11392.0,0.233,0.233,2654.34
2023-08-05,S000,SKU030,Beverages,North,Metro,34.82,34.82,0,0.0,,63,63,135,1,0,0,2193.66,0.331,0.331,726.1
2023-08-06,S000,SKU003,Beverages,North,Metro,164.84,164.84,0,0.0,,46,46,271,1,0,0,7582.64,0.173,0.173,1311.8
2023-08-06,S000,SKU012,Beverages,North,Metro,237.61,237.61,0,0.0,,38,38,405,1,0,0,9029.18,0.251,0.251,2266.32
2023-08-06,S000,SKU017,Beverages,North,Metro,95.97,95.97,0,0.0,Floor-stack,18,18,159,1,0,0,1727.46,0.197,0.197,340.31
2023-08-06,S000,SKU020,Beverages,North,Metro,142.4,142.4,0,0.0,,75,75,464,1,0,0,10680.0,0.233,0.233,2488.44
2023-08-06,S000,SKU030,Beverages,North,Metro,34.82,34.82,0,0.0,End-cap,60,60,535,1,0,0,2089.2,0.331,0.331,691.53
2023-08-07,S000,SKU003,Beverages,North,Metro,164.84,164.84,0,0.0,,58,58,213,0,0,1,9560.72,0.173,0.173,1654.0
2023-08-07,S000,SKU012,Beverages,North,Metro,237.61,237.61,0,0.0,,74,74,331,0,0,1,17583.14,0.251,0.251,4413.37
2023-08-07,S000,SKU017,Beverages,North,Metro,95.97,95.97,0,0.0,Shelf-talker,21,21,138,0,0,1,2015.37,0.197,0.197,397.03
2023-08-07,S000,SKU020,Beverages,North,Metro,142.4,142.4,0,0.0,,79,79,385,0,0,1,11249.6,0.233,0.233,2621.16
2023-08-07,S000,SKU030,Beverages,North,Metro,34.82,34.82,0,0.0,End-cap,72,72,463,0,0,1,2507.04,0.331,0.331,829.83
2023-08-08,S000,SKU003,Beverages,North,Metro,164.84,164.84,0,0.0,,29,29,184,0,0,0,4780.36,0.173,0.173,827.0
2023-08-08,S000,SKU012,Beverages,North,Metro,237.61,237.61,0,0.0,End-cap,59,59,272,0,0,0,14018.99,0.251,0.251,3518.77
2023-08-08,S000,SKU017,Beverages,North,Metro,95.97,95.97,0,0.0,,15,15,123,0,0,0,1439.55,0.197,0.197,283.59
2023-08-08,S000,SKU020,Beverages,North,Metro,142.4,142.4,0,0.0,,60,60,325,0,0,0,8544.0,0.233,0.233,1990.75
2023-08-08,S000,SKU030,Beverages,North,Metro,34.82,34.82,0,0.0,End-cap,37,37,426,0,0,0,1288.34,0.331,0.331,426.44
2023-08-09,S000,SKU003,Beverages,North,Metro,164.84,98.9,1,40.0,End-cap,100,100,83,0,0,0,9890.0,0.173,0.02,197.8
2023-08-09,S000,SKU012,Beverages,North,Metro,237.61,237.61,0,0.0,End-cap,54,58,215,0,0,0,12830.94,0.251,0.251,3220.57
2023-08-09,S000,SKU017,Beverages,North,Metro,95.97,95.97,0,0.0,Shelf-talker,16,17,106,0,0,0,1535.52,0.197,0.197,302.5
2023-08-09,S000,SKU020,Beverages,North,Metro,142.4,142.4,0,0.0,End-cap,51,53,272,0,0,0,7262.4,0.233,0.233,1692.14
2023-08-09,S000,SKU030,Beverages,North,Metro,34.82,34.82,0,0.0,Floor-stack,52,54,372,0,0,0,1810.64,0.331,0.331,599.32
2023-08-10,S000,SKU003,Beverages,North,Metro,164.84,98.9,1,40.0,,83,114,0,0,0,0,8208.7,0.173,0.02,164.17
2023-08-10,S000,SKU012,Beverages,North,Metro,237.61,237.61,0,0.0,End-cap,58,60,155,0,0,0,13781.38,0.251,0.251,3459.13
2023-08-10,S000,SKU017,Beverages,North,Metro,95.97,95.97,0,0.0,,20,21,86,0,0,0,1919.4,0.197,0.197,378.12
2023-08-10,S000,SKU020,Beverages,North,Metro,142.4,142.4,0,0.0,,56,59,213,0,0,0,7974.4,0.233,0.233,1858.04
2023-08-10,S000,SKU030,Beverages,North,Metro,34.82,34.82,0,0.0,,43,45,328,0,0,0,1497.26,0.331,0.331,495.59
2023-08-11,S000,SKU003,Beverages,North,Metro,164.84,98.9,1,40.0,End-cap,0,84,0,0,0,0,0.0,0.173,0.02,0.0
2023-08-11,S000,SKU012,Beverages,North,Metro,237.61,237.61,0,0.0,End-cap,49,49,106,0,0,0,11642.89,0.251,0.251,2922.37
2023-08-11,S000,SKU017,Beverages,North,Metro,95.97,95.97,0,0.0,End-cap,16,16,69,0,0,0,1535.52,0.197,0.197,302.5
2023-08-11,S000,SKU020,Beverages,North,Metro,142.4,142.4,0,0.0,Shelf-talker,52,52,161,0,0,0,7404.8,0.233,0.233,1725.32
2023-08-11,S000,SKU030,Beverages,North,Metro,34.82,34.82,0,0.0,Floor-stack,48,48,279,0,0,0,1671.36,0.331,0.331,553.22
2023-08-12,S000,SKU003,Beverages,North,Metro,164.84,98.9,1,40.0,Shelf-talker,0,84,0,1,0,1,0.0,0.173,0.02,0.0
2023-08-12,S000,SKU012,Beverages,North,Metro,237.61,237.61,0,0.0,Shelf-talker,69,69,37,1,0,1,16395.09,0.251,0.251,4115.17
2023-08-12,S000,SKU017,Beverages,North,Metro,95.97,95.97,0,0.0,Shelf-talker,36,36,33,1,0,1,3454.92,0.197,0.197,680.62
2023-08-12,S000,SKU020,Beverages,North,Metro,142.4,142.4,0,0.0,,62,62,99,1,0,1,8828.8,0.233,0.233,2057.11
2023-08-12,S000,SKU030,Beverages,North,Metro,34.82,34.82,0,0.0,End-cap,98,98,181,1,0,1,3412.36,0.331,0.331,1129.49
2023-08-13,S000,SKU003,Beverages,North,Metro,164.84,98.9,1,40.0,Shelf-talker,117,117,212,1,0,0,11571.3,0.173,0.02,231.43
2023-08-13,S000,SKU012,Beverages,North,Metro,237.61,237.61,0,0.0,,42,45,417,1,0,0,9979.62,0.251,0.251,2504.88
2023-08-13,S000,SKU017,Beverages,North,Metro,95.97,95.97,0,0.0,End-cap,22,23,170,1,0,0,2111.34,0.197,0.197,415.93
2023-08-13,S000,SKU020,Beverages,North,Metro,142.4,142.4,0,0.0,,84,87,515,1,0,0,11961.6,0.233,0.233,2787.05
2023-08-13,S000,SKU030,Beverages,North,Metro,34.82,34.82,0,0.0,,67,70,539,1,0,0,2332.94,0.331,0.331,772.2
2023-08-14,S000,SKU003,Beverages,North,Metro,164.84,98.9,1,40.0,,70,70,142,0,0,0,6923.0,0.173,0.02,138.46
2023-08-14,S000,SKU012,Beverages,North,Metro,237.61,237.61,0,0.0,,60,62,354,0,0,0,14256.6,0.251,0.251,3578.41
2023-08-14,S000,SKU017,Beverages,North,Metro,95.97,95.97,0,0.0,End-cap,17,18,152,0,0,0,1631.49,0.197,0.197,321.4
2023-08-14,S000,SKU020,Beverages,North,Metro,142.4,142.4,0,0.0,Floor-stack,48,51,463,0,0,0,6835.2,0.233,0.233,1592.6
2023-08-14,S000,SKU030,Beverages,North,Metro,34.82,34.82,0,0.0,End-cap,46,48,491,0,0,0,1601.72,0.331,0.331,530.17
2023-08-15,S000,SKU003,Beverages,North,Metro,164.84,98.9,1,40.0,,73,73,68,0,0,0,7219.7,0.173,0.02,144.39
2023-08-15,S000,SKU012,Beverages,North,Metro,237.61,237.61,0,0.0,,55,59,296,0,0,0,13068.55,0.251,0.251,3280.21
2023-08-15,S000,SKU017,Beverages,North,Metro,95.97,95.97,0,0.0,Shelf-talker,18,19,133,0,0,0,1727.46,0.197,0.197,340.31
2023-08-15,S000,SKU020,Beverages,North,Metro,142.4,142.4,0,0.0,,56,59,405,0,0,0,7974.4,0.233,0.233,1858.04
2023-08-15,S000,SKU030,Beverages,North,Metro,34.82,34.82,0,0.0,,47,49,442,0,0,0,1636.54,0.331,0.331,541.69
2023-08-16,S000,SKU003,Beverages,North,Metro,164.84,164.84,0,0.0,,66,66,3,0,0,1,10879.44,0.173,0.173,1882.14
2023-08-16,S000,SKU012,Beverages,North,Metro,237.61,237.61,0,0.0,Floor-stack,86,86,209,0,0,1,20434.46,0.251,0.251,5129.05
2023-08-16,S000,SKU017,Beverages,North,Metro,95.97,95.97,0,0.0,End-cap,32,32,100,0,0,1,3071.04,0.197,0.197,604.99
2023-08-16,S000,SKU020,Beverages,North,Metro,142.4,142.4,0,0.0,,68,68,337,0,0,1,9683.2,0.233,0.233,2256.19
2023-08-16,S000,SKU030,Beverages,North,Metro,34.82,34.82,0,0.0,Floor-stack,37,37,405,0,0,1,1288.34,0.331,0.331,426.44
2023-08-17,S000,SKU003,Beverages,North,Metro,164.84,164.84,0,0.0,,3,45,0,0,0,0,494.52,0.173,0.173,85.55
2023-08-17,S000,SKU012,Beverages,North,Metro,237.61,237.61,0,0.0,Shelf-talker,45,45,164,0,0,0,10692.45,0.251,0.251,2683.8
2023-08-17,S000,SKU017,Beverages,North,Metro,95.97,95.97,0,0.0,Floor-stack,14,14,86,0,0,0,1343.58,0.197,0.197,264.69
2023-08-17,S000,SKU020,Beverages,North,Metro,142.4,142.4,0,0.0,,50,50,287,0,0,0,7120.0,0.233,0.233,1658.96
2023-08-17,S000,SKU030,Beverages,North,Metro,34.82,34.82,0,0.0,,42,42,362,0,0,0,1462.44,0.331,0.331,484.07
2023-08-18,S000,SKU003,Beverages,North,Metro,164.84,164.84,0,0.0,End-cap,0,39,0,0,0,0,0.0,0.173,0.173,0.0
2023-08-18,S000,SKU012,Beverages,North,Metro,237.61,237.61,0,0.0,,60,60,104,0,0,0,14256.6,0.251,0.251,3578.41
2023-08-18,S000,SKU017,Beverages,North,Metro,95.97,95.97,0,0.0,,25,25,62,0,0,0,2399.25,0.197,0.197,472.65
2023-08-18,S000,SKU020,Beverages,North,Metro,142.4,142.4,0,0.0,End-cap,47,47,241,0,0,0,6692.8,0.233,0.233,1559.42
2023-08-18,S000,SKU030,Beverages,North,Metro,34.82,34.82,0,0.0,,51,51,311,0,0,0,1775.82,0.331,0.331,587.8
2023-08-19,S000,SKU003,Beverages,North,Metro,164.84,164.84,0,0.0,,0,48,0,1,0,0,0.0,0.173,0.173,0.0
2023-08-19,S000,SKU012,Beverages,North,Metro,237.61,237.61,0,0.0,,48,48,56,1,0,0,11405.28,0.251,0.251,2862.73
2023-08-19,S000,SKU017,Beverages,North,Metro,95.97,95.97,0,0.0,,28,28,34,1,0,0,2687.16,0.197,0.197,529.37
2023-08-19,S000,SKU020,Beverages,North,Metro,142.4,142.4,0,0.0,End-cap,85,85,156,1,0,0,12104.0,0.233,0.233,2820.23
2023-08-19,S000,SKU030,Beverages,North,Metro,34.82,34.82,0,0.0,End-cap,54,54,257,1,0,0,1880.28,0.331,0.331,622.37
2023-08-20,S000,SKU003,Beverages,North,Metro,164.84,164.84,0,0.0,End-cap,56,56,341,1,0,0,9231.04,0.173,0.173,1596.97
2023-08-20,S000,SKU012,Beverages,North,Metro,237.61,237.61,0,0.0,,56,56,396,1,0,0,13306.16,0.251,0.251,3339.85
2023-08-20,S000,SKU017,Beverages,North,Metro,95.97,95.97,0,0.0,Shelf-talker,24,24,187,1,0,0,2303.28,0.197,0.197,453.75
2023-08-20,S000,SKU020,Beverages,North,Metro,142.4,142.4,0,0.0,,88,88,550,1,0,0,12531.2,0.233,0.233,2919.77
2023-08-20,S000,SKU030,Beverages,North,Metro,34.82,34.82,0,0.0,,48,48,579,1,0,0,1671.36,0.331,0.331,553.22
2023-08-21,S000,SKU003,Beverages,North,Metro,164.84,164.84,0,0.0,,40,40,301,0,0,0,6593.6,0.173,0.173,1140.69
2023-08-21,S000,SKU012,Beverages,North,Metro,237.61,237.61,0,0.0,Floor-stack,53,53,343,0,0,0,12593.33,0.251,0.251,3160.93
2023-08-21,S000,SKU017,Beverages,North,Metro,95.97,95.97,0,0.0,,23,23,164,0,0,0,2207.31,0.197,0.197,434.84
2023-08-21,S000,SKU020,Beverages,North,Metro,142.4,142.4,0,0.0,,57,57,492,0,0,0,8116.8,0.233,0.233,1891.21
2023-08-21,S000,SKU030,Beverages,North,Metro,34.82,34.82,0,0.0,,54,54,525,0,0,0,1880.28,0.331,0.331,622.37
2023-08-22,S000,SKU003,Beverages,North,Metro,164.84,164.84,0,0.0,Floor-stack,33,35,266,0,0,0,5439.72,0.173,0.173,941.07
2023-08-22,S000,SKU012,Beverages,North,Metro,237.61,237.61,0,0.0,,54,58,284,0,0,0,12830.94,0.251,0.251,3220.57
2023-08-22,S000,SKU017,Beverages,North,Metro,95.97,57.58,1,40.0,,40,40,125,0,0,0,2303.2,0.197,0.02,46.06
2023-08-22,S000,SKU020,Beverages,North,Metro,142.4,142.4,0,0.0,,49,52,441,0,0,0,6977.6,0.233,0.233,1625.78
2023-08-22,S000,SKU030,Beverages,North,Metro,34.82,34.82,0,0.0,,59,62,463,0,0,0,2054.38,0.331,0.331,680.0
2023-08-23,S000,SKU003,Beverages,North,Metro,164.84,164.84,0,0.0,Floor-stack,38,41,226,0,0,0,6263.92,0.173,0.173,1083.66
2023-08-23,S000,SKU012,Beverages,North,Metro,237.61,237.61,0,0.0,End-cap,65,68,216,0,0,0,15444.65,0.251,0.251,3876.61
2023-08-23,S000,SKU017,Beverages,North,Metro,95.97,57.58,1,40.0,Shelf-talker,44,44,81,0,0,0,2533.52,0.197,0.02,50.67
2023-08-23,S000,SKU020,Beverages,North,Metro,142.4,142.4,0,0.0,,38,40,401,0,0,0,5411.2,0.233,0.233,1260.81
2023-08-23,S000,SKU030,Beverages,North,Metro,34.82,34.82,0,0.0,Shelf-talker,40,43,420,0,0,0,1392.8,0.331,0.331,461.02
2023-08-24,S000,SKU003,Beverages,North,Metro,164.84,164.84,0,0.0,,43,46,180,0,0,0,7088.12,0.173,0.173,1226.24
2023-08-24,S000,SKU012,Beverages,North,Metro,237.61,237.61,0,0.0,,48,50,166,0,0,0,11405.28,0.251,0.251,2862.73
2023-08-24,S000,SKU017,Beverages,North,Metro,95.97,57.58,1,40.0,,38,38,43,0,0,0,2188.04,0.197,0.02,43.76
2023-08-24,S000,SKU020,Beverages,North,Metro,142.4,142.4,0,0.0,,61,65,335,0,0,0,8686.4,0.233,0.233,2023.93
2023-08-24,S000,SKU030,Beverages,North,Metro,34.82,34.82,0,0.0,,55,58,362,0,0,0,1915.1,0.331,0.331,633.9
2023-08-25,S000,SKU003,Beverages,North,Metro,164.84,164.84,0,0.0,Shelf-talker,39,42,138,0,0,0,6428.76,0.173,0.173,1112.18
2023-08-25,S000,SKU012,Beverages,North,Metro,237.61,237.61,0,0.0,End-cap,42,44,122,0,0,0,9979.62,0.251,0.251,2504.88
2023-08-25,S000,SKU017,Beverages,North,Metro,95.97,57.58,1,40.0,,43,49,0,0,0,0,2475.94,0.197,0.02,49.52
2023-08-25,S000,SKU020,Beverages,North,Metro,142.4,142.4,0,0.0,,48,50,285,0,0,0,6835.2,0.233,0.233,1592.6
2023-08-25,S000,SKU030,Beverages,North,Metro,34.82,34.82,0,0.0,,53,56,306,0,0,0,1845.46,0.331,0.331,610.85
2023-08-26,S000,SKU003,Beverages,North,Metro,164.84,164.84,0,0.0,,41,41,97,1,0,0,6758.44,0.173,0.173,1169.21
2023-08-26,S000,SKU012,Beverages,North,Metro,237.61,237.61,0,0.0,End-cap,55,55,67,1,0,0,13068.55,0.251,0.251,3280.21
2023-08-26,S000,SKU017,Beverages,North,Metro,95.97,57.58,1,40.0,,0,46,0,1,0,0,0.0,0.197,0.02,0.0
2023-08-26,S000,SKU020,Beverages,North,Metro,142.4,142.4,0,0.0,,58,58,227,1,0,0,8259.2,0.233,0.233,1924.39
2023-08-26,S000,SKU030,Beverages,North,Metro,34.82,34.82,0,0.0,,52,52,254,1,0,0,1810.64,0.331,0.331,599.32
2023-08-27,S000,SKU003,Beverages,North,Metro,164.84,164.84,0,0.0,End-cap,60,64,352,1,0,0,9890.4,0.173,0.173,1711.04
2023-08-27,S000,SKU012,Beverages,North,Metro,237.61,237.61,0,0.0,,56,58,483,1,0,0,13306.16,0.251,0.251,3339.85
2023-08-27,S000,SKU017,Beverages,North,Metro,95.97,57.58,1,40.0,,53,53,89,1,0,0,3051.74,0.197,0.02,61.03
2023-08-27,S000,SKU020,Beverages,North,Metro,142.4,142.4,0,0.0,End-cap,68,73,593,1,0,0,9683.2,0.233,0.233,2256.19
2023-08-27,S000,SKU030,Beverages,North,Metro,34.82,34.82,0,0.0,Floor-stack,52,55,676,1,0,0,1810.64,0.331,0.331,599.32
2023-08-28,S000,SKU003,Beverages,North,Metro,164.84,164.84,0,0.0,Shelf-talker,25,26,326,0,1,0,4121.0,0.173,0.173,712.93
2023-08-28,S000,SKU012,Beverages,North,Metro,237.61,237.61,0,0.0,Shelf-talker,82,87,396,0,1,0,19484.02,0.251,0.251,4890.49
2023-08-28,S000,SKU017,Beverages,North,Metro,95.97,57.58,1,40.0,,56,56,33,0,1,0,3224.48,0.197,0.02,64.49
2023-08-28,S000,SKU020,Beverages,North,Metro,142.4,142.4,0,0.0,End-cap,60,64,529,0,1,0,8544.0,0.233,0.233,1990.75
2023-08-28,S000,SKU030,Beverages,North,Metro,34.82,34.82,0,0.0,Floor-stack,75,79,598,0,1,0,2611.5,0.331,0.331,864.41
2023-08-29,S000,SKU003,Beverages,North,Metro,164.84,164.84,0,0.0,Shelf-talker,44,47,279,0,1,0,7252.96,0.173,0.173,1254.76
2023-08-29,S000,SKU012,Beverages,North,Metro,237.61,237.61,0,0.0,,68,71,326,0,1,0,16157.48,0.251,0.251,4055.53
2023-08-29,S000,SKU017,Beverages,North,Metro,95.97,57.58,1,40.0,,33,59,0,0,1,0,1900.14,0.197,0.02,38.0
2023-08-29,S000,SKU020,Beverages,North,Metro,142.4,142.4,0,0.0,End-cap,47,49,480,0,1,0,6692.8,0.233,0.233,1559.42
2023-08-29,S000,SKU030,Beverages,North,Metro,34.82,34.82,0,0.0,Floor-stack,45,47,550,0,1,0,1566.9,0.331,0.331,518.64
2023-08-30,S000,SKU003,Beverages,North,Metro,164.84,164.84,0,0.0,Shelf-talker,46,46,233,0,1,0,7582.64,0.173,0.173,1311.8
2023-08-30,S000,SKU012,Beverages,North,Metro,237.61,237.61,0,0.0,Shelf-talker,74,74,251,0,1,0,17583.14,0.251,0.251,4413.37
2023-08-30,S000,SKU017,Beverages,North,Metro,95.97,57.58,1,40.0,Shelf-talker,0,43,0,0,1,0,0.0,0.197,0.02,0.0
2023-08-30,S000,SKU020,Beverages,North,Metro,142.4,142.4,0,0.0,End-cap,51,51,429,0,1,0,7262.4,0.233,0.233,1692.14
2023-08-30,S000,SKU030,Beverages,North,Metro,34.82,34.82,0,0.0,,53,53,497,0,1,0,1845.46,0.331,0.331,610.85
2023-08-31,S000,SKU003,Beverages,North,Metro,164.84,164.84,0,0.0,,53,53,180,0,1,0,8736.52,0.173,0.173,1511.42
2023-08-31,S000,SKU012,Beverages,North,Metro,237.61,237.61,0,0.0,,59,59,192,0,1,0,14018.99,0.251,0.251,3518.77
2023-08-31,S000,SKU017,Beverages,North,Metro,95.97,95.97,0,0.0,,0,26,0,0,1,0,0.0,0.197,0.197,0.0
2023-08-31,S000,SKU020,Beverages,North,Metro,142.4,142.4,0,0.0,,72,72,357,0,1,0,10252.8,0.233,0.233,2388.9
2023-08-31,S000,SKU030,Beverages,North,Metro,34.82,34.82,0,0.0,,80,80,417,0,1,0,2785.6,0.331,0.331,922.03
2023-09-01,S000,SKU003,Beverages,North,Metro,164.84,164.84,0,0.0,Shelf-talker,52,56,124,0,1,0,8571.68,0.173,0.173,1482.9
2023-09-01,S000,SKU012,Beverages,North,Metro,237.61,166.33,1,30.0,End-cap,103,103,89,0,1,0,17131.99,0.251,0.071,1216.37
2023-09-01,S000,SKU017,Beverages,North,Metro,95.97,95.97,0,0.0,Shelf-talker,0,18,0,0,1,0,0.0,0.197,0.197,0.0
2023-09-01,S000,SKU020,Beverages,North,Metro,142.4,142.4,0,0.0,End-cap,57,60,297,0,1,0,8116.8,0.233,0.233,1891.21
2023-09-01,S000,SKU030,Beverages,North,Metro,34.82,34.82,0,0.0,Shelf-talker,51,53,364,0,1,0,1775.82,0.331,0.331,587.8
2023-09-02,S000,SKU003,Beverages,North,Metro,164.84,164.84,0,0.0,End-cap,72,75,49,1,1,0,11868.48,0.173,0.173,2053.25
2023-09-02,S000,SKU012,Beverages,North,Metro,237.61,166.33,1,30.0,,89,142,0,1,1,0,14803.37,0.251,0.071,1051.04
2023-09-02,S000,SKU017,Beverages,North,Metro,95.97,95.97,0,0.0,Floor-stack,0,17,0,1,1,0,0.0,0.197,0.197,0.0
2023-09-02,S000,SKU020,Beverages,North,Metro,142.4,142.4,0,0.0,,87,90,207,1,1,0,12388.8,0.233,0.233,2886.59
2023-09-02,S000,SKU030,Beverages,North,Metro,34.82,34.82,0,0.0,,85,90,275,1,1,0,2959.7,0.331,0.331,979.66
2023-09-03,S000,SKU003,Beverages,North,Metro,164.84,164.84,0,0.0,,59,61,398,1,0,1,9725.56,0.173,0.173,1682.52
2023-09-03,S000,SKU012,Beverages,North,Metro,237.61,166.33,1,30.0,End-cap,129,129,231,1,0,1,21456.57,0.251,0.071,1523.42
2023-09-03,S000,SKU017,Beverages,North,Metro,95.97,95.97,0,0.0,,26,27,103,1,0,1,2495.22,0.197,0.197,491.56
2023-09-03,S000,SKU020,Beverages,North,Metro,142.4,142.4,0,0.0,End-cap,90,95,613,1,0,1,12816.0,0.233,0.233,2986.13
2023-09-03,S000,SKU030,Beverages,North,Metro,34.82,34.82,0,0.0,,62,66,660,1,0,1,2158.84,0.331,0.331,714.58
2023-09-04,S000,SKU003,Beverages,North,Metro,164.84,164.84,0,0.0,,44,47,351,0,0,0,7252.96,0.173,0.173,1254.76
2023-09-04,S000,SKU012,Beverages,North,Metro,237.61,166.33,1,30.0,,82,82,149,0,0,0,13639.06,0.251,0.071,968.37
2023-09-04,S000,SKU017,Beverages,North,Metro,95.97,95.97,0,0.0,Floor-stack,21,22,81,0,0,0,2015.37,0.197,0.197,397.03
2023-09-04,S000,SKU020,Beverages,North,Metro,142.4,142.4,0,0.0,,63,67,545,0,0,0,8971.2,0.233,0.233,2090.29
2023-09-04,S000,SKU030,Beverages,North,Metro,34.82,34.82,0,0.0,Floor-stack,48,51,610,0,0,0,1671.36,0.331,0.331,553.22
2023-09-05,S000,SKU003,Beverages,North,Metro,164.84,164.84,0,0.0,Shelf-talker,42,44,306,0,0,0,6923.28,0.173,0.173,1197.73
2023-09-05,S000,SKU012,Beverages,North,Metro,237.61,166.33,1,30.0,End-cap,76,76,73,0,0,0,12641.08,0.251,0.071,897.52
2023-09-05,S000,SKU017,Beverages,North,Metro,95.97,95.97,0,0.0,,18,19,63,0,0,0,1727.46,0.197,0.197,340.31
2023-09-05,S000,SKU020,Beverages,North,Metro,142.4,142.4,0,0.0,End-cap,46,48,497,0,0,0,6550.4,0.233,0.233,1526.24
2023-09-05,S000,SKU030,Beverages,North,Metro,34.82,34.82,0,0.0,,55,59,551,0,0,0,1915.1,0.331,0.331,633.9
2023-09-06,S000,SKU003,Beverages,North,Metro,164.84,164.84,0,0.0,End-cap,30,30,277,0,0,0,4945.2,0.173,0.173,855.52
2023-09-06,S000,SKU012,Beverages,North,Metro,237.61,237.61,0,0.0,,48,48,25,0,0,0,11405.28,0.251,0.251,2862.73
2023-09-06,S000,SKU017,Beverages,North,Metro,95.97,95.97,0,0.0,End-cap,17,17,46,0,0,0,1631.49,0.197,0.197,321.4
2023-09-06,S000,SKU020,Beverages,North,Metro,142.4,142.4,0,0.0,Shelf-talker,59,59,438,0,0,0,8401.6,0.233,0.233,1957.57
2023-09-06,S000,SKU030,Beverages,North,Metro,34.82,34.82,0,0.0,,45,45,505,0,0,0,1566.9,0.331,0.331,518.64
2023-09-07,S000,SKU003,Beverages,North,Metro,164.84,164.84,0,0.0,,57,57,219,0,0,0,9395.88,0.173,0.173,1625.49
2023-09-07,S000,SKU012,Beverages,North,Metro,237.61,237.61,0,0.0,,25,52,0,0,0,0,5940.25,0.251,0.251,1491.0
2023-09-07,S000,SKU017,Beverages,North,Metro,95.97,95.97,0,0.0,Floor-stack,19,19,27,0,0,0,1823.43,0.197,0.197,359.22
2023-09-07,S000,SKU020,Beverages,North,Metro,142.4,142.4,0,0.0,,63,63,375,0,0,0,8971.2,0.233,0.233,2090.29
2023-09-07,S000,SKU030,Beverages,North,Metro,34.82,34.82,0,0.0,,50,50,455,0,0,0,1741.0,0.331,0.331,576.27
2023-09-08,S000,SKU003,Beverages,North,Metro,164.84,164.84,0,0.0,Floor-stack,32,32,187,0,0,0,5274.88,0.173,0.173,912.55
2023-09-08,S000,SKU012,Beverages,North,Metro,237.61,237.61,0,0.0,Shelf-talker,0,44,0,0,0,0,0.0,0.251,0.251,0.0
2023-09-08,S000,SKU017,Beverages,North,Metro,95.97,95.97,0,0.0,Shelf-talker,19,19,8,0,0,0,1823.43,0.197,0.197,359.22
2023-09-08,S000,SKU020,Beverages,North,Metro,142.4,142.4,0,0.0,,50,50,325,0,0,0,7120.0,0.233,0.233,1658.96
2023-09-08,S000,SKU030,Beverages,North,Metro,34.82,34.82,0,0.0,,56,56,399,0,0,0,1949.92,0.331,0.331,645.42
2023-09-09,S000,SKU003,Beverages,North,Metro,164.84,164.84,0,0.0,End-cap,58,58,129,1,0,0,9560.72,0.173,0.173,1654.0
2023-09-09,S000,SKU012,Beverages,North,Metro,237.61,237.61,0,0.0,,0,69,0,1,0,0,0.0,0.251,0.251,0.0
2023-09-09,S000,SKU017,Beverages,North,Metro,95.97,95.97,0,0.0,,8,26,0,1,0,0,767.76,0.197,0.197,151.25
2023-09-09,S000,SKU020,Beverages,North,Metro,142.4,142.4,0,0.0,Shelf-talker,86,86,238,1,0,0,12246.4,0.233,0.233,2853.41
2023-09-09,S000,SKU030,Beverages,North,Metro,34.82,34.82,0,0.0,Floor-stack,52,52,346,1,0,0,1810.64,0.331,0.331,599.32
2023-09-10,S000,SKU003,Beverages,North,Metro,164.84,164.84,0,0.0,,58,58,397,1,0,0,9560.72,0.173,0.173,1654.0
2023-09-10,S000,SKU012,Beverages,North,Metro,237.61,237.61,0,0.0,,69,69,345,1,0,0,16395.09,0.251,0.251,4115.17
2023-09-10,S000,SKU017,Beverages,North,Metro,95.97,95.97,0,0.0,,17,17,118,1,0,0,1631.49,0.197,0.197,321.4
2023-09-10,S000,SKU020,Beverages,North,Metro,142.4,142.4,0,0.0,,50,50,572,1,0,0,7120.0,0.233,0.233,1658.96
2023-09-10,S000,SKU030,Beverages,North,Metro,34.82,34.82,0,0.0,,88,88,715,1,0,0,3064.16,0.331,0.331,1014.24
2023-09-11,S000,SKU003,Beverages,North,Metro,164.84,164.84,0,0.0,,45,45,352,0,0,0,7417.8,0.173,0.173,1283.28
2023-09-11,S000,SKU012,Beverages,North,Metro,237.61,237.61,0,0.0,End-cap,50,50,295,0,0,0,11880.5,0.251,0.251,2982.01
2023-09-11,S000,SKU017,Beverages,North,Metro,95.97,95.97,0,0.0,,18,18,100,0,0,0,1727.46,0.197,0.197,340.31
2023-09-11,S000,SKU020,Beverages,North,Metro,142.4,142.4,0,0.0,,48,48,524,0,0,0,6835.2,0.233,0.233,1592.6
2023-09-11,S000,SKU030,Beverages,North,Metro,34.82,34.82,0,0.0,,59,59,657,0,0,0,2054.38,0.331,0.331,680.0
2023-09-12,S000,SKU003,Beverages,North,Metro,164.84,164.84,0,0.0,End-cap,54,54,299,0,0,1,8901.36,0.173,0.173,1539.94
2023-09-12,S000,SKU012,Beverages,North,Metro,237.61,237.61,0,0.0,,60,60,234,0,0,1,14256.6,0.251,0.251,3578.41
2023-09-12,S000,SKU017,Beverages,North,Metro,95.97,95.97,0,0.0,Floor-stack,26,26,74,0,0,1,2495.22,0.197,0.197,491.56
2023-09-12,S000,SKU020,Beverages,North,Metro,142.4,142.4,0,0.0,,54,54,470,0,0,1,7689.6,0.233,0.233,1791.68
2023-09-12,S000,SKU030,Beverages,North,Metro,34.82,34.82,0,0.0,,64,64,593,0,0,1,2228.48,0.331,0.331,737.63
2023-09-13,S000,SKU003,Beverages,North,Metro,164.84,164.84,0,0.0,Shelf-talker,49,49,250,0,0,0,8077.16,0.173,0.173,1397.35
2023-09-13,S000,SKU012,Beverages,North,Metro,237.61,237.61,0,0.0,Shelf-talker,53,53,181,0,0,0,12593.33,0.251,0.251,3160.93
2023-09-13,S000,SKU017,Beverages,North,Metro,95.97,95.97,0,0.0,,14,14,59,0,0,0,1343.58,0.197,0.197,264.69
2023-09-13,S000,SKU020,Beverages,North,Metro,142.4,142.4,0,0.0,,49,49,421,0,0,0,6977.6,0.233,0.233,1625.78
2023-09-13,S000,SKU030,Beverages,North,Metro,34.82,34.82,0,0.0,,47,47,546,0,0,0,1636.54,0.331,0.331,541.69
2023-09-14,S000,SKU003,Beverages,North,Metro,164.84,164.84,0,0.0,End-cap,31,31,219,0,0,0,5110.04,0.173,0.173,884.04
2023-09-14,S000,SKU012,Beverages,North,Metro,237.61,237.61,0,0.0,,47,47,134,0,0,0,11167.67,0.251,0.251,2803.09
2023-09-14,S000,SKU017,Beverages,North,Metro,95.97,95.97,0,0.0,,14,14,45,0,0,0,1343.58,0.197,0.197,264.69
2023-09-14,S000,SKU020,Beverages,North,Metro,142.4,142.4,0,0.0,,55,55,366,0,0,0,7832.0,0.233,0.233,1824.86
2023-09-14,S000,SKU030,Beverages,North,Metro,34.82,34.82,0,0.0,Shelf-talker,66,66,479,0,0,0,2298.12,0.331,0.331,760.68
2023-09-15,S000,SKU003,Beverages,North,Metro,164.84,164.84,0,0.0,,42,42,176,0,0,0,6923.28,0.173,0.173,1197.73
2023-09-15,S000,SKU012,Beverages,North,Metro,237.61,237.61,0,0.0,Floor-stack,52,52,82,0,0,0,12355.72,0.251,0.251,3101.29
2023-09-15,S000,SKU017,Beverages,North,Metro,95.97,95.97,0,0.0,,18,18,28,0,0,0,1727.46,0.197,0.197,340.31
2023-09-15,S000,SKU020,Beverages,North,Metro,142.4,142.4,0,0.0,Shelf-talker,65,65,300,0,0,0,9256.0,0.233,0.233,2156.65
2023-09-15,S000,SKU030,Beverages,North,Metro,34.82,34.82,0,0.0,End-cap,46,46,433,0,0,0,1601.72,0.331,0.331,530.17
2023-09-16,S000,SKU003,Beverages,North,Metro,164.84,164.84,0,0.0,End-cap,49,49,128,1,0,0,8077.16,0.173,0.173,1397.35
2023-09-16,S000,SKU012,Beverages,North,Metro,237.61,237.61,0,0.0,Shelf-talker,78,78,4,1,0,0,18533.58,0.251,0.251,4651.93
2023-09-16,S000,SKU017,Beverages,North,Metro,95.97,95.97,0,0.0,,24,24,4,1,0,0,2303.28,0.197,0.197,453.75
2023-09-16,S000,SKU020,Beverages,North,Metro,142.4,142.4,0,0.0,End-cap,70,70,231,1,0,0,9968.0,0.233,0.233,2322.54
2023-09-16,S000,SKU030,Beverages,North,Metro,34.82,34.82,0,0.0,End-cap,57,57,376,1,0,0,1984.74,0.331,0.331,656.95
2023-09-17,S000,SKU003,Beverages,North,Metro,164.84,164.84,0,0.0,End-cap,62,62,356,1,0,1,10220.08,0.173,0.173,1768.07
2023-09-17,S000,SKU012,Beverages,North,Metro,237.61,237.61,0,0.0,,66,66,404,1,0,1,15682.26,0.251,0.251,3936.25
2023-09-17,S000,SKU017,Beverages,North,Metro,95.97,95.97,0,0.0,,31,31,149,1,0,1,2975.07,0.197,0.197,586.09
2023-09-17,S000,SKU020,Beverages,North,Metro,142.4,142.4,0,0.0,,83,83,567,1,0,1,11819.2,0.233,0.233,2753.87
2023-09-17,S000,SKU030,Beverages,North,Metro,34.82,34.82,0,0.0,,98,98,611,1,0,1,3412.36,0.331,0.331,1129.49
2023-09-18,S000,SKU003,Beverages,North,Metro,164.84,164.84,0,0.0,Shelf-talker,46,46,310,0,0,0,7582.64,0.173,0.173,1311.8
2023-09-18,S000,SKU012,Beverages,North,Metro,237.61,237.61,0,0.0,,72,72,332,0,0,0,17107.92,0.251,0.251,4294.09
2023-09-18,S000,SKU017,Beverages,North,Metro,95.97,95.97,0,0.0,,17,17,132,0,0,0,1631.49,0.197,0.197,321.4
2023-09-18,S000,SKU020,Beverages,North,Metro,142.4,142.4,0,0.0,Shelf-talker,41,41,526,0,0,0,5838.4,0.233,0.233,1360.35
2023-09-18,S000,SKU030,Beverages,North,Metro,34.82,34.82,0,0.0,,37,37,574,0,0,0,1288.34,0.331,0.331,426.44
2023-09-19,S000,SKU003,Beverages,North,Metro,164.84,164.84,0,0.0,,51,51,259,0,0,0,8406.84,0.173,0.173,1454.38
2023-09-19,S000,SKU012,Beverages,North,Metro,237.61,237.61,0,0.0,End-cap,51,51,281,0,0,0,12118.11,0.251,0.251,3041.65
2023-09-19,S000,SKU017,Beverages,North,Metro,95.97,95.97,0,0.0,End-cap,17,17,115,0,0,0,1631.49,0.197,0.197,321.4
2023-09-19,S000,SKU020,Beverages,North,Metro,142.4,142.4,0,0.0,Shelf-talker,44,44,482,0,0,0,6265.6,0.233,0.233,1459.88
2023-09-19,S000,SKU030,Beverages,North,Metro,34.82,34.82,0,0.0,,49,49,526,0,0,0,1706.18,0.331,0.331,564.75
2023-09-20,S000,SKU003,Beverages,North,Metro,164.84,164.84,0,0.0,Shelf-talker,40,40,219,0,0,0,6593.6,0.173,0.173,1140.69
2023-09-20,S000,SKU012,Beverages,North,Metro,237.61,237.61,0,0.0,Shelf-talker,56,56,225,0,0,0,13306.16,0.251,0.251,3339.85
2023-09-20,S000,SKU017,Beverages,North,Metro,95.97,95.97,0,0.0,,17,17,98,0,0,0,1631.49,0.197,0.197,321.4
2023-09-20,S000,SKU020,Beverages,North,Metro,142.4,142.4,0,0.0,,60,60,422,0,0,0,8544.0,0.233,0.233,1990.75
2023-09-20,S000,SKU030,Beverages,North,Metro,34.82,34.82,0,0.0,Floor-stack,50,50,475,0,0,0,1741.0,0.331,0.331,576.27
2023-09-21,S000,SKU003,Beverages,North,Metro,164.84,164.84,0,0.0,,49,49,170,0,0,0,8077.16,0.173,0.173,1397.35
2023-09-21,S000,SKU012,Beverages,North,Metro,237.61,237.61,0,0.0,,45,45,181,0,0,0,10692.45,0.251,0.251,2683.8
2023-09-21,S000,SKU017,Beverages,North,Metro,95.97,95.97,0,0.0,,20,20,78,0,0,0,1919.4,0.197,0.197,378.12
2023-09-21,S000,SKU020,Beverages,North,Metro,142.4,142.4,0,0.0,End-cap,66,66,356,0,0,0,9398.4,0.233,0.233,2189.83
2023-09-21,S000,SKU030,Beverages,North,Metro,34.82,34.82,0,0.0,Shelf-talker,43,43,432,0,0,0,1497.26,0.331,0.331,495.59
2023-09-22,S000,SKU003,Beverages,North,Metro,164.84,164.84,0,0.0,,43,43,127,0,0,0,7088.12,0.173,0.173,1226.24
2023-09-22,S000,SKU012,Beverages,North,Metro,237.61,237.61,0,0.0,,62,62,118,0,0,0,14731.82,0.251,0.251,3697.69
2023-09-22,S000,SKU017,Beverages,North,Metro,95.97,95.97,0,0.0,,23,23,55,0,0,0,2207.31,0.197,0.197,434.84
2023-09-22,S000,SKU020,Beverages,North,Metro,142.4,142.4,0,0.0,,52,52,303,0,0,0,7404.8,0.233,0.233,1725.32
2023-09-22,S000,SKU030,Beverages,North,Metro,34.82,34.82,0,0.0,,36,36,397,0,0,0,1253.52,0.331,0.331,414.92
2023-09-23,S000,SKU003,Beverages,North,Metro,164.84,164.84,0,0.0,End-cap,46,46,81,1,0,0,7582.64,0.173,0.173,1311.8
2023-09-23,S000,SKU012,Beverages,North,Metro,237.61,237.61,0,0.0,,64,64,54,1,0,0,15207.04,0.251,0.251,3816.97
2023-09-23,S000,SKU017,Beverages,North,Metro,95.97,95.97,0,0.0,,14,14,41,1,0,0,1343.58,0.197,0.197,264.69
2023-09-23,S000,SKU020,Beverages,North,Metro,142.4,142.4,0,0.0,,87,87,216,1,0,0,12388.8,0.233,0.233,2886.59
2023-09-23,S000,SKU030,Beverages,North,Metro,34.82,34.82,0,0.0,Shelf-talker,63,63,333,1,0,0,2193.66,0.331,0.331,726.1
2023-09-24,S000,SKU003,Beverages,North,Metro,164.84,164.84,0,0.0,End-cap,52,52,349,1,0,0,8571.68,0.173,0.173,1482.9
2023-09-24,S000,SKU012,Beverages,North,Metro,237.61,237.61,0,0.0,Shelf-talker,61,61,388,1,0,0,14494.21,0.251,0.251,3638.05
2023-09-24,S000,SKU017,Beverages,North,Metro,95.97,95.97,0,0.0,Shelf-talker,26,26,156,1,0,0,2495.22,0.197,0.197,491.56
2023-09-24,S000,SKU020,Beverages,North,Metro,142.4,142.4,0,0.0,Shelf-talker,60,60,581,1,0,0,8544.0,0.233,0.233,1990.75
2023-09-24,S000,SKU030,Beverages,North,Metro,34.82,34.82,0,0.0,Shelf-talker,70,70,716,1,0,0,2437.4,0.331,0.331,806.78
2023-09-25,S000,SKU003,Beverages,North,Metro,164.84,164.84,0,0.0,,56,56,293,0,0,1,9231.04,0.173,0.173,1596.97
2023-09-25,S000,SKU012,Beverages,North,Metro,237.61,237.61,0,0.0,End-cap,64,64,325,0,0,1,15207.04,0.251,0.251,3816.97
2023-09-25,S000,SKU017,Beverages,North,Metro,95.97,95.97,0,0.0,,25,25,131,0,0,1,2399.25,0.197,0.197,472.65
2023-09-25,S000,SKU020,Beverages,North,Metro,142.4,142.4,0,0.0,Shelf-talker,72,72,508,0,0,1,10252.8,0.233,0.233,2388.9
2023-09-25,S000,SKU030,Beverages,North,Metro,34.82,34.82,0,0.0,Shelf-talker,60,60,656,0,0,1,2089.2,0.331,0.331,691.53
2023-09-26,S000,SKU003,Beverages,North,Metro,164.84,164.84,0,0.0,Shelf-talker,37,37,256,0,0,0,6099.08,0.173,0.173,1055.14
2023-09-26,S000,SKU012,Beverages,North,Metro,237.61,237.61,0,0.0,,49,49,275,0,0,0,11642.89,0.251,0.251,2922.37
2023-09-26,S000,SKU017,Beverages,North,Metro,95.97,95.97,0,0.0,,21,21,110,0,0,0,2015.37,0.197,0.197,397.03
2023-09-26,S000,SKU020,Beverages,North,Metro,142.4,142.4,0,0.0,Shelf-talker,54,54,455,0,0,0,7689.6,0.233,0.233,1791.68
2023-09-26,S000,SKU030,Beverages,North,Metro,34.82,34.82,0,0.0,Shelf-talker,39,39,618,0,0,0,1357.98,0.331,0.331,449.49
2023-09-27,S000,SKU003,Beverages,North,Metro,164.84,164.84,0,0.0,,46,46,210,0,0,0,7582.64,0.173,0.173,1311.8
2023-09-27,S000,SKU012,Beverages,North,Metro,237.61,237.61,0,0.0,,56,56,220,0,0,0,13306.16,0.251,0.251,3339.85
2023-09-27,S000,SKU017,Beverages,North,Metro,95.97,95.97,0,0.0,,23,23,88,0,0,0,2207.31,0.197,0.197,434.84
2023-09-27,S000,SKU020,Beverages,North,Metro,142.4,142.4,0,0.0,,72,72,382,0,0,0,10252.8,0.233,0.233,2388.9
2023-09-27,S000,SKU030,Beverages,North,Metro,34.82,34.82,0,0.0,Floor-stack,61,61,557,0,0,0,2124.02,0.331,0.331,703.05
2023-09-28,S000,SKU003,Beverages,North,Metro,164.84,164.84,0,0.0,,53,53,157,0,1,0,8736.52,0.173,0.173,1511.42
2023-09-28,S000,SKU012,Beverages,North,Metro,237.61,237.61,0,0.0,Shelf-talker,64,64,156,0,1,0,15207.04,0.251,0.251,3816.97
2023-09-28,S000,SKU017,Beverages,North,Metro,95.97,95.97,0,0.0,,19,19,68,0,1,0,1823.43,0.197,0.197,359.22
2023-09-28,S000,SKU020,Beverages,North,Metro,142.4,142.4,0,0.0,,69,69,313,0,1,0,9825.6,0.233,0.233,2289.36
2023-09-28,S000,SKU030,Beverages,North,Metro,34.82,34.82,0,0.0,,65,65,492,0,1,0,2263.3,0.331,0.331,749.15
2023-09-29,S000,SKU003,Beverages,North,Metro,164.84,164.84,0,0.0,,36,36,120,0,1,0,5934.24,0.173,0.173,1026.62
2023-09-29,S000,SKU012,Beverages,North,Metro,237.61,237.61,0,0.0,Floor-stack,61,61,95,0,1,0,14494.21,0.251,0.251,3638.05
2023-09-29,S000,SKU017,Beverages,North,Metro,95.97,95.97,0,0.0,Shelf-talker,26,26,42,0,1,0,2495.22,0.197,0.197,491.56
2023-09-29,S000,SKU020,Beverages,North,Metro,142.4,142.4,0,0.0,,46,46,268,0,1,0,6550.4,0.233,0.233,1526.24
2023-09-29,S000,SKU030,Beverages,North,Metro,34.82,34.82,0,0.0,,55,55,437,0,1,0,1915.1,0.331,0.331,633.9
2023-09-30,S000,SKU003,Beverages,North,Metro,164.84,164.84,0,0.0,,44,44,76,1,1,0,7252.96,0.173,0.173,1254.76
2023-09-30,S000,SKU012,Beverages,North,Metro,237.61,237.61,0,0.0,,66,66,29,1,1,0,15682.26,0.251,0.251,3936.25
2023-09-30,S000,SKU017,Beverages,North,Metro,95.97,95.97,0,0.0,Shelf-talker,21,21,21,1,1,0,2015.37,0.197,0.197,397.03
2023-09-30,S000,SKU020,Beverages,North,Metro,142.4,142.4,0,0.0,,97,97,171,1,1,0,13812.8,0.233,0.233,3218.38
2023-09-30,S000,SKU030,Beverages,North,Metro,34.82,34.82,0,0.0,Floor-stack,84,84,353,1,1,0,2924.88,0.331,0.331,968.14
2023-10-01,S000,SKU003,Beverages,North,Metro,164.84,164.84,0,0.0,End-cap,68,68,318,1,1,0,11209.12,0.173,0.173,1939.18
2023-10-01,S000,SKU012,Beverages,North,Metro,237.61,237.61,0,0.0,,65,65,348,1,1,0,15444.65,0.251,0.251,3876.61
2023-10-01,S000,SKU017,Beverages,North,Metro,95.97,95.97,0,0.0,,28,28,146,1,1,0,2687.16,0.197,0.197,529.37
2023-10-01,S000,SKU020,Beverages,North,Metro,142.4,142.4,0,0.0,,111,111,460,1,1,0,15806.4,0.233,0.233,3682.89
2023-10-01,S000,SKU030,Beverages,North,Metro,34.82,34.82,0,0.0,End-cap,76,76,641,1,1,0,2646.32,0.331,0.331,875.93
2023-10-02,S000,SKU003,Beverages,North,Metro,164.84,164.84,0,0.0,Shelf-talker,44,44,274,0,1,0,7252.96,0.173,0.173,1254.76
2023-10-02,S000,SKU012,Beverages,North,Metro,237.61,237.61,0,0.0,,57,57,291,0,1,0,13543.77,0.251,0.251,3399.49
2023-10-02,S000,SKU017,Beverages,North,Metro,95.97,95.97,0,0.0,,22,22,124,0,1,0,2111.34,0.197,0.197,415.93
2023-10-02,S000,SKU020,Beverages,North,Metro,142.4,142.4,0,0.0,,65,65,395,0,1,0,9256.0,0.233,0.233,2156.65
2023-10-02,S000,SKU030,Beverages,North,Metro,34.82,34.82,0,0.0,End-cap,78,78,563,0,1,0,2715.96,0.331,0.331,898.98
2023-10-03,S000,SKU003,Beverages,North,Metro,164.84,164.84,0,0.0,End-cap,46,46,228,0,0,0,7582.64,0.173,0.173,1311.8
2023-10-03,S000,SKU012,Beverages,North,Metro,237.61,237.61,0,0.0,End-cap,56,56,234,0,0,0,13306.16,0.251,0.251,3339.85
2023-10-03,S000,SKU017,Beverages,North,Metro,95.97,95.97,0,0.0,,19,19,105,0,0,0,1823.43,0.197,0.197,359.22
2023-10-03,S000,SKU020,Beverages,North,Metro,142.4,142.4,0,0.0,End-cap,48,48,347,0,0,0,6835.2,0.233,0.233,1592.6
2023-10-03,S000,SKU030,Beverages,North,Metro,34.82,34.82,0,0.0,,56,56,507,0,0,0,1949.92,0.331,0.331,645.42
2023-10-04,S000,SKU003,Beverages,North,Metro,164.84,164.84,0,0.0,,49,49,179,0,0,0,8077.16,0.173,0.173,1397.35
2023-10-04,S000,SKU012,Beverages,North,Metro,237.61,237.61,0,0.0,,58,58,176,0,0,0,13781.38,0.251,0.251,3459.13
2023-10-04,S000,SKU017,Beverages,North,Metro,95.97,95.97,0,0.0,End-cap,16,16,90,0,0,0,1535.52,0.197,0.197,302.5
2023-10-04,S000,SKU020,Beverages,North,Metro,142.4,142.4,0,0.0,,66,66,281,0,0,0,9398.4,0.233,0.233,2189.83
2023-10-04,S000,SKU030,Beverages,North,Metro,34.82,34.82,0,0.0,,37,37,469,0,0,0,1288.34,0.331,0.331,426.44
2023-10-05,S000,SKU003,Beverages,North,Metro,164.84,164.84,0,0.0,,33,33,146,0,0,0,5439.72,0.173,0.173,941.07
2023-10-05,S000,SKU012,Beverages,North,Metro,237.61,237.61,0,0.0,,60,60,116,0,0,0,14256.6,0.251,0.251,3578.41
2023-10-05,S000,SKU017,Beverages,North,Metro,95.97,95.97,0,0.0,,20,20,69,0,0,0,1919.4,0.197,0.197,378.12
2023-10-05,S000,SKU020,Beverages,North,Metro,142.4,142.4,0,0.0,,77,77,203,0,0,0,10964.8,0.233,0.233,2554.8
2023-10-05,S000,SKU030,Beverages,North,Metro,34.82,34.82,0,0.0,Floor-stack,44,44,425,0,0,0,1532.08,0.331,0.331,507.12
2023-10-06,S000,SKU003,Beverages,North,Metro,164.84,164.84,0,0.0,,32,32,113,0,0,0,5274.88,0.173,0.173,912.55
2023-10-06,S000,SKU012,Beverages,North,Metro,237.61,237.61,0,0.0,Shelf-talker,52,52,64,0,0,0,12355.72,0.251,0.251,3101.29
2023-10-06,S000,SKU017,Beverages,North,Metro,95.97,95.97,0,0.0,Floor-stack,24,24,45,0,0,0,2303.28,0.197,0.197,453.75
2023-10-06,S000,SKU020,Beverages,North,Metro,142.4,142.4,0,0.0,,66,66,137,0,0,0,9398.4,0.233,0.233,2189.83
2023-10-06,S000,SKU030,Beverages,North,Metro,34.82,34.82,0,0.0,,44,44,381,0,0,0,1532.08,0.331,0.331,507.12
2023-10-07,S000,SKU003,Beverages,North,Metro,164.84,164.84,0,0.0,End-cap,71,71,42,1,0,0,11703.64,0.173,0.173,2024.73
2023-10-07,S000,SKU012,Beverages,North,Metro,237.61,237.61,0,0.0,,64,70,0,1,0,0,15207.04,0.251,0.251,3816.97
2023-10-07,S000,SKU017,Beverages,North,Metro,95.97,95.97,0,0.0,,20,20,25,1,0,0,1919.4,0.197,0.197,378.12
2023-10-07,S000,SKU020,Beverages,North,Metro,142.4,142.4,0,0.0,Shelf-talker,51,51,86,1,0,0,7262.4,0.233,0.233,1692.14
2023-10-07,S000,SKU030,Beverages,North,Metro,34.82,34.82,0,0.0,End-cap,67,67,315,1,0,0,2332.94,0.331,0.331,772.2
2023-10-08,S000,SKU003,Beverages,North,Metro,164.84,148.36,1,10.0,,110,110,284,1,0,1,16319.6,0.173,0.1129999999999999,1844.11
2023-10-08,S000,SKU012,Beverages,North,Metro,237.61,237.61,0,0.0,,79,83,304,1,0,1,18771.19,0.251,0.251,4711.57
2023-10-08,S000,SKU017,Beverages,North,Metro,95.97,95.97,0,0.0,Floor-stack,31,32,149,1,0,1,2975.07,0.197,0.197,586.09
2023-10-08,S000,SKU020,Beverages,North,Metro,142.4,142.4,0,0.0,,99,106,366,1,0,1,14097.6,0.233,0.233,3284.74
2023-10-08,S000,SKU030,Beverages,North,Metro,34.82,34.82,0,0.0,,74,77,644,1,0,1,2576.68,0.331,0.331,852.88
2023-10-09,S000,SKU003,Beverages,North,Metro,164.84,148.36,1,10.0,,58,58,226,0,0,0,8604.88,0.173,0.1129999999999999,972.35
2023-10-09,S000,SKU012,Beverages,North,Metro,237.61,237.61,0,0.0,,34,36,269,0,0,0,8078.74,0.251,0.251,2027.76
2023-10-09,S000,SKU017,Beverages,North,Metro,95.97,95.97,0,0.0,,21,22,127,0,0,0,2015.37,0.197,0.197,397.03
2023-10-09,S000,SKU020,Beverages,North,Metro,142.4,142.4,0,0.0,,59,61,305,0,0,0,8401.6,0.233,0.233,1957.57
2023-10-09,S000,SKU030,Beverages,North,Metro,34.82,34.82,0,0.0,Floor-stack,38,40,604,0,0,0,1323.16,0.331,0.331,437.97
2023-10-10,S000,SKU003,Beverages,North,Metro,164.84,148.36,1,10.0,Shelf-talker,53,53,173,0,0,0,7863.08,0.173,0.1129999999999999,888.53
2023-10-10,S000,SKU012,Beverages,North,Metro,237.61,237.61,0,0.0,,47,50,219,0,0,0,11167.67,0.251,0.251,2803.09
2023-10-10,S000,SKU017,Beverages,North,Metro,95.97,95.97,0,0.0,,17,18,109,0,0,0,1631.49,0.197,0.197,321.4
2023-10-10,S000,SKU020,Beverages,North,Metro,142.4,142.4,0,0.0,,45,47,257,0,0,0,6408.0,0.233,0.233,1493.06
2023-10-10,S000,SKU030,Beverages,North,Metro,34.82,34.82,0,0.0,,52,55,549,0,0,0,1810.64,0.331,0.331,599.32
2023-10-11,S000,SKU003,Beverages,North,Metro,164.84,148.36,1,10.0,End-cap,57,57,116,0,0,0,8456.52,0.173,0.1129999999999999,955.59
2023-10-11,S000,SKU012,Beverages,North,Metro,237.61,237.61,0,0.0,,47,49,170,0,0,0,11167.67,0.251,0.251,2803.09
2023-10-11,S000,SKU017,Beverages,North,Metro,95.97,95.97,0,0.0,,23,24,86,0,0,0,2207.31,0.197,0.197,434.84
2023-10-11,S000,SKU020,Beverages,North,Metro,142.4,142.4,0,0.0,,67,70,187,0,0,0,9540.8,0.233,0.233,2223.01
2023-10-11,S000,SKU030,Beverages,North,Metro,34.82,34.82,0,0.0,Floor-stack,56,59,490,0,0,0,1949.92,0.331,0.331,645.42
2023-10-12,S000,SKU003,Beverages,North,Metro,164.84,148.36,1,10.0,,50,50,66,0,0,0,7418.0,0.173,0.1129999999999999,838.23
2023-10-12,S000,SKU012,Beverages,North,Metro,237.61,237.61,0,0.0,,40,42,127,0,0,0,9504.4,0.251,0.251,2385.6
2023-10-12,S000,SKU017,Beverages,North,Metro,95.97,95.97,0,0.0,,16,17,68,0,0,0,1535.52,0.197,0.197,302.5
2023-10-12,S000,SKU020,Beverages,North,Metro,142.4,142.4,0,0.0,,59,62,125,0,0,0,8401.6,0.233,0.233,1957.57
2023-10-12,S000,SKU030,Beverages,North,Metro,34.82,34.82,0,0.0,,47,49,441,0,0,0,1636.54,0.331,0.331,541.69
2023-10-13,S000,SKU003,Beverages,North,Metro,164.84,148.36,1,10.0,,66,73,0,0,0,0,9791.76,0.173,0.1129999999999999,1106.47
2023-10-13,S000,SKU012,Beverages,North,Metro,237.61,166.33,1,30.0,,78,78,49,0,0,0,12973.74,0.251,0.071,921.14
2023-10-13,S000,SKU017,Beverages,North,Metro,95.97,95.97,0,0.0,Floor-stack,18,19,50,0,0,0,1727.46,0.197,0.197,340.31
2023-10-13,S000,SKU020,Beverages,North,Metro,142.4,142.4,0,0.0,Shelf-talker,67,71,54,0,0,0,9540.8,0.233,0.233,2223.01
2023-10-13,S000,SKU030,Beverages,North,Metro,34.82,34.82,0,0.0,Floor-stack,50,52,389,0,0,0,1741.0,0.331,0.331,576.27
2023-10-14,S000,SKU003,Beverages,North,Metro,164.84,148.36,1,10.0,End-cap,0,69,0,1,0,0,0.0,0.173,0.1129999999999999,0.0
2023-10-14,S000,SKU012,Beverages,North,Metro,237.61,166.33,1,30.0,,49,113,0,1,0,0,8150.17,0.251,0.071,578.66
2023-10-14,S000,SKU017,Beverages,North,Metro,95.97,95.97,0,0.0,,19,20,30,1,0,0,1823.43,0.197,0.197,359.22
2023-10-14,S000,SKU020,Beverages,North,Metro,142.4,142.4,0,0.0,,52,58,0,1,0,0,7404.8,0.233,0.233,1725.32
2023-10-14,S000,SKU030,Beverages,North,Metro,34.82,34.82,0,0.0,,50,52,337,1,0,0,1741.0,0.331,0.331,576.27
2023-10-15,S000,SKU003,Beverages,North,Metro,164.84,164.84,0,0.0,,62,65,236,1,0,0,10220.08,0.173,0.173,1768.07
2023-10-15,S000,SKU012,Beverages,North,Metro,237.61,166.33,1,30.0,Shelf-talker,88,88,369,1,0,0,14637.04,0.251,0.071,1039.23
2023-10-15,S000,SKU017,Beverages,North,Metro,95.97,95.97,0,0.0,,22,24,185,1,0,0,2111.34,0.197,0.197,415.93
2023-10-15,S000,SKU020,Beverages,North,Metro,142.4,142.4,0,0.0,,74,77,362,1,0,0,10537.6,0.233,0.233,2455.26
2023-10-15,S000,SKU030,Beverages,North,Metro,34.82,34.82,0,0.0,Shelf-talker,55,57,715,1,0,0,1915.1,0.331,0.331,633.9
2023-10-16,S000,SKU003,Beverages,North,Metro,164.84,164.84,0,0.0,,39,40,196,0,0,0,6428.76,0.173,0.173,1112.18
2023-10-16,S000,SKU012,Beverages,North,Metro,237.61,166.33,1,30.0,Shelf-talker,76,76,293,0,0,0,12641.08,0.251,0.071,897.52
2023-10-16,S000,SKU017,Beverages,North,Metro,95.97,95.97,0,0.0,Floor-stack,18,19,166,0,0,0,1727.46,0.197,0.197,340.31
2023-10-16,S000,SKU020,Beverages,North,Metro,142.4,142.4,0,0.0,,46,48,314,0,0,0,6550.4,0.233,0.233,1526.24
2023-10-16,S000,SKU030,Beverages,North,Metro,34.82,34.82,0,0.0,End-cap,44,46,670,0,0,0,1532.08,0.331,0.331,507.12
2023-10-17,S000,SKU003,Beverages,North,Metro,164.84,164.84,0,0.0,Shelf-talker,35,35,161,0,0,0,5769.4,0.173,0.173,998.11
2023-10-17,S000,SKU012,Beverages,North,Metro,237.61,237.61,0,0.0,,67,67,226,0,0,0,15919.87,0.251,0.251,3995.89
2023-10-17,S000,SKU017,Beverages,North,Metro,95.97,95.97,0,0.0,,21,21,145,0,0,0,2015.37,0.197,0.197,397.03
2023-10-17,S000,SKU020,Beverages,North,Metro,142.4,142.4,0,0.0,,60,60,255,0,0,0,8544.0,0.233,0.233,1990.75
2023-10-17,S000,SKU030,Beverages,North,Metro,34.82,34.82,0,0.0,,55,55,615,0,0,0,1915.1,0.331,0.331,633.9
2023-10-18,S000,SKU003,Beverages,North,Metro,164.84,164.84,0,0.0,,40,40,121,0,0,0,6593.6,0.173,0.173,1140.69
2023-10-18,S000,SKU012,Beverages,North,Metro,237.61,237.61,0,0.0,End-cap,37,37,189,0,0,0,8791.57,0.251,0.251,2206.68
2023-10-18,S000,SKU017,Beverages,North,Metro,95.97,95.97,0,0.0,,17,17,128,0,0,0,1631.49,0.197,0.197,321.4
2023-10-18,S000,SKU020,Beverages,North,Metro,142.4,142.4,0,0.0,Floor-stack,72,72,182,0,0,0,10252.8,0.233,0.233,2388.9
2023-10-18,S000,SKU030,Beverages,North,Metro,34.82,34.82,0,0.0,,52,52,563,0,0,0,1810.64,0.331,0.331,599.32
2023-10-19,S000,SKU003,Beverages,North,Metro,164.84,164.84,0,0.0,,23,23,98,0,0,0,3791.32,0.173,0.173,655.9
2023-10-19,S000,SKU012,Beverages,North,Metro,237.61,237.61,0,0.0,,50,50,139,0,0,0,11880.5,0.251,0.251,2982.01
2023-10-19,S000,SKU017,Beverages,North,Metro,95.97,95.97,0,0.0,,17,17,112,0,0,0,1631.49,0.197,0.197,321.4
2023-10-19,S000,SKU020,Beverages,North,Metro,142.4,142.4,0,0.0,End-cap,43,43,140,0,0,0,6123.2,0.233,0.233,1426.71
2023-10-19,S000,SKU030,Beverages,North,Metro,34.82,34.82,0,0.0,Shelf-talker,47,47,516,0,0,0,1636.54,0.331,0.331,541.69
2023-10-20,S000,SKU003,Beverages,North,Metro,164.84,164.84,0,0.0,,42,42,56,0,0,0,6923.28,0.173,0.173,1197.73
2023-10-20,S000,SKU012,Beverages,North,Metro,237.61,237.61,0,0.0,Shelf-talker,41,41,97,0,0,0,9742.01,0.251,0.251,2445.24
2023-10-20,S000,SKU017,Beverages,North,Metro,95.97,95.97,0,0.0,,20,20,91,0,0,0,1919.4,0.197,0.197,378.12
2023-10-20,S000,SKU020,Beverages,North,Metro,142.4,142.4,0,0.0,,43,43,97,0,0,0,6123.2,0.233,0.233,1426.71
2023-10-20,S000,SKU030,Beverages,North,Metro,34.82,34.82,0,0.0,End-cap,47,47,469,0,0,0,1636.54,0.331,0.331,541.69
2023-10-21,S000,SKU003,Beverages,North,Metro,164.84,164.84,0,0.0,,53,53,3,1,0,0,8736.52,0.173,0.173,1511.42
2023-10-21,S000,SKU012,Beverages,North,Metro,237.61,237.61,0,0.0,Shelf-talker,57,57,40,1,0,0,13543.77,0.251,0.251,3399.49
2023-10-21,S000,SKU017,Beverages,North,Metro,95.97,95.97,0,0.0,Floor-stack,30,30,61,1,0,0,2879.1,0.197,0.197,567.18
2023-10-21,S000,SKU020,Beverages,North,Metro,142.4,142.4,0,0.0,End-cap,85,85,12,1,0,0,12104.0,0.233,0.233,2820.23
2023-10-21,S000,SKU030,Beverages,North,Metro,34.82,34.82,0,0.0,,41,41,429,1,0,0,1427.62,0.331,0.331,472.54
2023-10-22,S000,SKU003,Beverages,North,Metro,164.84,164.84,0,0.0,,63,63,307,1,0,0,10384.92,0.173,0.173,1796.59
2023-10-22,S000,SKU012,Beverages,North,Metro,237.61,237.61,0,0.0,End-cap,64,64,368,1,0,0,15207.04,0.251,0.251,3816.97
2023-10-22,S000,SKU017,Beverages,North,Metro,95.97,95.97,0,0.0,,27,27,177,1,0,0,2591.19,0.197,0.197,510.46
2023-10-22,S000,SKU020,Beverages,North,Metro,142.4,142.4,0,0.0,,72,72,357,1,0,0,10252.8,0.233,0.233,2388.9
2023-10-22,S000,SKU030,Beverages,North,Metro,34.82,34.82,0,0.0,,81,81,739,1,0,0,2820.42,0.331,0.331,933.56
2023-10-23,S000,SKU003,Beverages,North,Metro,164.84,164.84,0,0.0,,29,29,279,0,0,0,4780.36,0.173,0.173,827.0
2023-10-23,S000,SKU012,Beverages,North,Metro,237.61,237.61,0,0.0,End-cap,43,43,325,0,0,0,10217.23,0.251,0.251,2564.52
2023-10-23,S000,SKU017,Beverages,North,Metro,95.97,95.97,0,0.0,End-cap,25,25,152,0,0,0,2399.25,0.197,0.197,472.65
2023-10-23,S000,SKU020,Beverages,North,Metro,142.4,142.4,0,0.0,,69,69,287,0,0,0,9825.6,0.233,0.233,2289.36
2023-10-23,S000,SKU030,Beverages,North,Metro,34.82,34.82,0,0.0,Shelf-talker,31,31,708,0,0,0,1079.42,0.331,0.331,357.29
2023-10-24,S000,SKU003,Beverages,North,Metro,164.84,164.84,0,0.0,End-cap,52,52,227,0,0,0,8571.68,0.173,0.173,1482.9
2023-10-24,S000,SKU012,Beverages,North,Metro,237.61,237.61,0,0.0,,58,58,267,0,0,0,13781.38,0.251,0.251,3459.13
2023-10-24,S000,SKU017,Beverages,North,Metro,95.97,95.97,0,0.0,,21,21,131,0,0,0,2015.37,0.197,0.197,397.03
2023-10-24,S000,SKU020,Beverages,North,Metro,142.4,142.4,0,0.0,,49,49,239,0,0,0,6977.6,0.233,0.233,1625.78
2023-10-24,S000,SKU030,Beverages,North,Metro,34.82,34.82,0,0.0,End-cap,54,54,654,0,0,0,1880.28,0.331,0.331,622.37
2023-10-25,S000,SKU003,Beverages,North,Metro,164.84,164.84,0,0.0,,50,50,177,0,0,0,8242.0,0.173,0.173,1425.87
2023-10-25,S000,SKU012,Beverages,North,Metro,237.61,237.61,0,0.0,,65,65,202,0,0,0,15444.65,0.251,0.251,3876.61
2023-10-25,S000,SKU017,Beverages,North,Metro,95.97,95.97,0,0.0,,21,21,111,0,0,0,2015.37,0.197,0.197,397.03
2023-10-25,S000,SKU020,Beverages,North,Metro,142.4,142.4,0,0.0,Shelf-talker,58,58,181,0,0,0,8259.2,0.233,0.233,1924.39
2023-10-25,S000,SKU030,Beverages,North,Metro,34.82,34.82,0,0.0,End-cap,50,50,604,0,0,0,1741.0,0.331,0.331,576.27
2023-10-26,S000,SKU003,Beverages,North,Metro,164.84,164.84,0,0.0,Shelf-talker,53,53,124,0,0,0,8736.52,0.173,0.173,1511.42
2023-10-26,S000,SKU012,Beverages,North,Metro,237.61,237.61,0,0.0,,60,60,142,0,0,0,14256.6,0.251,0.251,3578.41
2023-10-26,S000,SKU017,Beverages,North,Metro,95.97,95.97,0,0.0,End-cap,21,21,89,0,0,0,2015.37,0.197,0.197,397.03
2023-10-26,S000,SKU020,Beverages,North,Metro,142.4,142.4,0,0.0,End-cap,64,64,117,0,0,0,9113.6,0.233,0.233,2123.47
2023-10-26,S000,SKU030,Beverages,North,Metro,34.82,34.82,0,0.0,,47,47,557,0,0,0,1636.54,0.331,0.331,541.69
2023-10-27,S000,SKU003,Beverages,North,Metro,164.84,164.84,0,0.0,Floor-stack,43,43,81,0,0,0,7088.12,0.173,0.173,1226.24
2023-10-27,S000,SKU012,Beverages,North,Metro,237.61,237.61,0,0.0,,62,62,81,0,0,0,14731.82,0.251,0.251,3697.69
2023-10-27,S000,SKU017,Beverages,North,Metro,95.97,95.97,0,0.0,End-cap,24,24,65,0,0,0,2303.28,0.197,0.197,453.75
2023-10-27,S000,SKU020,Beverages,North,Metro,142.4,142.4,0,0.0,,59,59,57,0,0,0,8401.6,0.233,0.233,1957.57
2023-10-27,S000,SKU030,Beverages,North,Metro,34.82,34.82,0,0.0,,50,50,507,0,0,0,1741.0,0.331,0.331,576.27
2023-10-28,S000,SKU003,Beverages,North,Metro,164.84,164.84,0,0.0,,81,93,0,1,1,1,13352.04,0.173,0.173,2309.9
2023-10-28,S000,SKU012,Beverages,North,Metro,237.61,237.61,0,0.0,End-cap,71,71,9,1,1,1,16870.31,0.251,0.251,4234.45
2023-10-28,S000,SKU017,Beverages,North,Metro,95.97,95.97,0,0.0,End-cap,42,42,23,1,1,1,4030.74,0.197,0.197,794.06
2023-10-28,S000,SKU020,Beverages,North,Metro,142.4,142.4,0,0.0,Shelf-talker,57,71,0,1,1,1,8116.8,0.233,0.233,1891.21
2023-10-28,S000,SKU030,Beverages,North,Metro,34.82,34.82,0,0.0,,80,80,427,1,1,1,2785.6,0.331,0.331,922.03
2023-10-29,S000,SKU003,Beverages,North,Metro,164.84,164.84,0,0.0,,46,46,352,1,1,0,7582.64,0.173,0.173,1311.8
2023-10-29,S000,SKU012,Beverages,North,Metro,237.61,237.61,0,0.0,,72,72,345,1,1,0,17107.92,0.251,0.251,4294.09
2023-10-29,S000,SKU017,Beverages,North,Metro,95.97,95.97,0,0.0,,22,22,156,1,1,0,2111.34,0.197,0.197,415.93
2023-10-29,S000,SKU020,Beverages,North,Metro,142.4,142.4,0,0.0,,125,125,277,1,1,0,17800.0,0.233,0.233,4147.4
2023-10-29,S000,SKU030,Beverages,North,Metro,34.82,34.82,0,0.0,,81,81,713,1,1,0,2820.42,0.331,0.331,933.56
2023-10-30,S000,SKU003,Beverages,North,Metro,164.84,164.84,0,0.0,Shelf-talker,54,58,295,0,1,0,8901.36,0.173,0.173,1539.94
2023-10-30,S000,SKU012,Beverages,North,Metro,237.61,237.61,0,0.0,,63,67,278,0,1,0,14969.43,0.251,0.251,3757.33
2023-10-30,S000,SKU017,Beverages,North,Metro,95.97,86.37,1,10.0,,41,41,114,0,1,0,3541.17,0.197,0.137,485.14
2023-10-30,S000,SKU020,Beverages,North,Metro,142.4,142.4,0,0.0,,68,71,207,0,1,0,9683.2,0.233,0.233,2256.19
2023-10-30,S000,SKU030,Beverages,North,Metro,34.82,34.82,0,0.0,Floor-stack,42,45,668,0,1,0,1462.44,0.331,0.331,484.07
2023-10-31,S000,SKU003,Beverages,North,Metro,164.84,164.84,0,0.0,Floor-stack,43,44,250,0,1,0,7088.12,0.173,0.173,1226.24
2023-10-31,S000,SKU012,Beverages,North,Metro,237.61,237.61,0,0.0,End-cap,69,72,206,0,1,0,16395.09,0.251,0.251,4115.17
2023-10-31,S000,SKU017,Beverages,North,Metro,95.97,86.37,1,10.0,End-cap,38,38,76,0,1,0,3282.06,0.197,0.137,449.64
2023-10-31,S000,SKU020,Beverages,North,Metro,142.4,142.4,0,0.0,,49,52,155,0,1,0,6977.6,0.233,0.233,1625.78
2023-10-31,S000,SKU030,Beverages,North,Metro,34.82,34.82,0,0.0,,61,63,605,0,1,0,2124.02,0.331,0.331,703.05
2023-11-01,S000,SKU003,Beverages,North,Metro,164.84,164.84,0,0.0,Shelf-talker,36,37,213,0,1,0,5934.24,0.173,0.173,1026.62
2023-11-01,S000,SKU012,Beverages,North,Metro,237.61,237.61,0,0.0,Shelf-talker,78,83,123,0,1,0,18533.58,0.251,0.251,4651.93
2023-11-01,S000,SKU017,Beverages,North,Metro,95.97,86.37,1,10.0,End-cap,36,36,41,0,1,0,3109.32,0.197,0.137,425.98
2023-11-01,S000,SKU020,Beverages,North,Metro,142.4,142.4,0,0.0,,68,73,82,0,1,0,9683.2,0.233,0.233,2256.19
2023-11-01,S000,SKU030,Beverages,North,Metro,34.82,34.82,0,0.0,,50,53,552,0,1,0,1741.0,0.331,0.331,576.27
2023-11-02,S000,SKU003,Beverages,North,Metro,164.84,164.84,0,0.0,,42,42,172,0,1,0,6923.28,0.173,0.173,1197.73
2023-11-02,S000,SKU012,Beverages,North,Metro,237.61,237.61,0,0.0,End-cap,75,75,47,0,1,0,17820.75,0.251,0.251,4473.01
2023-11-02,S000,SKU017,Beverages,North,Metro,95.97,95.97,0,0.0,,16,16,25,0,1,0,1535.52,0.197,0.197,302.5
2023-11-02,S000,SKU020,Beverages,North,Metro,142.4,142.4,0,0.0,,75,75,7,0,1,0,10680.0,0.233,0.233,2488.44
2023-11-02,S000,SKU030,Beverages,North,Metro,34.82,34.82,0,0.0,,56,56,496,0,1,0,1949.92,0.331,0.331,645.42
2023-11-03,S000,SKU003,Beverages,North,Metro,164.84,164.84,0,0.0,,44,44,127,0,0,0,7252.96,0.173,0.173,1254.76
2023-11-03,S000,SKU012,Beverages,North,Metro,237.61,237.61,0,0.0,,47,62,0,0,0,0,11167.67,0.251,0.251,2803.09
2023-11-03,S000,SKU017,Beverages,North,Metro,95.97,95.97,0,0.0,,14,14,11,0,0,0,1343.58,0.197,0.197,264.69
2023-11-03,S000,SKU020,Beverages,North,Metro,142.4,142.4,0,0.0,Floor-stack,7,69,0,0,0,0,996.8,0.233,0.233,232.25
2023-11-03,S000,SKU030,Beverages,North,Metro,34.82,34.82,0,0.0,,47,47,449,0,0,0,1636.54,0.331,0.331,541.69
2023-11-04,S000,SKU003,Beverages,North,Metro,164.84,164.84,0,0.0,,47,47,80,1,0,0,7747.48,0.173,0.173,1340.31
2023-11-04,S000,SKU012,Beverages,North,Metro,237.61,237.61,0,0.0,Shelf-talker,0,99,0,1,0,0,0.0,0.251,0.251,0.0
2023-11-04,S000,SKU017,Beverages,North,Metro,95.97,95.97,0,0.0,Shelf-talker,11,23,0,1,0,0,1055.67,0.197,0.197,207.97
2023-11-04,S000,SKU020,Beverages,North,Metro,142.4,142.4,0,0.0,,0,86,0,1,0,0,0.0,0.233,0.233,0.0
2023-11-04,S000,SKU030,Beverages,North,Metro,34.82,34.82,0,0.0,End-cap,62,62,386,1,0,0,2158.84,0.331,0.331,714.58
2023-11-05,S000,SKU003,Beverages,North,Metro,164.84,164.84,0,0.0,Shelf-talker,59,59,354,1,0,0,9725.56,0.173,0.173,1682.52
2023-11-05,S000,SKU012,Beverages,North,Metro,237.61,237.61,0,0.0,,68,68,362,1,0,0,16157.48,0.251,0.251,4055.53
2023-11-05,S000,SKU017,Beverages,North,Metro,95.97,95.97,0,0.0,,18,18,161,1,0,0,1727.46,0.197,0.197,340.31
2023-11-05,S000,SKU020,Beverages,North,Metro,142.4,142.4,0,0.0,,71,71,336,1,0,0,10110.4,0.233,0.233,2355.72
2023-11-05,S000,SKU030,Beverages,North,Metro,34.82,34.82,0,0.0,End-cap,70,70,722,1,0,0,2437.4,0.331,0.331,806.78
2023-11-06,S000,SKU003,Beverages,North,Metro,164.84,164.84,0,0.0,End-cap,30,30,324,0,0,0,4945.2,0.173,0.173,855.52
2023-11-06,S000,SKU012,Beverages,North,Metro,237.61,237.61,0,0.0,End-cap,51,51,312,0,0,0,12118.11,0.251,0.251,3041.65
2023-11-06,S000,SKU017,Beverages,North,Metro,95.97,95.97,0,0.0,End-cap,18,18,143,0,0,0,1727.46,0.197,0.197,340.31
2023-11-06,S000,SKU020,Beverages,North,Metro,142.4,142.4,0,0.0,,40,40,296,0,0,0,5696.0,0.233,0.233,1327.17
2023-11-06,S000,SKU030,Beverages,North,Metro,34.82,34.82,0,0.0,Shelf-talker,51,51,671,0,0,0,1775.82,0.331,0.331,587.8
2023-11-07,S000,SKU003,Beverages,North,Metro,164.84,164.84,0,0.0,,27,27,297,0,0,0,4450.68,0.173,0.173,769.97
2023-11-07,S000,SKU012,Beverages,North,Metro,237.61,237.61,0,0.0,,55,55,257,0,0,0,13068.55,0.251,0.251,3280.21
2023-11-07,S000,SKU017,Beverages,North,Metro,95.97,95.97,0,0.0,End-cap,22,22,121,0,0,0,2111.34,0.197,0.197,415.93
2023-11-07,S000,SKU020,Beverages,North,Metro,142.4,142.4,0,0.0,,63,63,232,0,0,0,8971.2,0.233,0.233,2090.29
2023-11-07,S000,SKU030,Beverages,North,Metro,34.82,34.82,0,0.0,,60,60,611,0,0,0,2089.2,0.331,0.331,691.53
2023-11-08,S000,SKU003,Beverages,North,Metro,164.84,164.84,0,0.0,End-cap,55,55,242,0,0,0,9066.2,0.173,0.173,1568.45
2023-11-08,S000,SKU012,Beverages,North,Metro,237.61,237.61,0,0.0,,45,45,212,0,0,0,10692.45,0.251,0.251,2683.8
2023-11-08,S000,SKU017,Beverages,North,Metro,95.97,95.97,0,0.0,,17,17,104,0,0,0,1631.49,0.197,0.197,321.4
2023-11-08,S000,SKU020,Beverages,North,Metro,142.4,142.4,0,0.0,,41,41,191,0,0,0,5838.4,0.233,0.233,1360.35
2023-11-08,S000,SKU030,Beverages,North,Metro,34.82,34.82,0,0.0,Shelf-talker,61,61,551,0,0,0,2124.02,0.331,0.331,703.05
2023-11-09,S000,SKU003,Beverages,North,Metro,164.84,164.84,0,0.0,,51,51,190,0,0,0,8406.84,0.173,0.173,1454.38
2023-11-09,S000,SKU012,Beverages,North,Metro,237.61,237.61,0,0.0,Floor-stack,54,54,158,0,0,0,12830.94,0.251,0.251,3220.57
2023-11-09,S000,SKU017,Beverages,North,Metro,95.97,95.97,0,0.0,,20,20,84,0,0,0,1919.4,0.197,0.197,378.12
2023-11-09,S000,SKU020,Beverages,North,Metro,142.4,142.4,0,0.0,,71,71,120,0,0,0,10110.4,0.233,0.233,2355.72
2023-11-09,S000,SKU030,Beverages,North,Metro,34.82,34.82,0,0.0,Floor-stack,54,54,497,0,0,0,1880.28,0.331,0.331,622.37
2023-11-10,S000,SKU003,Beverages,North,Metro,164.84,164.84,0,0.0,End-cap,36,36,155,0,0,0,5934.24,0.173,0.173,1026.62
2023-11-10,S000,SKU012,Beverages,North,Metro,237.61,237.61,0,0.0,,37,37,121,0,0,0,8791.57,0.251,0.251,2206.68
2023-11-10,S000,SKU017,Beverages,North,Metro,95.97,95.97,0,0.0,,16,16,69,0,0,0,1535.52,0.197,0.197,302.5
2023-11-10,S000,SKU020,Beverages,North,Metro,142.4,142.4,0,0.0,,51,51,69,0,0,0,7262.4,0.233,0.233,1692.14
2023-11-10,S000,SKU030,Beverages,North,Metro,34.82,34.82,0,0.0,Floor-stack,57,57,439,0,0,0,1984.74,0.331,0.331,656.95
2023-11-11,S000,SKU003,Beverages,North,Metro,164.84,164.84,0,0.0,,56,56,99,1,0,0,9231.04,0.173,0.173,1596.97
2023-11-11,S000,SKU012,Beverages,North,Metro,237.61,237.61,0,0.0,,61,61,61,1,0,0,14494.21,0.251,0.251,3638.05
2023-11-11,S000,SKU017,Beverages,North,Metro,95.97,95.97,0,0.0,End-cap,26,26,43,1,0,0,2495.22,0.197,0.197,491.56
2023-11-11,S000,SKU020,Beverages,North,Metro,142.4,142.4,0,0.0,,69,82,0,1,0,0,9825.6,0.233,0.233,2289.36
2023-11-11,S000,SKU030,Beverages,North,Metro,34.82,34.82,0,0.0,,88,88,352,1,0,0,3064.16,0.331,0.331,1014.24
2023-11-12,S000,SKU003,Beverages,North,Metro,164.84,164.84,0,0.0,End-cap,66,66,342,1,0,0,10879.44,0.173,0.173,1882.14
2023-11-12,S000,SKU012,Beverages,North,Metro,237.61,237.61,0,0.0,,66,66,486,1,0,0,15682.26,0.251,0.251,3936.25
2023-11-12,S000,SKU017,Beverages,North,Metro,95.97,95.97,0,0.0,Floor-stack,27,27,153,1,0,0,2591.19,0.197,0.197,510.46
2023-11-12,S000,SKU020,Beverages,North,Metro,142.4,142.4,0,0.0,,65,65,455,1,0,0,9256.0,0.233,0.233,2156.65
2023-11-12,S000,SKU030,Beverages,North,Metro,34.82,34.82,0,0.0,,48,48,680,1,0,0,1671.36,0.331,0.331,553.22
2023-11-13,S000,SKU003,Beverages,North,Metro,164.84,164.84,0,0.0,End-cap,48,48,294,0,0,0,7912.32,0.173,0.173,1368.83
2023-11-13,S000,SKU012,Beverages,North,Metro,237.61,237.61,0,0.0,Floor-stack,62,62,424,0,0,0,14731.82,0.251,0.251,3697.69
2023-11-13,S000,SKU017,Beverages,North,Metro,95.97,95.97,0,0.0,,14,14,139,0,0,0,1343.58,0.197,0.197,264.69
2023-11-13,S000,SKU020,Beverages,North,Metro,142.4,142.4,0,0.0,End-cap,53,53,402,0,0,0,7547.2,0.233,0.233,1758.5
2023-11-13,S000,SKU030,Beverages,North,Metro,34.82,34.82,0,0.0,Floor-stack,61,61,619,0,0,0,2124.02,0.331,0.331,703.05
2023-11-14,S000,SKU003,Beverages,North,Metro,164.84,164.84,0,0.0,End-cap,45,45,249,0,0,0,7417.8,0.173,0.173,1283.28
2023-11-14,S000,SKU012,Beverages,North,Metro,237.61,237.61,0,0.0,Shelf-talker,64,64,360,0,0,0,15207.04,0.251,0.251,3816.97
2023-11-14,S000,SKU017,Beverages,North,Metro,95.97,95.97,0,0.0,,17,17,122,0,0,0,1631.49,0.197,0.197,321.4
2023-11-14,S000,SKU020,Beverages,North,Metro,142.4,142.4,0,0.0,Floor-stack,50,50,351,0,0,0,7120.0,0.233,0.233,1658.96
2023-11-14,S000,SKU030,Beverages,North,Metro,34.82,34.82,0,0.0,Shelf-talker,65,65,553,0,0,0,2263.3,0.331,0.331,749.15
2023-11-15,S000,SKU003,Beverages,North,Metro,164.84,164.84,0,0.0,,53,53,196,0,0,0,8736.52,0.173,0.173,1511.42
2023-11-15,S000,SKU012,Beverages,North,Metro,237.61,237.61,0,0.0,,44,44,316,0,0,0,10454.84,0.251,0.251,2624.16
2023-11-15,S000,SKU017,Beverages,North,Metro,95.97,95.97,0,0.0,,15,15,107,0,0,0,1439.55,0.197,0.197,283.59
2023-11-15,S000,SKU020,Beverages,North,Metro,142.4,142.4,0,0.0,,66,66,285,0,0,0,9398.4,0.233,0.233,2189.83
2023-11-15,S000,SKU030,Beverages,North,Metro,34.82,34.82,0,0.0,,55,55,498,0,0,0,1915.1,0.331,0.331,633.9
2023-11-16,S000,SKU003,Beverages,North,Metro,164.84,164.84,0,0.0,Shelf-talker,38,38,158,0,0,0,6263.92,0.173,0.173,1083.66
2023-11-16,S000,SKU012,Beverages,North,Metro,237.61,237.61,0,0.0,End-cap,73,73,242,0,0,0,17345.53,0.251,0.251,4353.73
2023-11-16,S000,SKU017,Beverages,North,Metro,95.97,95.97,0,0.0,End-cap,21,21,86,0,0,0,2015.37,0.197,0.197,397.03
2023-11-16,S000,SKU020,Beverages,North,Metro,142.4,142.4,0,0.0,End-cap,52,52,233,0,0,0,7404.8,0.233,0.233,1725.32
2023-11-16,S000,SKU030,Beverages,North,Metro,34.82,34.82,0,0.0,Shelf-talker,69,69,430,0,0,0,2402.58,0.331,0.331,795.25
2023-11-17,S000,SKU003,Beverages,North,Metro,164.84,164.84,0,0.0,End-cap,44,44,113,0,0,0,7252.96,0.173,0.173,1254.76
2023-11-17,S000,SKU012,Beverages,North,Metro,237.61,237.61,0,0.0,,55,55,188,0,0,0,13068.55,0.251,0.251,3280.21
2023-11-17,S000,SKU017,Beverages,North,Metro,95.97,95.97,0,0.0,,20,20,66,0,0,0,1919.4,0.197,0.197,378.12
2023-11-17,S000,SKU020,Beverages,North,Metro,142.4,142.4,0,0.0,End-cap,67,67,167,0,0,0,9540.8,0.233,0.233,2223.01
2023-11-17,S000,SKU030,Beverages,North,Metro,34.82,34.82,0,0.0,Shelf-talker,67,67,363,0,0,0,2332.94,0.331,0.331,772.2
2023-11-18,S000,SKU003,Beverages,North,Metro,164.84,164.84,0,0.0,,55,55,58,1,0,0,9066.2,0.173,0.173,1568.45
2023-11-18,S000,SKU012,Beverages,North,Metro,237.61,237.61,0,0.0,End-cap,70,70,118,1,0,0,16632.7,0.251,0.251,4174.81
2023-11-18,S000,SKU017,Beverages,North,Metro,95.97,95.97,0,0.0,Shelf-talker,24,24,42,1,0,0,2303.28,0.197,0.197,453.75
2023-11-18,S000,SKU020,Beverages,North,Metro,142.4,142.4,0,0.0,End-cap,66,66,101,1,0,0,9398.4,0.233,0.233,2189.83
2023-11-18,S000,SKU030,Beverages,North,Metro,34.82,34.82,0,0.0,Shelf-talker,60,60,302,1,0,0,2089.2,0.331,0.331,691.53
2023-11-19,S000,SKU003,Beverages,North,Metro,164.84,164.84,0,0.0,,53,53,343,1,0,0,8736.52,0.173,0.173,1511.42
2023-11-19,S000,SKU012,Beverages,North,Metro,237.61,237.61,0,0.0,,48,48,539,1,0,0,11405.28,0.251,0.251,2862.73
2023-11-19,S000,SKU017,Beverages,North,Metro,95.97,95.97,0,0.0,,24,24,177,1,0,0,2303.28,0.197,0.197,453.75
2023-11-19,S000,SKU020,Beverages,North,Metro,142.4,142.4,0,0.0,End-cap,71,71,427,1,0,0,10110.4,0.233,0.233,2355.72
2023-11-19,S000,SKU030,Beverages,North,Metro,34.82,34.82,0,0.0,,61,61,663,1,0,0,2124.02,0.331,0.331,703.05
2023-11-20,S000,SKU003,Beverages,North,Metro,164.84,164.84,0,0.0,End-cap,41,41,302,0,0,0,6758.44,0.173,0.173,1169.21
2023-11-20,S000,SKU012,Beverages,North,Metro,237.61,237.61,0,0.0,,47,47,492,0,0,0,11167.67,0.251,0.251,2803.09
2023-11-20,S000,SKU017,Beverages,North,Metro,95.97,95.97,0,0.0,,20,20,157,0,0,0,1919.4,0.197,0.197,378.12
2023-11-20,S000,SKU020,Beverages,North,Metro,142.4,142.4,0,0.0,,59,59,368,0,0,0,8401.6,0.233,0.233,1957.57
2023-11-20,S000,SKU030,Beverages,North,Metro,34.82,34.82,0,0.0,End-cap,56,56,607,0,0,0,1949.92,0.331,0.331,645.42
2023-11-21,S000,SKU003,Beverages,North,Metro,164.84,164.84,0,0.0,,43,45,257,0,0,0,7088.12,0.173,0.173,1226.24
2023-11-21,S000,SKU012,Beverages,North,Metro,237.61,237.61,0,0.0,End-cap,61,63,428,0,0,0,14494.21,0.251,0.251,3638.05
2023-11-21,S000,SKU017,Beverages,North,Metro,95.97,95.97,0,0.0,,20,21,136,0,0,0,1919.4,0.197,0.197,378.12
2023-11-21,S000,SKU020,Beverages,North,Metro,142.4,142.4,0,0.0,Floor-stack,56,60,308,0,0,0,7974.4,0.233,0.233,1858.04
2023-11-21,S000,SKU030,Beverages,North,Metro,34.82,26.12,1,25.0,End-cap,79,79,528,0,0,0,2063.48,0.331,0.181,373.49
2023-11-22,S000,SKU003,Beverages,North,Metro,164.84,164.84,0,0.0,,41,44,213,0,0,0,6758.44,0.173,0.173,1169.21
2023-11-22,S000,SKU012,Beverages,North,Metro,237.61,237.61,0,0.0,Floor-stack,51,55,373,0,0,0,12118.11,0.251,0.251,3041.65
2023-11-22,S000,SKU017,Beverages,North,Metro,95.97,95.97,0,0.0,Shelf-talker,17,18,119,0,0,0,1631.49,0.197,0.197,321.4
2023-11-22,S000,SKU020,Beverages,North,Metro,142.4,142.4,0,0.0,,47,49,259,0,0,0,6692.8,0.233,0.233,1559.42
2023-11-22,S000,SKU030,Beverages,North,Metro,34.82,26.12,1,25.0,,132,132,396,0,0,0,3447.84,0.331,0.181,624.06
2023-11-23,S000,SKU003,Beverages,North,Metro,164.84,164.84,0,0.0,,34,36,177,0,0,0,5604.56,0.173,0.173,969.59
2023-11-23,S000,SKU012,Beverages,North,Metro,237.61,237.61,0,0.0,,52,54,319,0,0,0,12355.72,0.251,0.251,3101.29
2023-11-23,S000,SKU017,Beverages,North,Metro,95.97,95.97,0,0.0,End-cap,16,17,102,0,0,0,1535.52,0.197,0.197,302.5
2023-11-23,S000,SKU020,Beverages,North,Metro,142.4,142.4,0,0.0,,63,66,193,0,0,0,8971.2,0.233,0.233,2090.29
2023-11-23,S000,SKU030,Beverages,North,Metro,34.82,26.12,1,25.0,Shelf-talker,102,102,294,0,0,0,2664.24,0.331,0.181,482.23
2023-11-24,S000,SKU003,Beverages,North,Metro,164.84,164.84,0,0.0,,49,51,126,0,0,0,8077.16,0.173,0.173,1397.35
2023-11-24,S000,SKU012,Beverages,North,Metro,237.61,237.61,0,0.0,,52,56,263,0,0,0,12355.72,0.251,0.251,3101.29
2023-11-24,S000,SKU017,Beverages,North,Metro,95.97,95.97,0,0.0,,18,19,83,0,0,0,1727.46,0.197,0.197,340.31
2023-11-24,S000,SKU020,Beverages,North,Metro,142.4,142.4,0,0.0,End-cap,52,56,137,0,0,0,7404.8,0.233,0.233,1725.32
2023-11-24,S000,SKU030,Beverages,North,Metro,34.82,26.12,1,25.0,,90,90,205,0,0,0,2350.8,0.331,0.181,425.49
2023-11-25,S000,SKU003,Beverages,North,Metro,164.84,164.84,0,0.0,,44,46,80,1,0,0,7252.96,0.173,0.173,1254.76
2023-11-25,S000,SKU012,Beverages,North,Metro,237.61,237.61,0,0.0,Floor-stack,48,50,214,1,0,0,11405.28,0.251,0.251,2862.73
2023-11-25,S000,SKU017,Beverages,North,Metro,95.97,95.97,0,0.0,,23,24,59,1,0,0,2207.31,0.197,0.197,434.84
2023-11-25,S000,SKU020,Beverages,North,Metro,142.4,142.4,0,0.0,Floor-stack,76,81,56,1,0,0,10822.4,0.233,0.233,2521.62
2023-11-25,S000,SKU030,Beverages,North,Metro,34.82,26.12,1,25.0,,83,83,121,1,0,0,2167.96,0.331,0.181,392.4
2023-11-26,S000,SKU003,Beverages,North,Metro,164.84,164.84,0,0.0,End-cap,49,53,414,1,0,0,8077.16,0.173,0.173,1397.35
2023-11-26,S000,SKU012,Beverages,North,Metro,237.61,237.61,0,0.0,,64,66,523,1,0,0,15207.04,0.251,0.251,3816.97
2023-11-26,S000,SKU017,Beverages,North,Metro,95.97,95.97,0,0.0,Floor-stack,31,33,155,1,0,0,2975.07,0.197,0.197,586.09
2023-11-26,S000,SKU020,Beverages,North,Metro,142.4,142.4,0,0.0,,70,73,486,1,0,0,9968.0,0.233,0.233,2322.54
2023-11-26,S000,SKU030,Beverages,North,Metro,34.82,26.12,1,25.0,Shelf-talker,117,117,352,1,0,0,3056.04,0.331,0.181,553.14
2023-11-27,S000,SKU003,Beverages,North,Metro,164.84,164.84,0,0.0,,39,42,372,0,0,0,6428.76,0.173,0.173,1112.18
2023-11-27,S000,SKU012,Beverages,North,Metro,237.61,237.61,0,0.0,,65,67,456,0,0,0,15444.65,0.251,0.251,3876.61
2023-11-27,S000,SKU017,Beverages,North,Metro,95.97,95.97,0,0.0,Shelf-talker,17,18,137,0,0,0,1631.49,0.197,0.197,321.4
2023-11-27,S000,SKU020,Beverages,North,Metro,142.4,142.4,0,0.0,Floor-stack,61,65,421,0,0,0,8686.4,0.233,0.233,2023.93
2023-11-27,S000,SKU030,Beverages,North,Metro,34.82,26.12,1,25.0,,70,70,282,0,0,0,1828.4,0.331,0.181,330.94
2023-11-28,S000,SKU003,Beverages,North,Metro,164.84,164.84,0,0.0,End-cap,54,56,317,0,1,0,8901.36,0.173,0.173,1539.94
2023-11-28,S000,SKU012,Beverages,North,Metro,237.61,237.61,0,0.0,,72,76,380,0,1,0,17107.92,0.251,0.251,4294.09
2023-11-28,S000,SKU017,Beverages,North,Metro,95.97,76.78,1,20.0,,45,45,92,0,1,0,3455.1,0.197,0.077,266.04
2023-11-28,S000,SKU020,Beverages,North,Metro,142.4,142.4,0,0.0,End-cap,60,64,357,0,1,0,8544.0,0.233,0.233,1990.75
2023-11-28,S000,SKU030,Beverages,North,Metro,34.82,26.12,1,25.0,,120,120,162,0,1,0,3134.4,0.331,0.181,567.33
2023-11-29,S000,SKU003,Beverages,North,Metro,164.84,164.84,0,0.0,,31,32,284,0,1,0,5110.04,0.173,0.173,884.04
2023-11-29,S000,SKU012,Beverages,North,Metro,237.61,237.61,0,0.0,,59,62,318,0,1,0,14018.99,0.251,0.251,3518.77
2023-11-29,S000,SKU017,Beverages,North,Metro,95.97,76.78,1,20.0,Shelf-talker,46,46,45,0,1,0,3531.88,0.197,0.077,271.95
2023-11-29,S000,SKU020,Beverages,North,Metro,142.4,142.4,0,0.0,End-cap,57,60,297,0,1,0,8116.8,0.233,0.233,1891.21
2023-11-29,S000,SKU030,Beverages,North,Metro,34.82,26.12,1,25.0,Shelf-talker,58,58,104,0,1,0,1514.96,0.331,0.181,274.21
2023-11-30,S000,SKU003,Beverages,North,Metro,164.84,164.84,0,0.0,,59,61,223,0,1,0,9725.56,0.173,0.173,1682.52
2023-11-30,S000,SKU012,Beverages,North,Metro,237.61,237.61,0,0.0,,77,81,237,0,1,0,18295.97,0.251,0.251,4592.29
2023-11-30,S000,SKU017,Beverages,North,Metro,95.97,76.78,1,20.0,Floor-stack,45,54,0,0,1,0,3455.1,0.197,0.077,266.04
2023-11-30,S000,SKU020,Beverages,North,Metro,142.4,142.4,0,0.0,Shelf-talker,71,75,222,0,1,0,10110.4,0.233,0.233,2355.72
2023-11-30,S000,SKU030,Beverages,North,Metro,34.82,34.82,0,0.0,Shelf-talker,72,76,29,0,1,0,2507.04,0.331,0.331,829.83
2023-12-01,S000,SKU003,Beverages,North,Metro,164.84,164.84,0,0.0,,47,47,176,0,1,0,7747.48,0.173,0.173,1340.31
2023-12-01,S000,SKU012,Beverages,North,Metro,237.61,237.61,0,0.0,,50,50,187,0,1,0,11880.5,0.251,0.251,2982.01
2023-12-01,S000,SKU017,Beverages,North,Metro,95.97,95.97,0,0.0,,0,20,0,0,1,0,0.0,0.197,0.197,0.0
2023-12-01,S000,SKU020,Beverages,North,Metro,142.4,142.4,0,0.0,End-cap,65,65,157,0,1,0,9256.0,0.233,0.233,2156.65
2023-12-01,S000,SKU030,Beverages,North,Metro,34.82,34.82,0,0.0,Shelf-talker,29,57,0,0,1,0,1009.78,0.331,0.331,334.24
2023-12-02,S000,SKU003,Beverages,North,Metro,164.84,164.84,0,0.0,Shelf-talker,79,79,97,1,1,0,13022.36,0.173,0.173,2252.87
2023-12-02,S000,SKU012,Beverages,North,Metro,237.61,237.61,0,0.0,,65,65,122,1,1,0,15444.65,0.251,0.251,3876.61
2023-12-02,S000,SKU017,Beverages,North,Metro,95.97,95.97,0,0.0,,0,35,0,1,1,0,0.0,0.197,0.197,0.0
2023-12-02,S000,SKU020,Beverages,North,Metro,142.4,142.4,0,0.0,,109,109,48,1,1,0,15521.6,0.233,0.233,3616.53
2023-12-02,S000,SKU030,Beverages,North,Metro,34.82,34.82,0,0.0,,0,52,0,1,1,0,0.0,0.331,0.331,0.0
2023-12-03,S000,SKU003,Beverages,North,Metro,164.84,164.84,0,0.0,Floor-stack,52,52,407,1,0,0,8571.68,0.173,0.173,1482.9
2023-12-03,S000,SKU012,Beverages,North,Metro,237.61,237.61,0,0.0,,92,92,513,1,0,0,21860.12,0.251,0.251,5486.89
2023-12-03,S000,SKU017,Beverages,North,Metro,95.97,95.97,0,0.0,,24,24,116,1,0,0,2303.28,0.197,0.197,453.75
2023-12-03,S000,SKU020,Beverages,North,Metro,142.4,142.4,0,0.0,Shelf-talker,76,76,361,1,0,0,10822.4,0.233,0.233,2521.62
2023-12-03,S000,SKU030,Beverages,North,Metro,34.82,34.82,0,0.0,End-cap,66,66,326,1,0,0,2298.12,0.331,0.331,760.68
2023-12-04,S000,SKU003,Beverages,North,Metro,164.84,164.84,0,0.0,,45,45,362,0,0,0,7417.8,0.173,0.173,1283.28
2023-12-04,S000,SKU012,Beverages,North,Metro,237.61,237.61,0,0.0,Shelf-talker,61,61,452,0,0,0,14494.21,0.251,0.251,3638.05
2023-12-04,S000,SKU017,Beverages,North,Metro,95.97,95.97,0,0.0,,29,29,87,0,0,0,2783.13,0.197,0.197,548.28
2023-12-04,S000,SKU020,Beverages,North,Metro,142.4,142.4,0,0.0,,45,45,316,0,0,0,6408.0,0.233,0.233,1493.06
2023-12-04,S000,SKU030,Beverages,North,Metro,34.82,34.82,0,0.0,,53,53,273,0,0,0,1845.46,0.331,0.331,610.85
2023-12-05,S000,SKU003,Beverages,North,Metro,164.84,164.84,0,0.0,,61,61,301,0,0,0,10055.24,0.173,0.173,1739.56
2023-12-05,S000,SKU012,Beverages,North,Metro,237.61,237.61,0,0.0,,52,52,400,0,0,0,12355.72,0.251,0.251,3101.29
2023-12-05,S000,SKU017,Beverages,North,Metro,95.97,95.97,0,0.0,Shelf-talker,21,21,66,0,0,0,2015.37,0.197,0.197,397.03
2023-12-05,S000,SKU020,Beverages,North,Metro,142.4,142.4,0,0.0,Floor-stack,54,54,262,0,0,0,7689.6,0.233,0.233,1791.68
2023-12-05,S000,SKU030,Beverages,North,Metro,34.82,34.82,0,0.0,,52,52,221,0,0,0,1810.64,0.331,0.331,599.32
2023-12-06,S000,SKU003,Beverages,North,Metro,164.84,164.84,0,0.0,,43,43,257,0,0,0,7088.12,0.173,0.173,1226.24
2023-12-06,S000,SKU012,Beverages,North,Metro,237.61,237.61,0,0.0,End-cap,54,54,346,0,0,0,12830.94,0.251,0.251,3220.57
2023-12-06,S000,SKU017,Beverages,North,Metro,95.97,95.97,0,0.0,,16,16,50,0,0,0,1535.52,0.197,0.197,302.5
2023-12-06,S000,SKU020,Beverages,North,Metro,142.4,142.4,0,0.0,Shelf-talker,49,49,213,0,0,0,6977.6,0.233,0.233,1625.78
2023-12-06,S000,SKU030,Beverages,North,Metro,34.82,34.82,0,0.0,,66,66,156,0,0,0,2298.12,0.331,0.331,760.68
2023-12-07,S000,SKU003,Beverages,North,Metro,164.84,164.84,0,0.0,,56,56,202,0,0,0,9231.04,0.173,0.173,1596.97
2023-12-07,S000,SKU012,Beverages,North,Metro,237.61,237.61,0,0.0,,47,47,299,0,0,0,11167.67,0.251,0.251,2803.09
2023-12-07,S000,SKU017,Beverages,North,Metro,95.97,95.97,0,0.0,,19,19,31,0,0,0,1823.43,0.197,0.197,359.22
2023-12-07,S000,SKU020,Beverages,North,Metro,142.4,142.4,0,0.0,End-cap,72,72,141,0,0,0,10252.8,0.233,0.233,2388.9
2023-12-07,S000,SKU030,Beverages,North,Metro,34.82,34.82,0,0.0,,56,56,99,0,0,0,1949.92,0.331,0.331,645.42
2023-12-08,S000,SKU003,Beverages,North,Metro,164.84,164.84,0,0.0,Shelf-talker,46,46,156,0,0,0,7582.64,0.173,0.173,1311.8
2023-12-08,S000,SKU012,Beverages,North,Metro,237.61,237.61,0,0.0,,58,58,241,0,0,0,13781.38,0.251,0.251,3459.13
2023-12-08,S000,SKU017,Beverages,North,Metro,95.97,95.97,0,0.0,,25,25,6,0,0,0,2399.25,0.197,0.197,472.65
2023-12-08,S000,SKU020,Beverages,North,Metro,142.4,142.4,0,0.0,,69,69,72,0,0,0,9825.6,0.233,0.233,2289.36
2023-12-08,S000,SKU030,Beverages,North,Metro,34.82,34.82,0,0.0,End-cap,60,60,39,0,0,0,2089.2,0.331,0.331,691.53
2023-12-09,S000,SKU003,Beverages,North,Metro,164.84,164.84,0,0.0,,59,61,95,1,0,0,9725.56,0.173,0.173,1682.52
2023-12-09,S000,SKU012,Beverages,North,Metro,237.61,237.61,0,0.0,,66,71,170,1,0,0,15682.26,0.251,0.251,3936.25
2023-12-09,S000,SKU017,Beverages,North,Metro,95.97,95.97,0,0.0,End-cap,6,25,0,1,0,0,575.82,0.197,0.197,113.44
2023-12-09,S000,SKU020,Beverages,North,Metro,142.4,142.4,0,0.0,,67,75,0,1,0,0,9540.8,0.233,0.233,2223.01
2023-12-09,S000,SKU030,Beverages,North,Metro,34.82,31.34,1,10.0,,39,92,0,1,0,0,1222.26,0.331,0.271,331.23
2023-12-10,S000,SKU003,Beverages,North,Metro,164.84,164.84,0,0.0,Floor-stack,56,58,337,1,0,0,9231.04,0.173,0.173,1596.97
2023-12-10,S000,SKU012,Beverages,North,Metro,237.61,237.61,0,0.0,,65,69,577,1,0,0,15444.65,0.251,0.251,3876.61
2023-12-10,S000,SKU017,Beverages,North,Metro,95.97,95.97,0,0.0,,24,25,105,1,0,0,2303.28,0.197,0.197,453.75
2023-12-10,S000,SKU020,Beverages,North,Metro,142.4,142.4,0,0.0,,74,79,308,1,0,0,10537.6,0.233,0.233,2455.26
2023-12-10,S000,SKU030,Beverages,North,Metro,34.82,31.34,1,10.0,Shelf-talker,104,104,315,1,0,0,3259.36,0.331,0.271,883.29
2023-12-11,S000,SKU003,Beverages,North,Metro,164.84,164.84,0,0.0,End-cap,51,53,284,0,0,0,8406.84,0.173,0.173,1454.38
2023-12-11,S000,SKU012,Beverages,North,Metro,237.61,237.61,0,0.0,End-cap,42,44,534,0,0,0,9979.62,0.251,0.251,2504.88
2023-12-11,S000,SKU017,Beverages,North,Metro,95.97,95.97,0,0.0,,22,23,82,0,0,0,2111.34,0.197,0.197,415.93
2023-12-11,S000,SKU020,Beverages,North,Metro,142.4,142.4,0,0.0,,55,59,248,0,0,0,7832.0,0.233,0.233,1824.86
2023-12-11,S000,SKU030,Beverages,North,Metro,34.82,31.34,1,10.0,Floor-stack,59,59,255,0,0,0,1849.06,0.331,0.271,501.1
2023-12-12,S000,SKU003,Beverages,North,Metro,164.84,164.84,0,0.0,,37,40,244,0,0,0,6099.08,0.173,0.173,1055.14
2023-12-12,S000,SKU012,Beverages,North,Metro,237.61,237.61,0,0.0,,55,58,476,0,0,0,13068.55,0.251,0.251,3280.21
2023-12-12,S000,SKU017,Beverages,North,Metro,95.97,95.97,0,0.0,,18,19,64,0,0,0,1727.46,0.197,0.197,340.31
2023-12-12,S000,SKU020,Beverages,North,Metro,142.4,142.4,0,0.0,End-cap,66,70,179,0,0,0,9398.4,0.233,0.233,2189.83
2023-12-12,S000,SKU030,Beverages,North,Metro,34.82,31.34,1,10.0,,81,81,175,0,0,0,2538.54,0.331,0.271,687.94
2023-12-13,S000,SKU003,Beverages,North,Metro,164.84,164.84,0,0.0,Shelf-talker,35,37,207,0,0,0,5769.4,0.173,0.173,998.11
2023-12-13,S000,SKU012,Beverages,North,Metro,237.61,237.61,0,0.0,End-cap,48,50,426,0,0,0,11405.28,0.251,0.251,2862.73
2023-12-13,S000,SKU017,Beverages,North,Metro,95.97,95.97,0,0.0,Shelf-talker,18,19,44,0,0,0,1727.46,0.197,0.197,340.31
2023-12-13,S000,SKU020,Beverages,North,Metro,142.4,142.4,0,0.0,Shelf-talker,62,66,113,0,0,0,8828.8,0.233,0.233,2057.11
2023-12-13,S000,SKU030,Beverages,North,Metro,34.82,31.34,1,10.0,Shelf-talker,67,67,108,0,0,0,2099.78,0.331,0.271,569.04
2023-12-14,S000,SKU003,Beverages,North,Metro,164.84,164.84,0,0.0,,40,40,167,0,0,0,6593.6,0.173,0.173,1140.69
2023-12-14,S000,SKU012,Beverages,North,Metro,237.61,237.61,0,0.0,Floor-stack,45,45,381,0,0,0,10692.45,0.251,0.251,2683.8
2023-12-14,S000,SKU017,Beverages,North,Metro,95.97,95.97,0,0.0,,17,17,28,0,0,0,1631.49,0.197,0.197,321.4
2023-12-14,S000,SKU020,Beverages,North,Metro,142.4,142.4,0,0.0,End-cap,68,68,45,0,0,0,9683.2,0.233,0.233,2256.19
2023-12-14,S000,SKU030,Beverages,North,Metro,34.82,34.82,0,0.0,End-cap,65,65,43,0,0,0,2263.3,0.331,0.331,749.15
2023-12-15,S000,SKU003,Beverages,North,Metro,164.84,164.84,0,0.0,Shelf-talker,46,46,120,0,0,0,7582.64,0.173,0.173,1311.8
2023-12-15,S000,SKU012,Beverages,North,Metro,237.61,237.61,0,0.0,,68,68,314,0,0,0,16157.48,0.251,0.251,4055.53
2023-12-15,S000,SKU017,Beverages,North,Metro,95.97,95.97,0,0.0,,26,26,2,0,0,0,2495.22,0.197,0.197,491.56
2023-12-15,S000,SKU020,Beverages,North,Metro,142.4,142.4,0,0.0,,45,58,0,0,0,0,6408.0,0.233,0.233,1493.06
2023-12-15,S000,SKU030,Beverages,North,Metro,34.82,34.82,0,0.0,,43,53,0,0,0,0,1497.26,0.331,0.331,495.59
2023-12-16,S000,SKU003,Beverages,North,Metro,164.84,164.84,0,0.0,,55,55,66,1,0,0,9066.2,0.173,0.173,1568.45
2023-12-16,S000,SKU012,Beverages,North,Metro,237.61,237.61,0,0.0,Floor-stack,96,96,218,1,0,0,22810.56,0.251,0.251,5725.45
2023-12-16,S000,SKU017,Beverages,North,Metro,95.97,95.97,0,0.0,Shelf-talker,2,19,0,1,0,0,191.94,0.197,0.197,37.81
2023-12-16,S000,SKU020,Beverages,North,Metro,142.4,142.4,0,0.0,Floor-stack,0,67,0,1,0,0,0.0,0.233,0.233,0.0
2023-12-16,S000,SKU030,Beverages,North,Metro,34.82,34.82,0,0.0,,0,74,0,1,0,0,0.0,0.331,0.331,0.0
2023-12-17,S000,SKU003,Beverages,North,Metro,164.84,164.84,0,0.0,Shelf-talker,64,64,357,1,0,0,10549.76,0.173,0.173,1825.11
2023-12-17,S000,SKU012,Beverages,North,Metro,237.61,237.61,0,0.0,,93,93,587,1,0,0,22097.73,0.251,0.251,5546.53
2023-12-17,S000,SKU017,Beverages,North,Metro,95.97,95.97,0,0.0,,26,26,118,1,0,0,2495.22,0.197,0.197,491.56
2023-12-17,S000,SKU020,Beverages,North,Metro,142.4,142.4,0,0.0,Shelf-talker,84,84,370,1,0,0,11961.6,0.233,0.233,2787.05
2023-12-17,S000,SKU030,Beverages,North,Metro,34.82,34.82,0,0.0,End-cap,69,69,408,1,0,0,2402.58,0.331,0.331,795.25
2023-12-18,S000,SKU003,Beverages,North,Metro,164.84,164.84,0,0.0,,56,56,301,0,0,0,9231.04,0.173,0.173,1596.97
2023-12-18,S000,SKU012,Beverages,North,Metro,237.61,237.61,0,0.0,,61,61,525,0,0,0,14494.21,0.251,0.251,3638.05
2023-12-18,S000,SKU017,Beverages,North,Metro,95.97,95.97,0,0.0,End-cap,22,22,97,0,0,0,2111.34,0.197,0.197,415.93
2023-12-18,S000,SKU020,Beverages,North,Metro,142.4,142.4,0,0.0,End-cap,77,77,293,0,0,0,10964.8,0.233,0.233,2554.8
2023-12-18,S000,SKU030,Beverages,North,Metro,34.82,34.82,0,0.0,,70,70,339,0,0,0,2437.4,0.331,0.331,806.78
2023-12-19,S000,SKU003,Beverages,North,Metro,164.84,164.84,0,0.0,,38,38,263,0,0,0,6263.92,0.173,0.173,1083.66
2023-12-19,S000,SKU012,Beverages,North,Metro,237.61,237.61,0,0.0,,52,52,473,0,0,0,12355.72,0.251,0.251,3101.29
2023-12-19,S000,SKU017,Beverages,North,Metro,95.97,95.97,0,0.0,,20,20,77,0,0,0,1919.4,0.197,0.197,378.12
2023-12-19,S000,SKU020,Beverages,North,Metro,142.4,142.4,0,0.0,,72,72,221,0,0,0,10252.8,0.233,0.233,2388.9
2023-12-19,S000,SKU030,Beverages,North,Metro,34.82,34.82,0,0.0,End-cap,38,38,301,0,0,0,1323.16,0.331,0.331,437.97
2023-12-20,S000,SKU003,Beverages,North,Metro,164.84,164.84,0,0.0,Shelf-talker,40,40,224,0,0,0,6593.6,0.173,0.173,1140.69
2023-12-20,S000,SKU012,Beverages,North,Metro,237.61,237.61,0,0.0,Shelf-talker,54,54,418,0,0,0,12830.94,0.251,0.251,3220.57
2023-12-20,S000,SKU017,Beverages,North,Metro,95.97,95.97,0,0.0,Shelf-talker,15,15,61,0,0,0,1439.55,0.197,0.197,283.59
2023-12-20,S000,SKU020,Beverages,North,Metro,142.4,142.4,0,0.0,End-cap,78,78,143,0,0,0,11107.2,0.233,0.233,2587.98
2023-12-20,S000,SKU030,Beverages,North,Metro,34.82,34.82,0,0.0,,52,52,249,0,0,0,1810.64,0.331,0.331,599.32
2023-12-21,S000,SKU003,Beverages,North,Metro,164.84,164.84,0,0.0,,34,34,190,0,0,0,5604.56,0.173,0.173,969.59
2023-12-21,S000,SKU012,Beverages,North,Metro,237.61,237.61,0,0.0,End-cap,59,59,359,0,0,0,14018.99,0.251,0.251,3518.77
2023-12-21,S000,SKU017,Beverages,North,Metro,95.97,95.97,0,0.0,,16,16,45,0,0,0,1535.52,0.197,0.197,302.5
2023-12-21,S000,SKU020,Beverages,North,Metro,142.4,142.4,0,0.0,,62,62,81,0,0,0,8828.8,0.233,0.233,2057.11
2023-12-21,S000,SKU030,Beverages,North,Metro,34.82,34.82,0,0.0,,44,44,206,0,0,0,1532.08,0.331,0.331,507.12
2023-12-22,S000,SKU003,Beverages,North,Metro,164.84,164.84,0,0.0,,62,62,128,0,0,0,10220.08,0.173,0.173,1768.07
2023-12-22,S000,SKU012,Beverages,North,Metro,237.61,237.61,0,0.0,Floor-stack,51,51,309,0,0,0,12118.11,0.251,0.251,3041.65
2023-12-22,S000,SKU017,Beverages,North,Metro,95.97,95.97,0,0.0,,22,22,23,0,0,0,2111.34,0.197,0.197,415.93
2023-12-22,S000,SKU020,Beverages,North,Metro,142.4,142.4,0,0.0,,50,50,31,0,0,0,7120.0,0.233,0.233,1658.96
2023-12-22,S000,SKU030,Beverages,North,Metro,34.82,34.82,0,0.0,End-cap,33,33,173,0,0,0,1149.06,0.331,0.331,380.34
2023-12-23,S000,SKU003,Beverages,North,Metro,164.84,164.84,0,0.0,Shelf-talker,60,60,68,1,0,0,9890.4,0.173,0.173,1711.04
2023-12-23,S000,SKU012,Beverages,North,Metro,237.61,237.61,0,0.0,End-cap,85,85,223,1,0,0,20196.85,0.251,0.251,5069.41
2023-12-23,S000,SKU017,Beverages,North,Metro,95.97,95.97,0,0.0,,21,21,2,1,0,0,2015.37,0.197,0.197,397.03
2023-12-23,S000,SKU020,Beverages,North,Metro,142.4,142.4,0,0.0,End-cap,31,63,0,1,0,0,4414.4,0.233,0.233,1028.56
2023-12-23,S000,SKU030,Beverages,North,Metro,34.82,34.82,0,0.0,,54,54,119,1,0,0,1880.28,0.331,0.331,622.37
2023-12-24,S000,SKU003,Beverages,North,Metro,164.84,164.84,0,0.0,,79,79,335,1,0,1,13022.36,0.173,0.173,2252.87
2023-12-24,S000,SKU012,Beverages,North,Metro,237.61,237.61,0,0.0,,56,56,594,1,0,1,13306.16,0.251,0.251,3339.85
2023-12-24,S000,SKU017,Beverages,North,Metro,95.97,95.97,0,0.0,Floor-stack,20,20,119,1,0,1,1919.4,0.197,0.197,378.12
2023-12-24,S000,SKU020,Beverages,North,Metro,142.4,142.4,0,0.0,End-cap,121,121,324,1,0,1,17230.4,0.233,0.233,4014.68
2023-12-24,S000,SKU030,Beverages,North,Metro,34.82,34.82,0,0.0,End-cap,102,102,422,1,0,1,3551.64,0.331,0.331,1175.59
2023-12-25,S000,SKU003,Beverages,North,Metro,164.84,164.84,0,0.0,Shelf-talker,35,35,301,0,0,0,5769.4,0.173,0.173,998.11
2023-12-25,S000,SKU012,Beverages,North,Metro,237.61,237.61,0,0.0,Shelf-talker,52,52,542,0,0,0,12355.72,0.251,0.251,3101.29
2023-12-25,S000,SKU017,Beverages,North,Metro,95.97,95.97,0,0.0,Shelf-talker,21,21,98,0,0,0,2015.37,0.197,0.197,397.03
2023-12-25,S000,SKU020,Beverages,North,Metro,142.4,142.4,0,0.0,,40,40,284,0,0,0,5696.0,0.233,0.233,1327.17
2023-12-25,S000,SKU030,Beverages,North,Metro,34.82,34.82,0,0.0,End-cap,52,52,369,0,0,0,1810.64,0.331,0.331,599.32
2023-12-26,S000,SKU003,Beverages,North,Metro,164.84,148.36,1,10.0,End-cap,67,67,234,0,0,0,9940.12,0.173,0.1129999999999999,1123.23
2023-12-26,S000,SKU012,Beverages,North,Metro,237.61,237.61,0,0.0,Floor-stack,61,63,479,0,0,0,14494.21,0.251,0.251,3638.05
2023-12-26,S000,SKU017,Beverages,North,Metro,95.97,95.97,0,0.0,,16,17,81,0,0,0,1535.52,0.197,0.197,302.5
2023-12-26,S000,SKU020,Beverages,North,Metro,142.4,142.4,0,0.0,Floor-stack,73,77,207,0,0,0,10395.2,0.233,0.233,2422.08
2023-12-26,S000,SKU030,Beverages,North,Metro,34.82,34.82,0,0.0,,48,51,319,0,0,0,1671.36,0.331,0.331,553.22
2023-12-27,S000,SKU003,Beverages,North,Metro,164.84,148.36,1,10.0,End-cap,73,73,161,0,0,0,10830.28,0.173,0.1129999999999999,1223.82
2023-12-27,S000,SKU012,Beverages,North,Metro,237.61,237.61,0,0.0,Shelf-talker,45,47,432,0,0,0,10692.45,0.251,0.251,2683.8
2023-12-27,S000,SKU017,Beverages,North,Metro,95.97,95.97,0,0.0,,21,22,59,0,0,0,2015.37,0.197,0.197,397.03
2023-12-27,S000,SKU020,Beverages,North,Metro,142.4,142.4,0,0.0,Shelf-talker,49,52,156,0,0,0,6977.6,0.233,0.233,1625.78
2023-12-27,S000,SKU030,Beverages,North,Metro,34.82,34.82,0,0.0,Shelf-talker,56,60,259,0,0,0,1949.92,0.331,0.331,645.42
2023-12-28,S000,SKU003,Beverages,North,Metro,164.84,148.36,1,10.0,,75,75,86,0,1,0,11127.0,0.173,0.1129999999999999,1257.35
2023-12-28,S000,SKU012,Beverages,North,Metro,237.61,237.61,0,0.0,End-cap,60,62,370,0,1,0,14256.6,0.251,0.251,3578.41
2023-12-28,S000,SKU017,Beverages,North,Metro,95.97,95.97,0,0.0,,22,23,36,0,1,0,2111.34,0.197,0.197,415.93
2023-12-28,S000,SKU020,Beverages,North,Metro,142.4,142.4,0,0.0,End-cap,91,96,60,0,1,0,12958.4,0.233,0.233,3019.31
2023-12-28,S000,SKU030,Beverages,North,Metro,34.82,34.82,0,0.0,,59,63,195,0,1,0,2054.38,0.331,0.331,680.0
2023-12-29,S000,SKU003,Beverages,North,Metro,164.84,148.36,1,10.0,,86,94,0,0,1,0,12758.96,0.173,0.1129999999999999,1441.76
2023-12-29,S000,SKU012,Beverages,North,Metro,237.61,237.61,0,0.0,Shelf-talker,68,72,298,0,1,0,16157.48,0.251,0.251,4055.53
2023-12-29,S000,SKU017,Beverages,North,Metro,95.97,95.97,0,0.0,,21,22,13,0,1,0,2015.37,0.197,0.197,397.03
2023-12-29,S000,SKU020,Beverages,North,Metro,142.4,142.4,0,0.0,,57,70,0,0,1,0,8116.8,0.233,0.233,1891.21
2023-12-29,S000,SKU030,Beverages,North,Metro,34.82,34.82,0,0.0,End-cap,65,69,126,0,1,0,2263.3,0.331,0.331,749.15
2023-12-30,S000,SKU003,Beverages,North,Metro,164.84,148.36,1,10.0,Floor-stack,0,135,0,1,1,0,0.0,0.173,0.1129999999999999,0.0
2023-12-30,S000,SKU012,Beverages,North,Metro,237.61,237.61,0,0.0,,100,100,198,1,1,0,23761.0,0.251,0.251,5964.01
2023-12-30,S000,SKU017,Beverages,North,Metro,95.97,95.97,0,0.0,,13,29,0,1,1,0,1247.61,0.197,0.197,245.78
2023-12-30,S000,SKU020,Beverages,North,Metro,142.4,142.4,0,0.0,,0,98,0,1,1,0,0.0,0.233,0.233,0.0
2023-12-30,S000,SKU030,Beverages,North,Metro,34.82,34.82,0,0.0,,80,80,47,1,1,0,2785.6,0.331,0.331,922.03
2023-12-31,S000,SKU003,Beverages,North,Metro,164.84,148.36,1,10.0,,79,79,250,1,1,0,11720.44,0.173,0.1129999999999999,1324.41
2023-12-31,S000,SKU012,Beverages,North,Metro,237.61,237.61,0,0.0,Floor-stack,58,60,495,1,1,0,13781.38,0.251,0.251,3459.13
2023-12-31,S000,SKU017,Beverages,North,Metro,95.97,95.97,0,0.0,Shelf-talker,22,23,148,1,1,0,2111.34,0.197,0.197,415.93
2023-12-31,S000,SKU020,Beverages,North,Metro,142.4,142.4,0,0.0,End-cap,119,123,349,1,1,0,16945.6,0.233,0.233,3948.32
2023-12-31,S000,SKU030,Beverages,North,Metro,34.82,34.82,0,0.0,,80,83,358,1,1,0,2785.6,0.331,0.331,922.03
2024-01-01,S000,SKU003,Beverages,North,Metro,164.84,164.84,0,0.0,,45,45,205,0,1,0,7417.8,0.173,0.173,1283.28
2024-01-01,S000,SKU012,Beverages,North,Metro,237.61,237.61,0,0.0,Floor-stack,50,50,445,0,1,0,11880.5,0.251,0.251,2982.01
2024-01-01,S000,SKU017,Beverages,North,Metro,95.97,95.97,0,0.0,,21,21,127,0,1,0,2015.37,0.197,0.197,397.03
2024-01-01,S000,SKU020,Beverages,North,Metro,142.4,142.4,0,0.0,Shelf-talker,69,69,280,0,1,0,9825.6,0.233,0.233,2289.36
2024-01-01,S000,SKU030,Beverages,North,Metro,34.82,34.82,0,0.0,Shelf-talker,59,59,300,0,1,0,2054.38,0.331,0.331,680.0
2024-01-02,S000,SKU003,Beverages,North,Metro,164.84,164.84,0,0.0,,46,46,158,0,1,0,7582.64,0.173,0.173,1311.8
2024-01-02,S000,SKU012,Beverages,North,Metro,237.61,237.61,0,0.0,End-cap,55,55,390,0,1,0,13068.55,0.251,0.251,3280.21
2024-01-02,S000,SKU017,Beverages,North,Metro,95.97,95.97,0,0.0,Shelf-talker,23,23,104,0,1,0,2207.31,0.197,0.197,434.84
2024-01-02,S000,SKU020,Beverages,North,Metro,142.4,142.4,0,0.0,,68,68,212,0,1,0,9683.2,0.233,0.233,2256.19
2024-01-02,S000,SKU030,Beverages,North,Metro,34.82,34.82,0,0.0,Floor-stack,76,76,224,0,1,0,2646.32,0.331,0.331,875.93
2024-01-03,S000,SKU003,Beverages,North,Metro,164.84,164.84,0,0.0,,60,60,98,0,0,0,9890.4,0.173,0.173,1711.04
2024-01-03,S000,SKU012,Beverages,North,Metro,237.61,237.61,0,0.0,,41,41,349,0,0,0,9742.01,0.251,0.251,2445.24
2024-01-03,S000,SKU017,Beverages,North,Metro,95.97,95.97,0,0.0,,16,16,88,0,0,0,1535.52,0.197,0.197,302.5
2024-01-03,S000,SKU020,Beverages,North,Metro,142.4,142.4,0,0.0,,54,54,158,0,0,0,7689.6,0.233,0.233,1791.68
2024-01-03,S000,SKU030,Beverages,North,Metro,34.82,34.82,0,0.0,,42,42,182,0,0,0,1462.44,0.331,0.331,484.07
2024-01-04,S000,SKU003,Beverages,North,Metro,164.84,164.84,0,0.0,End-cap,53,56,42,0,0,0,8736.52,0.173,0.173,1511.42
2024-01-04,S000,SKU012,Beverages,North,Metro,237.61,237.61,0,0.0,,40,42,307,0,0,0,9504.4,0.251,0.251,2385.6
2024-01-04,S000,SKU017,Beverages,North,Metro,95.97,76.78,1,20.0,Shelf-talker,43,43,44,0,0,0,3301.54,0.197,0.077,254.22
2024-01-04,S000,SKU020,Beverages,North,Metro,142.4,142.4,0,0.0,,48,51,107,0,0,0,6835.2,0.233,0.233,1592.6
2024-01-04,S000,SKU030,Beverages,North,Metro,34.82,34.82,0,0.0,,51,53,129,0,0,0,1775.82,0.331,0.331,587.8
2024-01-05,S000,SKU003,Beverages,North,Metro,164.84,164.84,0,0.0,Shelf-talker,39,46,0,0,0,0,6428.76,0.173,0.173,1112.18
2024-01-05,S000,SKU012,Beverages,North,Metro,237.61,237.61,0,0.0,Floor-stack,44,47,260,0,0,0,10454.84,0.251,0.251,2624.16
2024-01-05,S000,SKU017,Beverages,North,Metro,95.97,76.78,1,20.0,,36,36,8,0,0,0,2764.08,0.197,0.077,212.83
2024-01-05,S000,SKU020,Beverages,North,Metro,142.4,142.4,0,0.0,,55,58,48,0,0,0,7832.0,0.233,0.233,1824.86
2024-01-05,S000,SKU030,Beverages,North,Metro,34.82,34.82,0,0.0,End-cap,61,65,64,0,0,0,2124.02,0.331,0.331,703.05
2024-01-06,S000,SKU003,Beverages,North,Metro,164.84,164.84,0,0.0,Shelf-talker,0,59,0,1,0,0,0.0,0.173,0.173,0.0
2024-01-06,S000,SKU012,Beverages,North,Metro,237.61,237.61,0,0.0,Shelf-talker,80,86,174,1,0,0,19008.8,0.251,0.251,4771.21
2024-01-06,S000,SKU017,Beverages,North,Metro,95.97,76.78,1,20.0,,8,35,0,1,0,0,614.24,0.197,0.077,47.3
2024-01-06,S000,SKU020,Beverages,North,Metro,142.4,142.4,0,0.0,End-cap,46,70,0,1,0,0,6550.4,0.233,0.233,1526.24
2024-01-06,S000,SKU030,Beverages,North,Metro,34.82,34.82,0,0.0,,61,65,0,1,0,0,2124.02,0.331,0.331,703.05
2024-01-07,S000,SKU003,Beverages,North,Metro,164.84,164.84,0,0.0,Shelf-talker,48,50,251,1,0,0,7912.32,0.173,0.173,1368.83
2024-01-07,S000,SKU012,Beverages,North,Metro,237.61,237.61,0,0.0,End-cap,62,66,564,1,0,0,14731.82,0.251,0.251,3697.69
2024-01-07,S000,SKU017,Beverages,North,Metro,95.97,76.78,1,20.0,Shelf-talker,43,43,109,1,0,0,3301.54,0.197,0.077,254.22
2024-01-07,S000,SKU020,Beverages,North,Metro,142.4,142.4,0,0.0,,57,60,439,1,0,0,8116.8,0.233,0.233,1891.21
2024-01-07,S000,SKU030,Beverages,North,Metro,34.82,34.82,0,0.0,Shelf-talker,59,62,415,1,0,0,2054.38,0.331,0.331,680.0
2024-01-08,S000,SKU003,Beverages,North,Metro,164.84,164.84,0,0.0,,69,73,178,0,0,1,11373.96,0.173,0.173,1967.7
2024-01-08,S000,SKU012,Beverages,North,Metro,237.61,237.61,0,0.0,Floor-stack,74,76,488,0,0,1,17583.14,0.251,0.251,4413.37
2024-01-08,S000,SKU017,Beverages,North,Metro,95.97,76.78,1,20.0,,52,52,56,0,0,1,3992.56,0.197,0.077,307.43
2024-01-08,S000,SKU020,Beverages,North,Metro,142.4,142.4,0,0.0,,75,80,359,0,0,1,10680.0,0.233,0.233,2488.44
2024-01-08,S000,SKU030,Beverages,North,Metro,34.82,34.82,0,0.0,,96,103,313,0,0,1,3342.72,0.331,0.331,1106.44
2024-01-09,S000,SKU003,Beverages,North,Metro,164.84,148.36,1,10.0,,64,64,114,0,0,0,9495.04,0.173,0.1129999999999999,1072.94
2024-01-09,S000,SKU012,Beverages,North,Metro,237.61,237.61,0,0.0,,44,47,441,0,0,0,10454.84,0.251,0.251,2624.16
2024-01-09,S000,SKU017,Beverages,North,Metro,95.97,76.78,1,20.0,Shelf-talker,35,35,21,0,0,0,2687.3,0.197,0.077,206.92
2024-01-09,S000,SKU020,Beverages,North,Metro,142.4,142.4,0,0.0,,64,67,292,0,0,0,9113.6,0.233,0.233,2123.47
2024-01-09,S000,SKU030,Beverages,North,Metro,34.82,34.82,0,0.0,,65,68,245,0,0,0,2263.3,0.331,0.331,749.15
2024-01-10,S000,SKU003,Beverages,North,Metro,164.84,148.36,1,10.0,,65,65,49,0,0,0,9643.4,0.173,0.1129999999999999,1089.7
2024-01-10,S000,SKU012,Beverages,North,Metro,237.61,237.61,0,0.0,Shelf-talker,60,63,377,0,0,0,14256.6,0.251,0.251,3578.41
2024-01-10,S000,SKU017,Beverages,North,Metro,95.97,76.78,1,20.0,Shelf-talker,21,41,0,0,0,0,1612.38,0.197,0.077,124.15
2024-01-10,S000,SKU020,Beverages,North,Metro,142.4,142.4,0,0.0,Shelf-talker,50,52,240,0,0,0,7120.0,0.233,0.233,1658.96
2024-01-10,S000,SKU030,Beverages,North,Metro,34.82,34.82,0,0.0,,53,56,189,0,0,0,1845.46,0.331,0.331,610.85
2024-01-11,S000,SKU003,Beverages,North,Metro,164.84,148.36,1,10.0,End-cap,49,76,0,0,0,0,7269.64,0.173,0.1129999999999999,821.47
2024-01-11,S000,SKU012,Beverages,North,Metro,237.61,237.61,0,0.0,,71,76,302,0,0,0,16870.31,0.251,0.251,4234.45
2024-01-11,S000,SKU017,Beverages,North,Metro,95.97,95.97,0,0.0,Floor-stack,0,23,0,0,0,0,0.0,0.197,0.197,0.0
2024-01-11,S000,SKU020,Beverages,North,Metro,142.4,142.4,0,0.0,,57,60,179,0,0,0,8116.8,0.233,0.233,1891.21
2024-01-11,S000,SKU030,Beverages,North,Metro,34.82,34.82,0,0.0,,42,45,144,0,0,0,1462.44,0.331,0.331,484.07
2024-01-12,S000,SKU003,Beverages,North,Metro,164.84,164.84,0,0.0,,0,45,0,0,0,0,0.0,0.173,0.173,0.0
2024-01-12,S000,SKU012,Beverages,North,Metro,237.61,237.61,0,0.0,,48,48,254,0,0,0,11405.28,0.251,0.251,2862.73
2024-01-12,S000,SKU017,Beverages,North,Metro,95.97,95.97,0,0.0,Shelf-talker,0,29,0,0,0,0,0.0,0.197,0.197,0.0
2024-01-12,S000,SKU020,Beverages,North,Metro,142.4,142.4,0,0.0,,78,78,101,0,0,0,11107.2,0.233,0.233,2587.98
2024-01-12,S000,SKU030,Beverages,North,Metro,34.82,34.82,0,0.0,Shelf-talker,34,34,110,0,0,0,1183.88,0.331,0.331,391.86
2024-01-13,S000,SKU003,Beverages,North,Metro,164.84,164.84,0,0.0,End-cap,0,56,0,1,0,0,0.0,0.173,0.173,0.0
2024-01-13,S000,SKU012,Beverages,North,Metro,237.61,237.61,0,0.0,,92,92,162,1,0,0,21860.12,0.251,0.251,5486.89
2024-01-13,S000,SKU017,Beverages,North,Metro,95.97,95.97,0,0.0,,0,31,0,1,0,0,0.0,0.197,0.197,0.0
2024-01-13,S000,SKU020,Beverages,North,Metro,142.4,142.4,0,0.0,End-cap,58,58,44,1,0,0,8259.2,0.233,0.233,1924.39
2024-01-13,S000,SKU030,Beverages,North,Metro,34.82,34.82,0,0.0,End-cap,76,76,34,1,0,0,2646.32,0.331,0.331,875.93
2024-01-14,S000,SKU003,Beverages,North,Metro,164.84,164.84,0,0.0,,58,58,354,1,0,0,9560.72,0.173,0.173,1654.0
2024-01-14,S000,SKU012,Beverages,North,Metro,237.61,237.61,0,0.0,,75,75,513,1,0,0,17820.75,0.251,0.251,4473.01
2024-01-14,S000,SKU017,Beverages,North,Metro,95.97,95.97,0,0.0,,18,18,130,1,0,0,1727.46,0.197,0.197,340.31
2024-01-14,S000,SKU020,Beverages,North,Metro,142.4,142.4,0,0.0,Floor-stack,104,104,372,1,0,0,14809.6,0.233,0.233,3450.64
2024-01-14,S000,SKU030,Beverages,North,Metro,34.82,34.82,0,0.0,,83,83,419,1,0,0,2890.06,0.331,0.331,956.61
2024-01-15,S000,SKU003,Beverages,North,Metro,164.84,164.84,0,0.0,Shelf-talker,54,54,300,0,0,0,8901.36,0.173,0.173,1539.94
2024-01-15,S000,SKU012,Beverages,North,Metro,237.61,237.61,0,0.0,,57,57,456,0,0,0,13543.77,0.251,0.251,3399.49
2024-01-15,S000,SKU017,Beverages,North,Metro,95.97,95.97,0,0.0,End-cap,19,19,111,0,0,0,1823.43,0.197,0.197,359.22
2024-01-15,S000,SKU020,Beverages,North,Metro,142.4,142.4,0,0.0,,55,55,318,0,0,0,7832.0,0.233,0.233,1824.86
2024-01-15,S000,SKU030,Beverages,North,Metro,34.82,34.82,0,0.0,,58,58,361,0,0,0,2019.56,0.331,0.331,668.47
2024-01-16,S000,SKU003,Beverages,North,Metro,164.84,164.84,0,0.0,Shelf-talker,61,61,239,0,0,0,10055.24,0.173,0.173,1739.56
2024-01-16,S000,SKU012,Beverages,North,Metro,237.61,237.61,0,0.0,Shelf-talker,61,61,396,0,0,0,14494.21,0.251,0.251,3638.05
2024-01-16,S000,SKU017,Beverages,North,Metro,95.97,95.97,0,0.0,,20,20,91,0,0,0,1919.4,0.197,0.197,378.12
2024-01-16,S000,SKU020,Beverages,North,Metro,142.4,142.4,0,0.0,,64,64,253,0,0,0,9113.6,0.233,0.233,2123.47
2024-01-16,S000,SKU030,Beverages,North,Metro,34.82,34.82,0,0.0,,38,38,323,0,0,0,1323.16,0.331,0.331,437.97
2024-01-17,S000,SKU003,Beverages,North,Metro,164.84,164.84,0,0.0,Shelf-talker,52,52,187,0,0,0,8571.68,0.173,0.173,1482.9
2024-01-17,S000,SKU012,Beverages,North,Metro,237.61,237.61,0,0.0,,61,61,335,0,0,0,14494.21,0.251,0.251,3638.05
2024-01-17,S000,SKU017,Beverages,North,Metro,95.97,95.97,0,0.0,,23,23,69,0,0,0,2207.31,0.197,0.197,434.84
2024-01-17,S000,SKU020,Beverages,North,Metro,142.4,142.4,0,0.0,End-cap,76,76,177,0,0,0,10822.4,0.233,0.233,2521.62
2024-01-17,S000,SKU030,Beverages,North,Metro,34.82,34.82,0,0.0,End-cap,56,56,268,0,0,0,1949.92,0.331,0.331,645.42
2024-01-18,S000,SKU003,Beverages,North,Metro,164.84,164.84,0,0.0,,54,54,134,0,0,0,8901.36,0.173,0.173,1539.94
2024-01-18,S000,SKU012,Beverages,North,Metro,237.61,237.61,0,0.0,End-cap,76,76,259,0,0,0,18058.36,0.251,0.251,4532.65
2024-01-18,S000,SKU017,Beverages,North,Metro,95.97,95.97,0,0.0,,17,17,52,0,0,0,1631.49,0.197,0.197,321.4
2024-01-18,S000,SKU020,Beverages,North,Metro,142.4,142.4,0,0.0,,80,80,97,0,0,0,11392.0,0.233,0.233,2654.34
2024-01-18,S000,SKU030,Beverages,North,Metro,34.82,34.82,0,0.0,End-cap,49,49,218,0,0,0,1706.18,0.331,0.331,564.75
2024-01-19,S000,SKU003,Beverages,North,Metro,164.84,164.84,0,0.0,Floor-stack,45,45,88,0,0,0,7417.8,0.173,0.173,1283.28
2024-01-19,S000,SKU012,Beverages,North,Metro,237.61,237.61,0,0.0,,62,62,197,0,0,0,14731.82,0.251,0.251,3697.69
2024-01-19,S000,SKU017,Beverages,North,Metro,95.97,95.97,0,0.0,End-cap,19,19,33,0,0,0,1823.43,0.197,0.197,359.22
2024-01-19,S000,SKU020,Beverages,North,Metro,142.4,142.4,0,0.0,Shelf-talker,67,67,30,0,0,0,9540.8,0.233,0.233,2223.01
2024-01-19,S000,SKU030,Beverages,North,Metro,34.82,34.82,0,0.0,,56,56,163,0,0,0,1949.92,0.331,0.331,645.42
2024-01-20,S000,SKU003,Beverages,North,Metro,164.84,164.84,0,0.0,,51,51,38,1,0,0,8406.84,0.173,0.173,1454.38
2024-01-20,S000,SKU012,Beverages,North,Metro,237.61,237.61,0,0.0,Shelf-talker,77,77,120,1,0,0,18295.97,0.251,0.251,4592.29
2024-01-20,S000,SKU017,Beverages,North,Metro,95.97,95.97,0,0.0,,20,20,13,1,0,0,1919.4,0.197,0.197,378.12
2024-01-20,S000,SKU020,Beverages,North,Metro,142.4,142.4,0,0.0,End-cap,30,68,0,1,0,0,4272.0,0.233,0.233,995.38
2024-01-20,S000,SKU030,Beverages,North,Metro,34.82,34.82,0,0.0,Shelf-talker,91,91,72,1,0,0,3168.62,0.331,0.331,1048.81
2024-01-21,S000,SKU003,Beverages,North,Metro,164.84,164.84,0,0.0,,65,65,282,1,0,0,10714.6,0.173,0.173,1853.63
2024-01-21,S000,SKU012,Beverages,North,Metro,237.61,237.61,0,0.0,,65,65,449,1,0,0,15444.65,0.251,0.251,3876.61
2024-01-21,S000,SKU017,Beverages,North,Metro,95.97,95.97,0,0.0,,23,23,155,1,0,0,2207.31,0.197,0.197,434.84
2024-01-21,S000,SKU020,Beverages,North,Metro,142.4,142.4,0,0.0,,66,66,347,1,0,0,9398.4,0.233,0.233,2189.83
2024-01-21,S000,SKU030,Beverages,North,Metro,34.82,34.82,0,0.0,End-cap,77,77,425,1,0,0,2681.14,0.331,0.331,887.46
2024-01-22,S000,SKU003,Beverages,North,Metro,164.84,164.84,0,0.0,,48,48,234,0,0,0,7912.32,0.173,0.173,1368.83
2024-01-22,S000,SKU012,Beverages,North,Metro,237.61,237.61,0,0.0,End-cap,65,65,384,0,0,0,15444.65,0.251,0.251,3876.61
2024-01-22,S000,SKU017,Beverages,North,Metro,95.97,95.97,0,0.0,Floor-stack,18,18,136,0,0,0,1727.46,0.197,0.197,340.31
2024-01-22,S000,SKU020,Beverages,North,Metro,142.4,142.4,0,0.0,Shelf-talker,56,56,291,0,0,0,7974.4,0.233,0.233,1858.04
2024-01-22,S000,SKU030,Beverages,North,Metro,34.82,34.82,0,0.0,Floor-stack,60,60,365,0,0,0,2089.2,0.331,0.331,691.53
2024-01-23,S000,SKU003,Beverages,North,Metro,164.84,164.84,0,0.0,,35,35,199,0,0,0,5769.4,0.173,0.173,998.11
2024-01-23,S000,SKU012,Beverages,North,Metro,237.61,237.61,0,0.0,End-cap,47,47,337,0,0,0,11167.67,0.251,0.251,2803.09
2024-01-23,S000,SKU017,Beverages,North,Metro,95.97,95.97,0,0.0,Shelf-talker,19,19,117,0,0,0,1823.43,0.197,0.197,359.22
2024-01-23,S000,SKU020,Beverages,North,Metro,142.4,142.4,0,0.0,End-cap,83,83,208,0,0,0,11819.2,0.233,0.233,2753.87
2024-01-23,S000,SKU030,Beverages,North,Metro,34.82,34.82,0,0.0,End-cap,54,54,312,0,0,0,1880.28,0.331,0.331,622.37
2024-01-24,S000,SKU003,Beverages,North,Metro,164.84,164.84,0,0.0,End-cap,44,44,154,0,0,0,7252.96,0.173,0.173,1254.76
2024-01-24,S000,SKU012,Beverages,North,Metro,237.61,237.61,0,0.0,,58,58,279,0,0,0,13781.38,0.251,0.251,3459.13
2024-01-24,S000,SKU017,Beverages,North,Metro,95.97,95.97,0,0.0,,16,16,101,0,0,0,1535.52,0.197,0.197,302.5
2024-01-24,S000,SKU020,Beverages,North,Metro,142.4,142.4,0,0.0,,58,58,150,0,0,0,8259.2,0.233,0.233,1924.39
2024-01-24,S000,SKU030,Beverages,North,Metro,34.82,34.82,0,0.0,,58,58,254,0,0,0,2019.56,0.331,0.331,668.47
2024-01-25,S000,SKU003,Beverages,North,Metro,164.84,164.84,0,0.0,,46,46,108,0,0,0,7582.64,0.173,0.173,1311.8
2024-01-25,S000,SKU012,Beverages,North,Metro,237.61,237.61,0,0.0,,86,86,193,0,0,0,20434.46,0.251,0.251,5129.05
2024-01-25,S000,SKU017,Beverages,North,Metro,95.97,95.97,0,0.0,,24,24,77,0,0,0,2303.28,0.197,0.197,453.75
2024-01-25,S000,SKU020,Beverages,North,Metro,142.4,142.4,0,0.0,,66,66,84,0,0,0,9398.4,0.233,0.233,2189.83
2024-01-25,S000,SKU030,Beverages,North,Metro,34.82,34.82,0,0.0,,47,47,206,0,0,0,1636.54,0.331,0.331,541.69
2024-01-26,S000,SKU003,Beverages,North,Metro,164.84,164.84,0,0.0,,43,43,66,0,0,0,7088.12,0.173,0.173,1226.24
2024-01-26,S000,SKU012,Beverages,North,Metro,237.61,237.61,0,0.0,,31,31,162,0,0,0,7365.91,0.251,0.251,1848.84
2024-01-26,S000,SKU017,Beverages,North,Metro,95.97,95.97,0,0.0,End-cap,22,22,54,0,0,0,2111.34,0.197,0.197,415.93
2024-01-26,S000,SKU020,Beverages,North,Metro,142.4,142.4,0,0.0,End-cap,50,50,34,0,0,0,7120.0,0.233,0.233,1658.96
2024-01-26,S000,SKU030,Beverages,North,Metro,34.82,34.82,0,0.0,Floor-stack,60,60,147,0,0,0,2089.2,0.331,0.331,691.53
2024-01-27,S000,SKU003,Beverages,North,Metro,164.84,164.84,0,0.0,End-cap,66,74,0,1,0,0,10879.44,0.173,0.173,1882.14
2024-01-27,S000,SKU012,Beverages,North,Metro,237.61,237.61,0,0.0,,73,73,89,1,0,0,17345.53,0.251,0.251,4353.73
2024-01-27,S000,SKU017,Beverages,North,Metro,95.97,95.97,0,0.0,,19,19,36,1,0,0,1823.43,0.197,0.197,359.22
2024-01-27,S000,SKU020,Beverages,North,Metro,142.4,142.4,0,0.0,Shelf-talker,34,61,0,1,0,0,4841.6,0.233,0.233,1128.09
2024-01-27,S000,SKU030,Beverages,North,Metro,34.82,34.82,0,0.0,,65,65,82,1,0,0,2263.3,0.331,0.331,749.15
2024-01-28,S000,SKU003,Beverages,North,Metro,164.84,164.84,0,0.0,Shelf-talker,70,72,239,1,1,0,11538.8,0.173,0.173,1996.21
2024-01-28,S000,SKU012,Beverages,North,Metro,237.61,237.61,0,0.0,,81,84,353,1,1,0,19246.41,0.251,0.251,4830.85
2024-01-28,S000,SKU017,Beverages,North,Metro,95.97,95.97,0,0.0,End-cap,28,29,185,1,1,0,2687.16,0.197,0.197,529.37
2024-01-28,S000,SKU020,Beverages,North,Metro,142.4,142.4,0,0.0,,85,89,431,1,1,0,12104.0,0.233,0.233,2820.23
2024-01-28,S000,SKU030,Beverages,North,Metro,34.82,31.34,1,10.0,,96,96,397,1,1,0,3008.64,0.331,0.271,815.34
2024-01-29,S000,SKU003,Beverages,North,Metro,164.84,164.84,0,0.0,End-cap,66,69,171,0,1,0,10879.44,0.173,0.173,1882.14
2024-01-29,S000,SKU012,Beverages,North,Metro,237.61,237.61,0,0.0,,62,64,289,0,1,0,14731.82,0.251,0.251,3697.69
2024-01-29,S000,SKU017,Beverages,North,Metro,95.97,95.97,0,0.0,Shelf-talker,16,17,168,0,1,0,1535.52,0.197,0.197,302.5
2024-01-29,S000,SKU020,Beverages,North,Metro,142.4,142.4,0,0.0,,66,69,362,0,1,0,9398.4,0.233,0.233,2189.83
2024-01-29,S000,SKU030,Beverages,North,Metro,34.82,31.34,1,10.0,,107,107,290,0,1,0,3353.38,0.331,0.271,908.77
2024-01-30,S000,SKU003,Beverages,North,Metro,164.84,164.84,0,0.0,End-cap,54,58,113,0,1,0,8901.36,0.173,0.173,1539.94
2024-01-30,S000,SKU012,Beverages,North,Metro,237.61,237.61,0,0.0,End-cap,62,64,225,0,1,0,14731.82,0.251,0.251,3697.69
2024-01-30,S000,SKU017,Beverages,North,Metro,95.97,95.97,0,0.0,,28,30,138,0,1,0,2687.16,0.197,0.197,529.37
2024-01-30,S000,SKU020,Beverages,North,Metro,142.4,142.4,0,0.0,Floor-stack,66,70,292,0,1,0,9398.4,0.233,0.233,2189.83
2024-01-30,S000,SKU030,Beverages,North,Metro,34.82,31.34,1,10.0,End-cap,56,56,234,0,1,0,1755.04,0.331,0.271,475.62
2024-01-31,S000,SKU003,Beverages,North,Metro,164.84,164.84,0,0.0,,53,56,57,0,1,0,8736.52,0.173,0.173,1511.42
2024-01-31,S000,SKU012,Beverages,North,Metro,237.61,237.61,0,0.0,,63,68,157,0,1,0,14969.43,0.251,0.251,3757.33
2024-01-31,S000,SKU017,Beverages,North,Metro,95.97,95.97,0,0.0,,30,31,106,0,1,0,2879.1,0.197,0.197,567.18
2024-01-31,S000,SKU020,Beverages,North,Metro,142.4,142.4,0,0.0,,51,54,239,0,1,0,7262.4,0.233,0.233,1692.14
2024-01-31,S000,SKU030,Beverages,North,Metro,34.82,31.34,1,10.0,End-cap,84,84,150,0,1,0,2632.56,0.331,0.271,713.42
2024-02-01,S000,SKU003,Beverages,North,Metro,164.84,164.84,0,0.0,Shelf-talker,45,47,10,0,1,0,7417.8,0.173,0.173,1283.28
2024-02-01,S000,SKU012,Beverages,North,Metro,237.61,237.61,0,0.0,,62,65,92,0,1,0,14731.82,0.251,0.251,3697.69
2024-02-01,S000,SKU017,Beverages,North,Metro,95.97,95.97,0,0.0,,23,24,82,0,1,0,2207.31,0.197,0.197,434.84
2024-02-01,S000,SKU020,Beverages,North,Metro,142.4,142.4,0,0.0,,71,73,165,0,1,0,10110.4,0.233,0.233,2355.72
2024-02-01,S000,SKU030,Beverages,North,Metro,34.82,31.34,1,10.0,End-cap,106,106,44,0,1,0,3322.04,0.331,0.271,900.27
2024-02-02,S000,SKU003,Beverages,North,Metro,164.84,164.84,0,0.0,,9,56,0,0,1,0,1483.56,0.173,0.173,256.66
2024-02-02,S000,SKU012,Beverages,North,Metro,237.61,237.61,0,0.0,,67,70,22,0,1,0,15919.87,0.251,0.251,3995.89
2024-02-02,S000,SKU017,Beverages,North,Metro,95.97,95.97,0,0.0,,20,21,61,0,1,0,1919.4,0.197,0.197,378.12
2024-02-02,S000,SKU020,Beverages,North,Metro,142.4,142.4,0,0.0,,91,95,70,0,1,0,12958.4,0.233,0.233,3019.31
2024-02-02,S000,SKU030,Beverages,North,Metro,34.82,31.34,1,10.0,,44,116,0,0,1,0,1378.96,0.331,0.271,373.7
2024-02-03,S000,SKU003,Beverages,North,Metro,164.84,164.84,0,0.0,,0,75,0,1,0,1,0.0,0.173,0.173,0.0
2024-02-03,S000,SKU012,Beverages,North,Metro,237.61,237.61,0,0.0,,22,83,0,1,0,1,5227.42,0.251,0.251,1312.08
2024-02-03,S000,SKU017,Beverages,North,Metro,95.97,95.97,0,0.0,End-cap,29,29,32,1,0,1,2783.13,0.197,0.197,548.28
2024-02-03,S000,SKU020,Beverages,North,Metro,142.4,142.4,0,0.0,End-cap,70,84,0,1,0,1,9968.0,0.233,0.233,2322.54
2024-02-03,S000,SKU030,Beverages,North,Metro,34.82,31.34,1,10.0,End-cap,0,139,0,1,0,1,0.0,0.331,0.271,0.0
2024-02-04,S000,SKU003,Beverages,North,Metro,164.84,164.84,0,0.0,,45,45,261,1,0,0,7417.8,0.173,0.173,1283.28
2024-02-04,S000,SKU012,Beverages,North,Metro,237.61,237.61,0,0.0,,98,98,285,1,0,0,23285.78,0.251,0.251,5844.73
2024-02-04,S000,SKU017,Beverages,North,Metro,95.97,95.97,0,0.0,,24,24,151,1,0,0,2303.28,0.197,0.197,453.75
2024-02-04,S000,SKU020,Beverages,North,Metro,142.4,142.4,0,0.0,End-cap,91,91,317,1,0,0,12958.4,0.233,0.233,3019.31
2024-02-04,S000,SKU030,Beverages,North,Metro,34.82,34.82,0,0.0,Shelf-talker,60,60,311,1,0,0,2089.2,0.331,0.331,691.53
2024-02-05,S000,SKU003,Beverages,North,Metro,164.84,164.84,0,0.0,End-cap,43,43,218,0,0,0,7088.12,0.173,0.173,1226.24
2024-02-05,S000,SKU012,Beverages,North,Metro,237.61,237.61,0,0.0,End-cap,55,55,229,0,0,0,13068.55,0.251,0.251,3280.21
2024-02-05,S000,SKU017,Beverages,North,Metro,95.97,95.97,0,0.0,Floor-stack,21,21,130,0,0,0,2015.37,0.197,0.197,397.03
2024-02-05,S000,SKU020,Beverages,North,Metro,142.4,142.4,0,0.0,,24,24,293,0,0,0,3417.6,0.233,0.233,796.3
2024-02-05,S000,SKU030,Beverages,North,Metro,34.82,34.82,0,0.0,,55,55,256,0,0,0,1915.1,0.331,0.331,633.9
2024-02-06,S000,SKU003,Beverages,North,Metro,164.84,164.84,0,0.0,,45,45,172,0,0,0,7417.8,0.173,0.173,1283.28
2024-02-06,S000,SKU012,Beverages,North,Metro,237.61,237.61,0,0.0,End-cap,64,64,165,0,0,0,15207.04,0.251,0.251,3816.97
2024-02-06,S000,SKU017,Beverages,North,Metro,95.97,95.97,0,0.0,End-cap,26,26,104,0,0,0,2495.22,0.197,0.197,491.56
2024-02-06,S000,SKU020,Beverages,North,Metro,142.4,142.4,0,0.0,,54,54,239,0,0,0,7689.6,0.233,0.233,1791.68
2024-02-06,S000,SKU030,Beverages,North,Metro,34.82,34.82,0,0.0,,58,58,198,0,0,0,2019.56,0.331,0.331,668.47
2024-02-07,S000,SKU003,Beverages,North,Metro,164.84,148.36,1,10.0,End-cap,75,75,97,0,0,0,11127.0,0.173,0.1129999999999999,1257.35
2024-02-07,S000,SKU012,Beverages,North,Metro,237.61,237.61,0,0.0,,48,51,115,0,0,0,11405.28,0.251,0.251,2862.73
2024-02-07,S000,SKU017,Beverages,North,Metro,95.97,95.97,0,0.0,,24,25,80,0,0,0,2303.28,0.197,0.197,453.75
2024-02-07,S000,SKU020,Beverages,North,Metro,142.4,142.4,0,0.0,End-cap,39,42,197,0,0,0,5553.6,0.233,0.233,1293.99
2024-02-07,S000,SKU030,Beverages,North,Metro,34.82,34.82,0,0.0,Floor-stack,68,71,127,0,0,0,2367.76,0.331,0.331,783.73
2024-02-08,S000,SKU003,Beverages,North,Metro,164.84,148.36,1,10.0,,76,76,21,0,0,0,11275.36,0.173,0.1129999999999999,1274.12
2024-02-08,S000,SKU012,Beverages,North,Metro,237.61,237.61,0,0.0,,64,68,47,0,0,0,15207.04,0.251,0.251,3816.97
2024-02-08,S000,SKU017,Beverages,North,Metro,95.97,95.97,0,0.0,,24,25,55,0,0,0,2303.28,0.197,0.197,453.75
2024-02-08,S000,SKU020,Beverages,North,Metro,142.4,142.4,0,0.0,End-cap,76,78,119,0,0,0,10822.4,0.233,0.233,2521.62
2024-02-08,S000,SKU030,Beverages,North,Metro,34.82,34.82,0,0.0,,61,65,63,0,0,0,2124.02,0.331,0.331,703.05
2024-02-09,S000,SKU003,Beverages,North,Metro,164.84,148.36,1,10.0,,21,63,0,0,0,0,3115.56,0.173,0.1129999999999999,352.06
2024-02-09,S000,SKU012,Beverages,North,Metro,237.61,237.61,0,0.0,,45,66,0,0,0,0,10692.45,0.251,0.251,2683.8
2024-02-09,S000,SKU017,Beverages,North,Metro,95.97,76.78,1,20.0,,40,40,15,0,0,0,3071.2,0.197,0.077,236.48
2024-02-09,S000,SKU020,Beverages,North,Metro,142.4,142.4,0,0.0,,69,74,46,0,0,0,9825.6,0.233,0.233,2289.36
2024-02-09,S000,SKU030,Beverages,North,Metro,34.82,34.82,0,0.0,,59,65,0,0,0,0,2054.38,0.331,0.331,680.0
2024-02-10,S000,SKU003,Beverages,North,Metro,164.84,148.36,1,10.0,,0,94,0,1,0,0,0.0,0.173,0.1129999999999999,0.0
2024-02-10,S000,SKU012,Beverages,North,Metro,237.61,237.61,0,0.0,End-cap,0,77,0,1,0,0,0.0,0.251,0.251,0.0
2024-02-10,S000,SKU017,Beverages,North,Metro,95.97,76.78,1,20.0,,15,38,0,1,0,0,1151.7,0.197,0.077,88.68
2024-02-10,S000,SKU020,Beverages,North,Metro,142.4,142.4,0,0.0,,45,64,0,1,0,0,6408.0,0.233,0.233,1493.06
2024-02-10,S000,SKU030,Beverages,North,Metro,34.82,34.82,0,0.0,,0,69,0,1,0,0,0.0,0.331,0.331,0.0
2024-02-11,S000,SKU003,Beverages,North,Metro,164.84,148.36,1,10.0,,84,84,276,1,0,0,12462.24,0.173,0.1129999999999999,1408.23
2024-02-11,S000,SKU012,Beverages,North,Metro,237.61,237.61,0,0.0,,55,58,382,1,0,0,13068.55,0.251,0.251,3280.21
2024-02-11,S000,SKU017,Beverages,North,Metro,95.97,76.78,1,20.0,End-cap,42,42,88,1,0,0,3224.76,0.197,0.077,248.31
2024-02-11,S000,SKU020,Beverages,North,Metro,142.4,142.4,0,0.0,End-cap,79,83,432,1,0,0,11249.6,0.233,0.233,2621.16
2024-02-11,S000,SKU030,Beverages,North,Metro,34.82,34.82,0,0.0,End-cap,51,55,368,1,0,0,1775.82,0.331,0.331,587.8
2024-02-12,S000,SKU003,Beverages,North,Metro,164.84,148.36,1,10.0,,34,34,242,0,0,0,5044.24,0.173,0.1129999999999999,570.0
2024-02-12,S000,SKU012,Beverages,North,Metro,237.61,237.61,0,0.0,Shelf-talker,48,50,331,0,0,0,11405.28,0.251,0.251,2862.73
2024-02-12,S000,SKU017,Beverages,North,Metro,95.97,76.78,1,20.0,,40,40,48,0,0,0,3071.2,0.197,0.077,236.48
2024-02-12,S000,SKU020,Beverages,North,Metro,142.4,142.4,0,0.0,,75,77,355,0,0,0,10680.0,0.233,0.233,2488.44
2024-02-12,S000,SKU030,Beverages,North,Metro,34.82,34.82,0,0.0,End-cap,39,41,327,0,0,0,1357.98,0.331,0.331,449.49
2024-02-13,S000,SKU003,Beverages,North,Metro,164.84,164.84,0,0.0,End-cap,42,44,198,0,0,0,6923.28,0.173,0.173,1197.73
2024-02-13,S000,SKU012,Beverages,North,Metro,237.61,237.61,0,0.0,End-cap,72,75,256,0,0,0,17107.92,0.251,0.251,4294.09
2024-02-13,S000,SKU017,Beverages,North,Metro,95.97,76.78,1,20.0,,31,31,17,0,0,0,2380.18,0.197,0.077,183.27
2024-02-13,S000,SKU020,Beverages,North,Metro,142.4,142.4,0,0.0,,75,79,276,0,0,0,10680.0,0.233,0.233,2488.44
2024-02-13,S000,SKU030,Beverages,North,Metro,34.82,34.82,0,0.0,Shelf-talker,49,52,274,0,0,0,1706.18,0.331,0.331,564.75
2024-02-14,S000,SKU003,Beverages,North,Metro,164.84,164.84,0,0.0,,54,57,141,0,0,0,8901.36,0.173,0.173,1539.94
2024-02-14,S000,SKU012,Beverages,North,Metro,237.61,237.61,0,0.0,End-cap,48,50,206,0,0,0,11405.28,0.251,0.251,2862.73
2024-02-14,S000,SKU017,Beverages,North,Metro,95.97,76.78,1,20.0,,17,41,0,0,0,0,1305.26,0.197,0.077,100.51
2024-02-14,S000,SKU020,Beverages,North,Metro,142.4,142.4,0,0.0,Floor-stack,55,59,217,0,0,0,7832.0,0.233,0.233,1824.86
2024-02-14,S000,SKU030,Beverages,North,Metro,34.82,34.82,0,0.0,,58,62,212,0,0,0,2019.56,0.331,0.331,668.47
2024-02-15,S000,SKU003,Beverages,North,Metro,164.84,164.84,0,0.0,,33,33,107,0,0,0,5439.72,0.173,0.173,941.07
2024-02-15,S000,SKU012,Beverages,North,Metro,237.61,237.61,0,0.0,,65,65,142,0,0,0,15444.65,0.251,0.251,3876.61
2024-02-15,S000,SKU017,Beverages,North,Metro,95.97,95.97,0,0.0,,0,24,0,0,0,0,0.0,0.197,0.197,0.0
2024-02-15,S000,SKU020,Beverages,North,Metro,142.4,142.4,0,0.0,Shelf-talker,38,38,179,0,0,0,5411.2,0.233,0.233,1260.81
2024-02-15,S000,SKU030,Beverages,North,Metro,34.82,34.82,0,0.0,,50,50,162,0,0,0,1741.0,0.331,0.331,576.27
2024-02-16,S000,SKU003,Beverages,North,Metro,164.84,164.84,0,0.0,End-cap,49,49,59,0,0,0,8077.16,0.173,0.173,1397.35
2024-02-16,S000,SKU012,Beverages,North,Metro,237.61,237.61,0,0.0,Floor-stack,48,48,94,0,0,0,11405.28,0.251,0.251,2862.73
2024-02-16,S000,SKU017,Beverages,North,Metro,95.97,95.97,0,0.0,End-cap,0,23,0,0,0,0,0.0,0.197,0.197,0.0
2024-02-16,S000,SKU020,Beverages,North,Metro,142.4,142.4,0,0.0,,53,53,126,0,0,0,7547.2,0.233,0.233,1758.5
2024-02-16,S000,SKU030,Beverages,North,Metro,34.82,34.82,0,0.0,,61,61,101,0,0,0,2124.02,0.331,0.331,703.05
2024-02-17,S000,SKU003,Beverages,North,Metro,164.84,164.84,0,0.0,,59,76,0,1,0,0,9725.56,0.173,0.173,1682.52
2024-02-17,S000,SKU012,Beverages,North,Metro,237.61,237.61,0,0.0,,85,85,9,1,0,0,20196.85,0.251,0.251,5069.41
2024-02-17,S000,SKU017,Beverages,North,Metro,95.97,95.97,0,0.0,Floor-stack,0,28,0,1,0,0,0.0,0.197,0.197,0.0
2024-02-17,S000,SKU020,Beverages,North,Metro,142.4,142.4,0,0.0,Shelf-talker,89,89,37,1,0,0,12673.6,0.233,0.233,2952.95
2024-02-17,S000,SKU030,Beverages,North,Metro,34.82,34.82,0,0.0,,59,59,42,1,0,0,2054.38,0.331,0.331,680.0
2024-02-18,S000,SKU003,Beverages,North,Metro,164.84,164.84,0,0.0,,51,51,292,1,0,0,8406.84,0.173,0.173,1454.38
2024-02-18,S000,SKU012,Beverages,North,Metro,237.61,237.61,0,0.0,,63,63,310,1,0,0,14969.43,0.251,0.251,3757.33
2024-02-18,S000,SKU017,Beverages,North,Metro,95.97,95.97,0,0.0,End-cap,17,17,115,1,0,0,1631.49,0.197,0.197,321.4
2024-02-18,S000,SKU020,Beverages,North,Metro,142.4,142.4,0,0.0,End-cap,108,108,408,1,0,0,15379.2,0.233,0.233,3583.35
2024-02-18,S000,SKU030,Beverages,North,Metro,34.82,34.82,0,0.0,End-cap,61,61,436,1,0,0,2124.02,0.331,0.331,703.05
2024-02-19,S000,SKU003,Beverages,North,Metro,164.84,164.84,0,0.0,,48,48,244,0,0,0,7912.32,0.173,0.173,1368.83
2024-02-19,S000,SKU012,Beverages,North,Metro,237.61,237.61,0,0.0,Shelf-talker,48,48,262,0,0,0,11405.28,0.251,0.251,2862.73
2024-02-19,S000,SKU017,Beverages,North,Metro,95.97,95.97,0,0.0,Floor-stack,26,26,89,0,0,0,2495.22,0.197,0.197,491.56
2024-02-19,S000,SKU020,Beverages,North,Metro,142.4,142.4,0,0.0,Floor-stack,63,63,345,0,0,0,8971.2,0.233,0.233,2090.29
2024-02-19,S000,SKU030,Beverages,North,Metro,34.82,34.82,0,0.0,End-cap,69,69,366,0,0,0,2402.58,0.331,0.331,795.25
2024-02-20,S000,SKU003,Beverages,North,Metro,164.84,164.84,0,0.0,,37,37,208,0,0,0,6099.08,0.173,0.173,1055.14
2024-02-20,S000,SKU012,Beverages,North,Metro,237.61,237.61,0,0.0,End-cap,50,50,212,0,0,0,11880.5,0.251,0.251,2982.01
2024-02-20,S000,SKU017,Beverages,North,Metro,95.97,95.97,0,0.0,End-cap,15,15,73,0,0,0,1439.55,0.197,0.197,283.59
2024-02-20,S000,SKU020,Beverages,North,Metro,142.4,142.4,0,0.0,Floor-stack,57,57,288,0,0,0,8116.8,0.233,0.233,1891.21
2024-02-20,S000,SKU030,Beverages,North,Metro,34.82,34.82,0,0.0,Shelf-talker,63,63,303,0,0,0,2193.66,0.331,0.331,726.1
2024-02-21,S000,SKU003,Beverages,North,Metro,164.84,164.84,0,0.0,,62,62,146,0,0,0,10220.08,0.173,0.173,1768.07
2024-02-21,S000,SKU012,Beverages,North,Metro,237.61,237.61,0,0.0,,52,52,160,0,0,0,12355.72,0.251,0.251,3101.29
2024-02-21,S000,SKU017,Beverages,North,Metro,95.97,95.97,0,0.0,,20,20,53,0,0,0,1919.4,0.197,0.197,378.12
2024-02-21,S000,SKU020,Beverages,North,Metro,142.4,142.4,0,0.0,End-cap,91,91,197,0,0,0,12958.4,0.233,0.233,3019.31
2024-02-21,S000,SKU030,Beverages,North,Metro,34.82,34.82,0,0.0,,52,52,251,0,0,0,1810.64,0.331,0.331,599.32
2024-02-22,S000,SKU003,Beverages,North,Metro,164.84,164.84,0,0.0,End-cap,44,47,99,0,0,0,7252.96,0.173,0.173,1254.76
2024-02-22,S000,SKU012,Beverages,North,Metro,237.61,237.61,0,0.0,,60,62,98,0,0,0,14256.6,0.251,0.251,3578.41
2024-02-22,S000,SKU017,Beverages,North,Metro,95.97,95.97,0,0.0,Shelf-talker,22,23,30,0,0,0,2111.34,0.197,0.197,415.93
2024-02-22,S000,SKU020,Beverages,North,Metro,142.4,99.68,1,30.0,,159,159,38,0,0,0,15849.12,0.233,0.053,840.0
2024-02-22,S000,SKU030,Beverages,North,Metro,34.82,34.82,0,0.0,,44,47,204,0,0,0,1532.08,0.331,0.331,507.12
2024-02-23,S000,SKU003,Beverages,North,Metro,164.84,164.84,0,0.0,,45,48,50,0,0,0,7417.8,0.173,0.173,1283.28
2024-02-23,S000,SKU012,Beverages,North,Metro,237.61,237.61,0,0.0,,56,59,39,0,0,0,13306.16,0.251,0.251,3339.85
2024-02-23,S000,SKU017,Beverages,North,Metro,95.97,95.97,0,0.0,,21,22,7,0,0,0,2015.37,0.197,0.197,397.03
2024-02-23,S000,SKU020,Beverages,North,Metro,142.4,99.68,1,30.0,,38,116,0,0,0,0,3787.84,0.233,0.053,200.76
2024-02-23,S000,SKU030,Beverages,North,Metro,34.82,34.82,0,0.0,Shelf-talker,62,65,139,0,0,0,2158.84,0.331,0.331,714.58
2024-02-24,S000,SKU003,Beverages,North,Metro,164.84,164.84,0,0.0,Shelf-talker,50,74,0,1,0,0,8242.0,0.173,0.173,1425.87
2024-02-24,S000,SKU012,Beverages,North,Metro,237.61,237.61,0,0.0,Shelf-talker,39,58,0,1,0,0,9266.79,0.251,0.251,2325.96
2024-02-24,S000,SKU017,Beverages,North,Metro,95.97,95.97,0,0.0,,7,20,0,1,0,0,671.79,0.197,0.197,132.34
2024-02-24,S000,SKU020,Beverages,North,Metro,142.4,99.68,1,30.0,,0,180,0,1,0,0,0.0,0.233,0.053,0.0
2024-02-24,S000,SKU030,Beverages,North,Metro,34.82,34.82,0,0.0,End-cap,79,79,60,1,0,0,2750.78,0.331,0.331,910.51
2024-02-25,S000,SKU003,Beverages,North,Metro,164.84,164.84,0,0.0,,62,66,252,1,0,0,10220.08,0.173,0.173,1768.07
2024-02-25,S000,SKU012,Beverages,North,Metro,237.61,237.61,0,0.0,,67,71,376,1,0,0,15919.87,0.251,0.251,3995.89
2024-02-25,S000,SKU017,Beverages,North,Metro,95.97,95.97,0,0.0,Floor-stack,20,21,153,1,0,0,1919.4,0.197,0.197,378.12
2024-02-25,S000,SKU020,Beverages,North,Metro,142.4,99.68,1,30.0,,217,217,212,1,0,0,21630.56,0.233,0.053,1146.42
2024-02-25,S000,SKU030,Beverages,North,Metro,34.82,34.82,0,0.0,,74,76,460,1,0,0,2576.68,0.331,0.331,852.88
2024-02-26,S000,SKU003,Beverages,North,Metro,164.84,164.84,0,0.0,End-cap,39,40,212,0,0,0,6428.76,0.173,0.173,1112.18
2024-02-26,S000,SKU012,Beverages,North,Metro,237.61,237.61,0,0.0,,45,46,330,0,0,0,10692.45,0.251,0.251,2683.8
2024-02-26,S000,SKU017,Beverages,North,Metro,95.97,95.97,0,0.0,End-cap,21,22,131,0,0,0,2015.37,0.197,0.197,397.03
2024-02-26,S000,SKU020,Beverages,North,Metro,142.4,99.68,1,30.0,End-cap,147,147,65,0,0,0,14652.96,0.233,0.053,776.61
2024-02-26,S000,SKU030,Beverages,North,Metro,34.82,34.82,0,0.0,Floor-stack,51,54,406,0,0,0,1775.82,0.331,0.331,587.8
2024-02-27,S000,SKU003,Beverages,North,Metro,164.84,164.84,0,0.0,Shelf-talker,39,42,170,0,0,0,6428.76,0.173,0.173,1112.18
2024-02-27,S000,SKU012,Beverages,North,Metro,237.61,237.61,0,0.0,,61,65,266,0,0,0,14494.21,0.251,0.251,3638.05
2024-02-27,S000,SKU017,Beverages,North,Metro,95.97,95.97,0,0.0,Floor-stack,22,23,108,0,0,0,2111.34,0.197,0.197,415.93
2024-02-27,S000,SKU020,Beverages,North,Metro,142.4,99.68,1,30.0,,65,170,0,0,0,0,6479.2,0.233,0.053,343.4
2024-02-27,S000,SKU030,Beverages,North,Metro,34.82,34.82,0,0.0,End-cap,42,44,362,0,0,0,1462.44,0.331,0.331,484.07
2024-02-28,S000,SKU003,Beverages,North,Metro,164.84,164.84,0,0.0,,61,61,109,0,1,0,10055.24,0.173,0.173,1739.56
2024-02-28,S000,SKU012,Beverages,North,Metro,237.61,237.61,0,0.0,Floor-stack,78,78,188,0,1,0,18533.58,0.251,0.251,4651.93
2024-02-28,S000,SKU017,Beverages,North,Metro,95.97,95.97,0,0.0,,20,20,88,0,1,0,1919.4,0.197,0.197,378.12
2024-02-28,S000,SKU020,Beverages,North,Metro,142.4,99.68,1,30.0,Shelf-talker,0,124,0,0,1,0,0.0,0.233,0.053,0.0
2024-02-28,S000,SKU030,Beverages,North,Metro,34.82,34.82,0,0.0,,65,65,297,0,1,0,2263.3,0.331,0.331,749.15
2024-02-29,S000,SKU003,Beverages,North,Metro,164.84,164.84,0,0.0,,48,50,59,0,1,0,7912.32,0.173,0.173,1368.83
2024-02-29,S000,SKU012,Beverages,North,Metro,237.61,237.61,0,0.0,End-cap,65,67,120,0,1,0,15444.65,0.251,0.251,3876.61
2024-02-29,S000,SKU017,Beverages,North,Metro,95.97,95.97,0,0.0,Shelf-talker,25,26,62,0,1,0,2399.25,0.197,0.197,472.65
2024-02-29,S000,SKU020,Beverages,North,Metro,142.4,142.4,0,0.0,Floor-stack,0,55,0,0,1,0,0.0,0.233,0.233,0.0
2024-02-29,S000,SKU030,Beverages,North,Metro,34.82,24.37,1,30.0,Shelf-talker,147,147,150,0,1,0,3582.39,0.331,0.151,540.94
2024-03-01,S000,SKU003,Beverages,North,Metro,164.84,164.84,0,0.0,,34,35,24,0,1,0,5604.56,0.173,0.173,969.59
2024-03-01,S000,SKU012,Beverages,North,Metro,237.61,237.61,0,0.0,,67,72,49,0,1,0,15919.87,0.251,0.251,3995.89
2024-03-01,S000,SKU017,Beverages,North,Metro,95.97,95.97,0,0.0,,17,18,44,0,1,0,1631.49,0.197,0.197,321.4
2024-03-01,S000,SKU020,Beverages,North,Metro,142.4,142.4,0,0.0,,0,65,0,0,1,0,0.0,0.233,0.233,0.0
2024-03-01,S000,SKU030,Beverages,North,Metro,34.82,24.37,1,30.0,End-cap,99,99,51,0,1,0,2412.63,0.331,0.151,364.31
2024-03-02,S000,SKU003,Beverages,North,Metro,164.84,164.84,0,0.0,Floor-stack,22,67,0,1,1,0,3626.48,0.173,0.173,627.38
2024-03-02,S000,SKU012,Beverages,North,Metro,237.61,237.61,0,0.0,Floor-stack,46,108,0,1,1,0,10930.06,0.251,0.251,2743.45
2024-03-02,S000,SKU017,Beverages,North,Metro,95.97,95.97,0,0.0,,32,33,11,1,1,0,3071.04,0.197,0.197,604.99
2024-03-02,S000,SKU020,Beverages,North,Metro,142.4,142.4,0,0.0,End-cap,0,85,0,1,1,0,0.0,0.233,0.233,0.0
2024-03-02,S000,SKU030,Beverages,North,Metro,34.82,24.37,1,30.0,,51,143,0,1,1,0,1242.87,0.331,0.151,187.67
2024-03-03,S000,SKU003,Beverages,North,Metro,164.84,164.84,0,0.0,Floor-stack,41,44,298,1,0,0,6758.44,0.173,0.173,1169.21
2024-03-03,S000,SKU012,Beverages,North,Metro,237.61,237.61,0,0.0,,65,70,403,1,0,0,15444.65,0.251,0.251,3876.61
2024-03-03,S000,SKU017,Beverages,North,Metro,95.97,95.97,0,0.0,Shelf-talker,21,22,162,1,0,0,2015.37,0.197,0.197,397.03
2024-03-03,S000,SKU020,Beverages,North,Metro,142.4,142.4,0,0.0,Shelf-talker,78,84,349,1,0,0,11107.2,0.233,0.233,2587.98
2024-03-03,S000,SKU030,Beverages,North,Metro,34.82,24.37,1,30.0,,162,162,195,1,0,0,3947.94,0.331,0.151,596.14
2024-03-04,S000,SKU003,Beverages,North,Metro,164.84,164.84,0,0.0,,60,62,236,0,0,0,9890.4,0.173,0.173,1711.04
2024-03-04,S000,SKU012,Beverages,North,Metro,237.61,237.61,0,0.0,Shelf-talker,47,48,354,0,0,0,11167.67,0.251,0.251,2803.09
2024-03-04,S000,SKU017,Beverages,North,Metro,95.97,95.97,0,0.0,,20,21,140,0,0,0,1919.4,0.197,0.197,378.12
2024-03-04,S000,SKU020,Beverages,North,Metro,142.4,142.4,0,0.0,End-cap,67,71,278,0,0,0,9540.8,0.233,0.233,2223.01
2024-03-04,S000,SKU030,Beverages,North,Metro,34.82,24.37,1,30.0,,96,96,99,0,0,0,2339.52,0.331,0.151,353.27
2024-03-05,S000,SKU003,Beverages,North,Metro,164.84,164.84,0,0.0,Shelf-talker,47,50,186,0,0,0,7747.48,0.173,0.173,1340.31
2024-03-05,S000,SKU012,Beverages,North,Metro,237.61,237.61,0,0.0,End-cap,61,64,290,0,0,0,14494.21,0.251,0.251,3638.05
2024-03-05,S000,SKU017,Beverages,North,Metro,95.97,95.97,0,0.0,End-cap,20,21,119,0,0,0,1919.4,0.197,0.197,378.12
2024-03-05,S000,SKU020,Beverages,North,Metro,142.4,142.4,0,0.0,Floor-stack,87,92,186,0,0,0,12388.8,0.233,0.233,2886.59
2024-03-05,S000,SKU030,Beverages,North,Metro,34.82,24.37,1,30.0,,99,99,0,0,0,0,2412.63,0.331,0.151,364.31
2024-03-06,S000,SKU003,Beverages,North,Metro,164.84,164.84,0,0.0,,40,40,145,0,0,0,6593.6,0.173,0.173,1140.69
2024-03-06,S000,SKU012,Beverages,North,Metro,237.61,237.61,0,0.0,,46,46,244,0,0,0,10930.06,0.251,0.251,2743.45
2024-03-06,S000,SKU017,Beverages,North,Metro,95.97,95.97,0,0.0,Shelf-talker,26,26,94,0,0,0,2495.22,0.197,0.197,491.56
2024-03-06,S000,SKU020,Beverages,North,Metro,142.4,142.4,0,0.0,,55,55,130,0,0,0,7832.0,0.233,0.233,1824.86
2024-03-06,S000,SKU030,Beverages,North,Metro,34.82,24.37,1,30.0,End-cap,0,77,0,0,0,0,0.0,0.331,0.151,0.0
2024-03-07,S000,SKU003,Beverages,North,Metro,164.84,164.84,0,0.0,,42,42,103,0,0,0,6923.28,0.173,0.173,1197.73
2024-03-07,S000,SKU012,Beverages,North,Metro,237.61,237.61,0,0.0,Shelf-talker,56,56,188,0,0,0,13306.16,0.251,0.251,3339.85
2024-03-07,S000,SKU017,Beverages,North,Metro,95.97,95.97,0,0.0,Shelf-talker,22,22,72,0,0,0,2111.34,0.197,0.197,415.93
2024-03-07,S000,SKU020,Beverages,North,Metro,142.4,142.4,0,0.0,,60,60,70,0,0,0,8544.0,0.233,0.233,1990.75
2024-03-07,S000,SKU030,Beverages,North,Metro,34.82,24.37,1,30.0,,0,112,0,0,0,0,0.0,0.331,0.151,0.0
2024-03-08,S000,SKU003,Beverages,North,Metro,164.84,164.84,0,0.0,End-cap,32,32,71,0,0,0,5274.88,0.173,0.173,912.55
2024-03-08,S000,SKU012,Beverages,North,Metro,237.61,237.61,0,0.0,Floor-stack,52,52,135,0,0,0,12355.72,0.251,0.251,3101.29
2024-03-08,S000,SKU017,Beverages,North,Metro,95.97,95.97,0,0.0,,19,19,53,0,0,0,1823.43,0.197,0.197,359.22
2024-03-08,S000,SKU020,Beverages,North,Metro,142.4,142.4,0,0.0,,56,56,14,0,0,0,7974.4,0.233,0.233,1858.04
2024-03-08,S000,SKU030,Beverages,North,Metro,34.82,34.82,0,0.0,,0,48,0,0,0,0,0.0,0.331,0.331,0.0
2024-03-09,S000,SKU003,Beverages,North,Metro,164.84,164.84,0,0.0,,46,48,23,1,0,0,7582.64,0.173,0.173,1311.8
2024-03-09,S000,SKU012,Beverages,North,Metro,237.61,237.61,0,0.0,,59,63,73,1,0,0,14018.99,0.251,0.251,3518.77
2024-03-09,S000,SKU017,Beverages,North,Metro,95.97,95.97,0,0.0,,26,28,25,1,0,0,2495.22,0.197,0.197,491.56
2024-03-09,S000,SKU020,Beverages,North,Metro,142.4,99.68,1,30.0,,14,221,0,1,0,0,1395.52,0.233,0.053,73.96
2024-03-09,S000,SKU030,Beverages,North,Metro,34.82,34.82,0,0.0,End-cap,0,50,0,1,0,0,0.0,0.331,0.331,0.0
2024-03-10,S000,SKU003,Beverages,North,Metro,164.84,164.84,0,0.0,,69,71,326,1,0,0,11373.96,0.173,0.173,1967.7
2024-03-10,S000,SKU012,Beverages,North,Metro,237.61,237.61,0,0.0,,65,69,399,1,0,0,15444.65,0.251,0.251,3876.61
2024-03-10,S000,SKU017,Beverages,North,Metro,95.97,95.97,0,0.0,Floor-stack,34,36,141,1,0,0,3262.98,0.197,0.197,642.81
2024-03-10,S000,SKU020,Beverages,North,Metro,142.4,99.68,1,30.0,,223,223,220,1,0,0,22228.64,0.233,0.053,1178.12
2024-03-10,S000,SKU030,Beverages,North,Metro,34.82,34.82,0,0.0,,55,57,315,1,0,0,1915.1,0.331,0.331,633.9
2024-03-11,S000,SKU003,Beverages,North,Metro,164.84,164.84,0,0.0,Shelf-talker,63,68,258,0,0,0,10384.92,0.173,0.173,1796.59
2024-03-11,S000,SKU012,Beverages,North,Metro,237.61,237.61,0,0.0,Shelf-talker,64,68,332,0,0,0,15207.04,0.251,0.251,3816.97
2024-03-11,S000,SKU017,Beverages,North,Metro,95.97,95.97,0,0.0,End-cap,23,24,117,0,0,0,2207.31,0.197,0.197,434.84
2024-03-11,S000,SKU020,Beverages,North,Metro,142.4,99.68,1,30.0,Shelf-talker,138,138,82,0,0,0,13755.84,0.233,0.053,729.06
2024-03-11,S000,SKU030,Beverages,North,Metro,34.82,34.82,0,0.0,Shelf-talker,54,58,257,0,0,0,1880.28,0.331,0.331,622.37
2024-03-12,S000,SKU003,Beverages,North,Metro,164.84,164.84,0,0.0,,53,55,204,0,0,0,8736.52,0.173,0.173,1511.42
2024-03-12,S000,SKU012,Beverages,North,Metro,237.61,237.61,0,0.0,,67,70,262,0,0,0,15919.87,0.251,0.251,3995.89
2024-03-12,S000,SKU017,Beverages,North,Metro,95.97,95.97,0,0.0,,20,21,96,0,0,0,1919.4,0.197,0.197,378.12
2024-03-12,S000,SKU020,Beverages,North,Metro,142.4,99.68,1,30.0,End-cap,82,205,0,0,0,0,8173.76,0.233,0.053,433.21
2024-03-12,S000,SKU030,Beverages,North,Metro,34.82,34.82,0,0.0,End-cap,38,40,217,0,0,0,1323.16,0.331,0.331,437.97
2024-03-13,S000,SKU003,Beverages,North,Metro,164.84,164.84,0,0.0,End-cap,47,47,156,0,0,0,7747.48,0.173,0.173,1340.31
2024-03-13,S000,SKU012,Beverages,North,Metro,237.61,237.61,0,0.0,,68,68,194,0,0,0,16157.48,0.251,0.251,4055.53
2024-03-13,S000,SKU017,Beverages,North,Metro,95.97,95.97,0,0.0,,18,18,78,0,0,0,1727.46,0.197,0.197,340.31
2024-03-13,S000,SKU020,Beverages,North,Metro,142.4,99.68,1,30.0,,0,131,0,0,0,0,0.0,0.233,0.053,0.0
2024-03-13,S000,SKU030,Beverages,North,Metro,34.82,34.82,0,0.0,End-cap,42,42,175,0,0,0,1462.44,0.331,0.331,484.07
2024-03-14,S000,SKU003,Beverages,North,Metro,164.84,164.84,0,0.0,,45,45,111,0,0,0,7417.8,0.173,0.173,1283.28
2024-03-14,S000,SKU012,Beverages,North,Metro,237.61,237.61,0,0.0,,62,62,132,0,0,0,14731.82,0.251,0.251,3697.69
2024-03-14,S000,SKU017,Beverages,North,Metro,95.97,95.97,0,0.0,,19,19,59,0,0,0,1823.43,0.197,0.197,359.22
2024-03-14,S000,SKU020,Beverages,North,Metro,142.4,142.4,0,0.0,,0,76,0,0,0,0,0.0,0.233,0.233,0.0
2024-03-14,S000,SKU030,Beverages,North,Metro,34.82,34.82,0,0.0,,61,61,114,0,0,0,2124.02,0.331,0.331,703.05
2024-03-15,S000,SKU003,Beverages,North,Metro,164.84,164.84,0,0.0,,53,53,58,0,0,1,8736.52,0.173,0.173,1511.42
2024-03-15,S000,SKU012,Beverages,North,Metro,237.61,237.61,0,0.0,Shelf-talker,74,74,58,0,0,1,17583.14,0.251,0.251,4413.37
2024-03-15,S000,SKU017,Beverages,North,Metro,95.97,95.97,0,0.0,Floor-stack,32,32,28,0,0,1,3071.04,0.197,0.197,604.99
2024-03-15,S000,SKU020,Beverages,North,Metro,142.4,142.4,0,0.0,,0,107,0,0,0,1,0.0,0.233,0.233,0.0
2024-03-15,S000,SKU030,Beverages,North,Metro,34.82,34.82,0,0.0,,73,73,41,0,0,1,2541.86,0.331,0.331,841.36
2024-03-16,S000,SKU003,Beverages,North,Metro,164.84,164.84,0,0.0,,58,82,0,1,0,0,9560.72,0.173,0.173,1654.0
2024-03-16,S000,SKU012,Beverages,North,Metro,237.61,237.61,0,0.0,End-cap,41,41,16,1,0,0,9742.01,0.251,0.251,2445.24
2024-03-16,S000,SKU017,Beverages,North,Metro,95.97,95.97,0,0.0,,22,22,6,1,0,0,2111.34,0.197,0.197,415.93
2024-03-16,S000,SKU020,Beverages,North,Metro,142.4,142.4,0,0.0,,0,60,0,1,0,0,0.0,0.233,0.233,0.0
2024-03-16,S000,SKU030,Beverages,North,Metro,34.82,34.82,0,0.0,End-cap,41,58,0,1,0,0,1427.62,0.331,0.331,472.54
2024-03-17,S000,SKU003,Beverages,North,Metro,164.84,164.84,0,0.0,Floor-stack,58,58,265,1,0,0,9560.72,0.173,0.173,1654.0
2024-03-17,S000,SKU012,Beverages,North,Metro,237.61,237.61,0,0.0,Floor-stack,77,77,299,1,0,0,18295.97,0.251,0.251,4592.29
2024-03-17,S000,SKU017,Beverages,North,Metro,95.97,95.97,0,0.0,Shelf-talker,26,26,114,1,0,0,2495.22,0.197,0.197,491.56
2024-03-17,S000,SKU020,Beverages,North,Metro,142.4,142.4,0,0.0,,87,87,393,1,0,0,12388.8,0.233,0.233,2886.59
2024-03-17,S000,SKU030,Beverages,North,Metro,34.82,34.82,0,0.0,,65,65,397,1,0,0,2263.3,0.331,0.331,749.15
2024-03-18,S000,SKU003,Beverages,North,Metro,164.84,164.84,0,0.0,,67,67,199,0,0,0,11044.28,0.173,0.173,1910.66
2024-03-18,S000,SKU012,Beverages,North,Metro,237.61,237.61,0,0.0,,34,34,264,0,0,0,8078.74,0.251,0.251,2027.76
2024-03-18,S000,SKU017,Beverages,North,Metro,95.97,95.97,0,0.0,,27,27,87,0,0,0,2591.19,0.197,0.197,510.46
2024-03-18,S000,SKU020,Beverages,North,Metro,142.4,142.4,0,0.0,,33,33,360,0,0,0,4699.2,0.233,0.233,1094.91
2024-03-18,S000,SKU030,Beverages,North,Metro,34.82,34.82,0,0.0,End-cap,73,73,324,0,0,0,2541.86,0.331,0.331,841.36
2024-03-19,S000,SKU003,Beverages,North,Metro,164.84,164.84,0,0.0,,60,60,138,0,0,0,9890.4,0.173,0.173,1711.04
2024-03-19,S000,SKU012,Beverages,North,Metro,237.61,237.61,0,0.0,Floor-stack,38,38,226,0,0,0,9029.18,0.251,0.251,2266.32
2024-03-19,S000,SKU017,Beverages,North,Metro,95.97,95.97,0,0.0,,22,22,65,0,0,0,2111.34,0.197,0.197,415.93
2024-03-19,S000,SKU020,Beverages,North,Metro,142.4,142.4,0,0.0,Shelf-talker,73,73,287,0,0,0,10395.2,0.233,0.233,2422.08
2024-03-19,S000,SKU030,Beverages,North,Metro,34.82,34.82,0,0.0,,69,69,255,0,0,0,2402.58,0.331,0.331,795.25
2024-03-20,S000,SKU003,Beverages,North,Metro,164.84,164.84,0,0.0,End-cap,33,33,105,0,0,0,5439.72,0.173,0.173,941.07
2024-03-20,S000,SKU012,Beverages,North,Metro,237.61,237.61,0,0.0,,57,57,170,0,0,0,13543.77,0.251,0.251,3399.49
2024-03-20,S000,SKU017,Beverages,North,Metro,95.97,95.97,0,0.0,End-cap,17,17,48,0,0,0,1631.49,0.197,0.197,321.4
2024-03-20,S000,SKU020,Beverages,North,Metro,142.4,142.4,0,0.0,Floor-stack,51,51,235,0,0,0,7262.4,0.233,0.233,1692.14
2024-03-20,S000,SKU030,Beverages,North,Metro,34.82,34.82,0,0.0,End-cap,55,55,200,0,0,0,1915.1,0.331,0.331,633.9
2024-03-21,S000,SKU003,Beverages,North,Metro,164.84,164.84,0,0.0,Floor-stack,43,43,63,0,0,0,7088.12,0.173,0.173,1226.24
2024-03-21,S000,SKU012,Beverages,North,Metro,237.61,237.61,0,0.0,End-cap,61,61,108,0,0,0,14494.21,0.251,0.251,3638.05
2024-03-21,S000,SKU017,Beverages,North,Metro,95.97,95.97,0,0.0,Shelf-talker,29,29,19,0,0,0,2783.13,0.197,0.197,548.28
2024-03-21,S000,SKU020,Beverages,North,Metro,142.4,142.4,0,0.0,,71,71,165,0,0,0,10110.4,0.233,0.233,2355.72
2024-03-21,S000,SKU030,Beverages,North,Metro,34.82,34.82,0,0.0,,64,64,136,0,0,0,2228.48,0.331,0.331,737.63
2024-03-22,S000,SKU003,Beverages,North,Metro,164.84,164.84,0,0.0,Floor-stack,42,42,20,0,0,0,6923.28,0.173,0.173,1197.73
2024-03-22,S000,SKU012,Beverages,North,Metro,237.61,237.61,0,0.0,End-cap,54,54,55,0,0,0,12830.94,0.251,0.251,3220.57
2024-03-22,S000,SKU017,Beverages,North,Metro,95.97,95.97,0,0.0,,19,28,0,0,0,0,1823.43,0.197,0.197,359.22
2024-03-22,S000,SKU020,Beverages,North,Metro,142.4,142.4,0,0.0,End-cap,73,73,92,0,0,0,10395.2,0.233,0.233,2422.08
2024-03-22,S000,SKU030,Beverages,North,Metro,34.82,34.82,0,0.0,,57,57,79,0,0,0,1984.74,0.331,0.331,656.95
2024-03-23,S000,SKU003,Beverages,North,Metro,164.84,164.84,0,0.0,End-cap,20,59,0,1,0,0,3296.8,0.173,0.173,570.35
2024-03-23,S000,SKU012,Beverages,North,Metro,237.61,237.61,0,0.0,,55,92,0,1,0,0,13068.55,0.251,0.251,3280.21
2024-03-23,S000,SKU017,Beverages,North,Metro,95.97,95.97,0,0.0,,0,28,0,1,0,0,0.0,0.197,0.197,0.0
2024-03-23,S000,SKU020,Beverages,North,Metro,142.4,142.4,0,0.0,Floor-stack,92,95,0,1,0,0,13100.8,0.233,0.233,3052.49
2024-03-23,S000,SKU030,Beverages,North,Metro,34.82,34.82,0,0.0,,47,47,32,1,0,0,1636.54,0.331,0.331,541.69
2024-03-24,S000,SKU003,Beverages,North,Metro,164.84,164.84,0,0.0,,59,59,345,1,0,0,9725.56,0.173,0.173,1682.52
2024-03-24,S000,SKU012,Beverages,North,Metro,237.61,237.61,0,0.0,End-cap,78,78,290,1,0,0,18533.58,0.251,0.251,4651.93
2024-03-24,S000,SKU017,Beverages,North,Metro,95.97,95.97,0,0.0,End-cap,32,32,123,1,0,0,3071.04,0.197,0.197,604.99
2024-03-24,S000,SKU020,Beverages,North,Metro,142.4,142.4,0,0.0,,92,92,454,1,0,0,13100.8,0.233,0.233,3052.49
2024-03-24,S000,SKU030,Beverages,North,Metro,34.82,34.82,0,0.0,End-cap,45,45,446,1,0,0,1566.9,0.331,0.331,518.64
2024-03-25,S000,SKU003,Beverages,North,Metro,164.84,164.84,0,0.0,End-cap,74,74,270,0,0,0,12198.16,0.173,0.173,2110.28
2024-03-25,S000,SKU012,Beverages,North,Metro,237.61,237.61,0,0.0,,56,56,234,0,0,0,13306.16,0.251,0.251,3339.85
2024-03-25,S000,SKU017,Beverages,North,Metro,95.97,95.97,0,0.0,,20,20,103,0,0,0,1919.4,0.197,0.197,378.12
2024-03-25,S000,SKU020,Beverages,North,Metro,142.4,142.4,0,0.0,,65,65,389,0,0,0,9256.0,0.233,0.233,2156.65
2024-03-25,S000,SKU030,Beverages,North,Metro,34.82,34.82,0,0.0,,47,47,399,0,0,0,1636.54,0.331,0.331,541.69
2024-03-26,S000,SKU003,Beverages,North,Metro,164.84,164.84,0,0.0,Shelf-talker,39,39,231,0,0,0,6428.76,0.173,0.173,1112.18
2024-03-26,S000,SKU012,Beverages,North,Metro,237.61,237.61,0,0.0,,73,73,161,0,0,0,17345.53,0.251,0.251,4353.73
2024-03-26,S000,SKU017,Beverages,North,Metro,95.97,95.97,0,0.0,,24,24,79,0,0,0,2303.28,0.197,0.197,453.75
2024-03-26,S000,SKU020,Beverages,North,Metro,142.4,142.4,0,0.0,,60,60,330,0,0,0,8544.0,0.233,0.233,1990.75
2024-03-26,S000,SKU030,Beverages,North,Metro,34.82,34.82,0,0.0,,40,40,359,0,0,0,1392.8,0.331,0.331,461.02
2024-03-27,S000,SKU003,Beverages,North,Metro,164.84,164.84,0,0.0,Shelf-talker,50,50,181,0,0,0,8242.0,0.173,0.173,1425.87
2024-03-27,S000,SKU012,Beverages,North,Metro,237.61,237.61,0,0.0,End-cap,75,75,87,0,0,0,17820.75,0.251,0.251,4473.01
2024-03-27,S000,SKU017,Beverages,North,Metro,95.97,95.97,0,0.0,End-cap,20,20,59,0,0,0,1919.4,0.197,0.197,378.12
2024-03-27,S000,SKU020,Beverages,North,Metro,142.4,142.4,0,0.0,,63,63,267,0,0,0,8971.2,0.233,0.233,2090.29
2024-03-27,S000,SKU030,Beverages,North,Metro,34.82,34.82,0,0.0,Shelf-talker,58,58,301,0,0,0,2019.56,0.331,0.331,668.47
2024-03-28,S000,SKU003,Beverages,North,Metro,164.84,164.84,0,0.0,Shelf-talker,63,63,118,0,1,0,10384.92,0.173,0.173,1796.59
2024-03-28,S000,SKU012,Beverages,North,Metro,237.61,237.61,0,0.0,,75,75,12,0,1,0,17820.75,0.251,0.251,4473.01
2024-03-28,S000,SKU017,Beverages,North,Metro,95.97,95.97,0,0.0,,19,19,41,0,1,0,1823.43,0.197,0.197,359.22
2024-03-28,S000,SKU020,Beverages,North,Metro,142.4,142.4,0,0.0,,60,60,207,0,1,0,8544.0,0.233,0.233,1990.75
2024-03-28,S000,SKU030,Beverages,North,Metro,34.82,34.82,0,0.0,,59,59,242,0,1,0,2054.38,0.331,0.331,680.0
2024-03-29,S000,SKU003,Beverages,North,Metro,164.84,164.84,0,0.0,,56,56,62,0,1,0,9231.04,0.173,0.173,1596.97
2024-03-29,S000,SKU012,Beverages,North,Metro,237.61,237.61,0,0.0,End-cap,12,59,0,0,1,0,2851.32,0.251,0.251,715.68
2024-03-29,S000,SKU017,Beverages,North,Metro,95.97,95.97,0,0.0,End-cap,36,36,4,0,1,0,3454.92,0.197,0.197,680.62
2024-03-29,S000,SKU020,Beverages,North,Metro,142.4,142.4,0,0.0,End-cap,72,72,135,0,1,0,10252.8,0.233,0.233,2388.9
2024-03-29,S000,SKU030,Beverages,North,Metro,34.82,34.82,0,0.0,End-cap,70,70,172,0,1,0,2437.4,0.331,0.331,806.78
2024-03-30,S000,SKU003,Beverages,North,Metro,164.84,164.84,0,0.0,,62,85,0,1,1,1,10220.08,0.173,0.173,1768.07
2024-03-30,S000,SKU012,Beverages,North,Metro,237.61,237.61,0,0.0,,0,91,0,1,1,1,0.0,0.251,0.251,0.0
2024-03-30,S000,SKU017,Beverages,North,Metro,95.97,95.97,0,0.0,,4,27,0,1,1,1,383.88,0.197,0.197,75.62
2024-03-30,S000,SKU020,Beverages,North,Metro,142.4,142.4,0,0.0,,105,105,30,1,1,1,14952.0,0.233,0.233,3483.82
2024-03-30,S000,SKU030,Beverages,North,Metro,34.82,34.82,0,0.0,,104,104,67,1,1,1,3621.28,0.331,0.331,1198.64
2024-03-31,S000,SKU003,Beverages,North,Metro,164.84,164.84,0,0.0,End-cap,55,55,271,1,1,0,9066.2,0.173,0.173,1568.45
2024-03-31,S000,SKU012,Beverages,North,Metro,237.61,237.61,0,0.0,,61,61,341,1,1,0,14494.21,0.251,0.251,3638.05
2024-03-31,S000,SKU017,Beverages,North,Metro,95.97,95.97,0,0.0,End-cap,31,31,132,1,1,0,2975.07,0.197,0.197,586.09
2024-03-31,S000,SKU020,Beverages,North,Metro,142.4,142.4,0,0.0,,77,77,386,1,1,0,10964.8,0.233,0.233,2554.8
2024-03-31,S000,SKU030,Beverages,North,Metro,34.82,34.82,0,0.0,,88,88,416,1,1,0,3064.16,0.331,0.331,1014.24
2024-04-01,S000,SKU003,Beverages,North,Metro,164.84,164.84,0,0.0,,57,57,214,0,1,0,9395.88,0.173,0.173,1625.49
2024-04-01,S000,SKU012,Beverages,North,Metro,237.61,237.61,0,0.0,End-cap,67,67,274,0,1,0,15919.87,0.251,0.251,3995.89
2024-04-01,S000,SKU017,Beverages,North,Metro,95.97,95.97,0,0.0,Shelf-talker,26,26,106,0,1,0,2495.22,0.197,0.197,491.56
2024-04-01,S000,SKU020,Beverages,North,Metro,142.4,142.4,0,0.0,,51,51,335,0,1,0,7262.4,0.233,0.233,1692.14
2024-04-01,S000,SKU030,Beverages,North,Metro,34.82,34.82,0,0.0,,54,54,362,0,1,0,1880.28,0.331,0.331,622.37
2024-04-02,S000,SKU003,Beverages,North,Metro,164.84,164.84,0,0.0,,61,61,152,0,1,0,10055.24,0.173,0.173,1739.56
2024-04-02,S000,SKU012,Beverages,North,Metro,237.61,237.61,0,0.0,,55,55,219,0,1,0,13068.55,0.251,0.251,3280.21
2024-04-02,S000,SKU017,Beverages,North,Metro,95.97,95.97,0,0.0,Shelf-talker,27,27,79,0,1,0,2591.19,0.197,0.197,510.46
2024-04-02,S000,SKU020,Beverages,North,Metro,142.4,142.4,0,0.0,,57,57,278,0,1,0,8116.8,0.233,0.233,1891.21
2024-04-02,S000,SKU030,Beverages,North,Metro,34.82,34.82,0,0.0,Floor-stack,71,71,292,0,1,0,2472.22,0.331,0.331,818.3
2024-04-03,S000,SKU003,Beverages,North,Metro,164.84,164.84,0,0.0,,51,51,102,0,0,0,8406.84,0.173,0.173,1454.38
2024-04-03,S000,SKU012,Beverages,North,Metro,237.61,237.61,0,0.0,Floor-stack,54,54,164,0,0,0,12830.94,0.251,0.251,3220.57
2024-04-03,S000,SKU017,Beverages,North,Metro,95.97,95.97,0,0.0,End-cap,21,21,58,0,0,0,2015.37,0.197,0.197,397.03
2024-04-03,S000,SKU020,Beverages,North,Metro,142.4,142.4,0,0.0,,27,27,251,0,0,0,3844.8,0.233,0.233,895.84
2024-04-03,S000,SKU030,Beverages,North,Metro,34.82,34.82,0,0.0,,46,46,246,0,0,0,1601.72,0.331,0.331,530.17
2024-04-04,S000,SKU003,Beverages,North,Metro,164.84,164.84,0,0.0,End-cap,53,53,49,0,0,0,8736.52,0.173,0.173,1511.42
2024-04-04,S000,SKU012,Beverages,North,Metro,237.61,237.61,0,0.0,Floor-stack,61,61,104,0,0,0,14494.21,0.251,0.251,3638.05
2024-04-04,S000,SKU017,Beverages,North,Metro,95.97,95.97,0,0.0,End-cap,21,21,38,0,0,0,2015.37,0.197,0.197,397.03
2024-04-04,S000,SKU020,Beverages,North,Metro,142.4,142.4,0,0.0,,60,60,191,0,0,0,8544.0,0.233,0.233,1990.75
2024-04-04,S000,SKU030,Beverages,North,Metro,34.82,34.82,0,0.0,,62,62,183,0,0,0,2158.84,0.331,0.331,714.58
2024-04-05,S000,SKU003,Beverages,North,Metro,164.84,164.84,0,0.0,Shelf-talker,49,60,0,0,0,0,8077.16,0.173,0.173,1397.35
2024-04-05,S000,SKU012,Beverages,North,Metro,237.61,237.61,0,0.0,,37,37,67,0,0,0,8791.57,0.251,0.251,2206.68
2024-04-05,S000,SKU017,Beverages,North,Metro,95.97,95.97,0,0.0,,22,22,16,0,0,0,2111.34,0.197,0.197,415.93
2024-04-05,S000,SKU020,Beverages,North,Metro,142.4,142.4,0,0.0,,68,68,123,0,0,0,9683.2,0.233,0.233,2256.19
2024-04-05,S000,SKU030,Beverages,North,Metro,34.82,34.82,0,0.0,,68,68,116,0,0,0,2367.76,0.331,0.331,783.73
2024-04-06,S000,SKU003,Beverages,North,Metro,164.84,164.84,0,0.0,Shelf-talker,0,69,0,1,0,0,0.0,0.173,0.173,0.0
2024-04-06,S000,SKU012,Beverages,North,Metro,237.61,237.61,0,0.0,,55,55,11,1,0,0,13068.55,0.251,0.251,3280.21
2024-04-06,S000,SKU017,Beverages,North,Metro,95.97,95.97,0,0.0,,16,28,0,1,0,0,1535.52,0.197,0.197,302.5
2024-04-06,S000,SKU020,Beverages,North,Metro,142.4,142.4,0,0.0,,41,41,82,1,0,0,5838.4,0.233,0.233,1360.35
2024-04-06,S000,SKU030,Beverages,North,Metro,34.82,34.82,0,0.0,Shelf-talker,77,77,38,1,0,0,2681.14,0.331,0.331,887.46
2024-04-07,S000,SKU003,Beverages,North,Metro,164.84,164.84,0,0.0,Shelf-talker,60,60,252,1,0,0,9890.4,0.173,0.173,1711.04
2024-04-07,S000,SKU012,Beverages,North,Metro,237.61,237.61,0,0.0,,65,65,418,1,0,0,15444.65,0.251,0.251,3876.61
2024-04-07,S000,SKU017,Beverages,North,Metro,95.97,95.97,0,0.0,,26,26,118,1,0,0,2495.22,0.197,0.197,491.56
2024-04-07,S000,SKU020,Beverages,North,Metro,142.4,142.4,0,0.0,End-cap,82,82,540,1,0,0,11676.8,0.233,0.233,2720.69
2024-04-07,S000,SKU030,Beverages,North,Metro,34.82,34.82,0,0.0,,66,66,319,1,0,0,2298.12,0.331,0.331,760.68
2024-04-08,S000,SKU003,Beverages,North,Metro,164.84,164.84,0,0.0,Shelf-talker,38,38,214,0,0,0,6263.92,0.173,0.173,1083.66
2024-04-08,S000,SKU012,Beverages,North,Metro,237.61,237.61,0,0.0,Shelf-talker,57,57,361,0,0,0,13543.77,0.251,0.251,3399.49
2024-04-08,S000,SKU017,Beverages,North,Metro,95.97,95.97,0,0.0,End-cap,21,21,98,0,0,0,2015.37,0.197,0.197,397.03
2024-04-08,S000,SKU020,Beverages,North,Metro,142.4,142.4,0,0.0,,62,62,478,0,0,0,8828.8,0.233,0.233,2057.11
2024-04-08,S000,SKU030,Beverages,North,Metro,34.82,34.82,0,0.0,Shelf-talker,61,61,258,0,0,0,2124.02,0.331,0.331,703.05
2024-04-09,S000,SKU003,Beverages,North,Metro,164.84,164.84,0,0.0,End-cap,43,43,172,0,0,0,7088.12,0.173,0.173,1226.24
2024-04-09,S000,SKU012,Beverages,North,Metro,237.61,237.61,0,0.0,,53,53,308,0,0,0,12593.33,0.251,0.251,3160.93
2024-04-09,S000,SKU017,Beverages,North,Metro,95.97,95.97,0,0.0,,16,16,82,0,0,0,1535.52,0.197,0.197,302.5
2024-04-09,S000,SKU020,Beverages,North,Metro,142.4,142.4,0,0.0,End-cap,50,50,428,0,0,0,7120.0,0.233,0.233,1658.96
2024-04-09,S000,SKU030,Beverages,North,Metro,34.82,34.82,0,0.0,,40,40,218,0,0,0,1392.8,0.331,0.331,461.02
2024-04-10,S000,SKU003,Beverages,North,Metro,164.84,164.84,0,0.0,,46,46,126,0,0,0,7582.64,0.173,0.173,1311.8
2024-04-10,S000,SKU012,Beverages,North,Metro,237.61,237.61,0,0.0,Floor-stack,55,55,253,0,0,0,13068.55,0.251,0.251,3280.21
2024-04-10,S000,SKU017,Beverages,North,Metro,95.97,95.97,0,0.0,,29,29,53,0,0,0,2783.13,0.197,0.197,548.28
2024-04-10,S000,SKU020,Beverages,North,Metro,142.4,142.4,0,0.0,Shelf-talker,59,59,369,0,0,0,8401.6,0.233,0.233,1957.57
2024-04-10,S000,SKU030,Beverages,North,Metro,34.82,34.82,0,0.0,Shelf-talker,38,38,180,0,0,0,1323.16,0.331,0.331,437.97
2024-04-11,S000,SKU003,Beverages,North,Metro,164.84,164.84,0,0.0,End-cap,50,50,76,0,0,0,8242.0,0.173,0.173,1425.87
2024-04-11,S000,SKU012,Beverages,North,Metro,237.61,237.61,0,0.0,Floor-stack,51,51,202,0,0,0,12118.11,0.251,0.251,3041.65
2024-04-11,S000,SKU017,Beverages,North,Metro,95.97,95.97,0,0.0,,23,23,30,0,0,0,2207.31,0.197,0.197,434.84
2024-04-11,S000,SKU020,Beverages,North,Metro,142.4,142.4,0,0.0,,75,75,294,0,0,0,10680.0,0.233,0.233,2488.44
2024-04-11,S000,SKU030,Beverages,North,Metro,34.82,34.82,0,0.0,Shelf-talker,60,60,120,0,0,0,2089.2,0.331,0.331,691.53
2024-04-12,S000,SKU003,Beverages,North,Metro,164.84,164.84,0,0.0,,44,44,32,0,0,0,7252.96,0.173,0.173,1254.76
2024-04-12,S000,SKU012,Beverages,North,Metro,237.61,237.61,0,0.0,,43,43,160,0,0,0,10217.23,0.251,0.251,2564.52
2024-04-12,S000,SKU017,Beverages,North,Metro,95.97,95.97,0,0.0,End-cap,22,22,8,0,0,0,2111.34,0.197,0.197,415.93
2024-04-12,S000,SKU020,Beverages,North,Metro,142.4,142.4,0,0.0,,52,52,241,0,0,0,7404.8,0.233,0.233,1725.32
2024-04-12,S000,SKU030,Beverages,North,Metro,34.82,34.82,0,0.0,,68,68,51,0,0,0,2367.76,0.331,0.331,783.73
2024-04-13,S000,SKU003,Beverages,North,Metro,164.84,164.84,0,0.0,,32,49,0,1,0,0,5274.88,0.173,0.173,912.55
2024-04-13,S000,SKU012,Beverages,North,Metro,237.61,237.61,0,0.0,End-cap,65,65,95,1,0,0,15444.65,0.251,0.251,3876.61
2024-04-13,S000,SKU017,Beverages,North,Metro,95.97,95.97,0,0.0,,8,23,0,1,0,0,767.76,0.197,0.197,151.25
2024-04-13,S000,SKU020,Beverages,North,Metro,142.4,142.4,0,0.0,End-cap,80,80,162,1,0,0,11392.0,0.233,0.233,2654.34
2024-04-13,S000,SKU030,Beverages,North,Metro,34.82,34.82,0,0.0,Floor-stack,51,53,0,1,0,0,1775.82,0.331,0.331,587.8
2024-04-14,S000,SKU003,Beverages,North,Metro,164.84,164.84,0,0.0,,47,47,362,1,0,0,7747.48,0.173,0.173,1340.31
2024-04-14,S000,SKU012,Beverages,North,Metro,237.61,237.61,0,0.0,,69,69,470,1,0,0,16395.09,0.251,0.251,4115.17
2024-04-14,S000,SKU017,Beverages,North,Metro,95.97,95.97,0,0.0,,21,21,109,1,0,0,2015.37,0.197,0.197,397.03
2024-04-14,S000,SKU020,Beverages,North,Metro,142.4,142.4,0,0.0,,83,83,493,1,0,0,11819.2,0.233,0.233,2753.87
2024-04-14,S000,SKU030,Beverages,North,Metro,34.82,34.82,0,0.0,Floor-stack,69,69,367,1,0,0,2402.58,0.331,0.331,795.25
2024-04-15,S000,SKU003,Beverages,North,Metro,164.84,164.84,0,0.0,Shelf-talker,34,34,329,0,0,0,5604.56,0.173,0.173,969.59
2024-04-15,S000,SKU012,Beverages,North,Metro,237.61,237.61,0,0.0,,55,55,416,0,0,0,13068.55,0.251,0.251,3280.21
2024-04-15,S000,SKU017,Beverages,North,Metro,95.97,95.97,0,0.0,End-cap,24,24,85,0,0,0,2303.28,0.197,0.197,453.75
2024-04-15,S000,SKU020,Beverages,North,Metro,142.4,142.4,0,0.0,Shelf-talker,54,54,439,0,0,0,7689.6,0.233,0.233,1791.68
2024-04-15,S000,SKU030,Beverages,North,Metro,34.82,34.82,0,0.0,,60,60,307,0,0,0,2089.2,0.331,0.331,691.53
2024-04-16,S000,SKU003,Beverages,North,Metro,164.84,164.84,0,0.0,End-cap,46,46,283,0,0,0,7582.64,0.173,0.173,1311.8
2024-04-16,S000,SKU012,Beverages,North,Metro,237.61,237.61,0,0.0,,59,59,357,0,0,0,14018.99,0.251,0.251,3518.77
2024-04-16,S000,SKU017,Beverages,North,Metro,95.97,95.97,0,0.0,Floor-stack,20,20,64,0,0,0,1919.4,0.197,0.197,378.12
2024-04-16,S000,SKU020,Beverages,North,Metro,142.4,142.4,0,0.0,Shelf-talker,75,75,364,0,0,0,10680.0,0.233,0.233,2488.44
2024-04-16,S000,SKU030,Beverages,North,Metro,34.82,34.82,0,0.0,End-cap,49,49,258,0,0,0,1706.18,0.331,0.331,564.75
2024-04-17,S000,SKU003,Beverages,North,Metro,164.84,164.84,0,0.0,Floor-stack,35,35,247,0,0,0,5769.4,0.173,0.173,998.11
2024-04-17,S000,SKU012,Beverages,North,Metro,237.61,237.61,0,0.0,End-cap,62,62,294,0,0,0,14731.82,0.251,0.251,3697.69
2024-04-17,S000,SKU017,Beverages,North,Metro,95.97,95.97,0,0.0,End-cap,23,23,41,0,0,0,2207.31,0.197,0.197,434.84
2024-04-17,S000,SKU020,Beverages,North,Metro,142.4,142.4,0,0.0,,68,68,296,0,0,0,9683.2,0.233,0.233,2256.19
2024-04-17,S000,SKU030,Beverages,North,Metro,34.82,34.82,0,0.0,End-cap,52,52,206,0,0,0,1810.64,0.331,0.331,599.32
2024-04-18,S000,SKU003,Beverages,North,Metro,164.84,164.84,0,0.0,Floor-stack,39,39,208,0,0,0,6428.76,0.173,0.173,1112.18
2024-04-18,S000,SKU012,Beverages,North,Metro,237.61,237.61,0,0.0,,65,65,230,0,0,0,15444.65,0.251,0.251,3876.61
2024-04-18,S000,SKU017,Beverages,North,Metro,95.97,95.97,0,0.0,,16,16,25,0,0,0,1535.52,0.197,0.197,302.5
2024-04-18,S000,SKU020,Beverages,North,Metro,142.4,142.4,0,0.0,,61,61,235,0,0,0,8686.4,0.233,0.233,2023.93
2024-04-18,S000,SKU030,Beverages,North,Metro,34.82,34.82,0,0.0,Shelf-talker,61,61,144,0,0,0,2124.02,0.331,0.331,703.05
2024-04-19,S000,SKU003,Beverages,North,Metro,164.84,164.84,0,0.0,Shelf-talker,45,45,164,0,0,0,7417.8,0.173,0.173,1283.28
2024-04-19,S000,SKU012,Beverages,North,Metro,237.61,237.61,0,0.0,Shelf-talker,51,51,178,0,0,0,12118.11,0.251,0.251,3041.65
2024-04-19,S000,SKU017,Beverages,North,Metro,95.97,95.97,0,0.0,Shelf-talker,25,27,0,0,0,0,2399.25,0.197,0.197,472.65
2024-04-19,S000,SKU020,Beverages,North,Metro,142.4,142.4,0,0.0,End-cap,90,90,145,0,0,0,12816.0,0.233,0.233,2986.13
2024-04-19,S000,SKU030,Beverages,North,Metro,34.82,34.82,0,0.0,End-cap,56,56,88,0,0,0,1949.92,0.331,0.331,645.42
2024-04-20,S000,SKU003,Beverages,North,Metro,164.84,164.84,0,0.0,,45,45,118,1,0,0,7417.8,0.173,0.173,1283.28
2024-04-20,S000,SKU012,Beverages,North,Metro,237.61,237.61,0,0.0,,51,51,127,1,0,0,12118.11,0.251,0.251,3041.65
2024-04-20,S000,SKU017,Beverages,North,Metro,95.97,95.97,0,0.0,,0,30,0,1,0,0,0.0,0.197,0.197,0.0
2024-04-20,S000,SKU020,Beverages,North,Metro,142.4,142.4,0,0.0,End-cap,93,93,52,1,0,0,13243.2,0.233,0.233,3085.67
2024-04-20,S000,SKU030,Beverages,North,Metro,34.82,34.82,0,0.0,End-cap,70,70,18,1,0,0,2437.4,0.331,0.331,806.78
2024-04-21,S000,SKU003,Beverages,North,Metro,164.84,164.84,0,0.0,Shelf-talker,63,63,446,1,0,0,10384.92,0.173,0.173,1796.59
2024-04-21,S000,SKU012,Beverages,North,Metro,237.61,237.61,0,0.0,End-cap,88,88,519,1,0,0,20909.68,0.251,0.251,5248.33
2024-04-21,S000,SKU017,Beverages,North,Metro,95.97,95.97,0,0.0,,26,26,118,1,0,0,2495.22,0.197,0.197,491.56
2024-04-21,S000,SKU020,Beverages,North,Metro,142.4,142.4,0,0.0,,55,55,396,1,0,0,7832.0,0.233,0.233,1824.86
2024-04-21,S000,SKU030,Beverages,North,Metro,34.82,34.82,0,0.0,,56,56,362,1,0,0,1949.92,0.331,0.331,645.42
2024-04-22,S000,SKU003,Beverages,North,Metro,164.84,164.84,0,0.0,Shelf-talker,54,54,391,0,0,0,8901.36,0.173,0.173,1539.94
2024-04-22,S000,SKU012,Beverages,North,Metro,237.61,237.61,0,0.0,Floor-stack,62,62,457,0,0,0,14731.82,0.251,0.251,3697.69
2024-04-22,S000,SKU017,Beverages,North,Metro,95.97,95.97,0,0.0,,23,23,95,0,0,0,2207.31,0.197,0.197,434.84
2024-04-22,S000,SKU020,Beverages,North,Metro,142.4,142.4,0,0.0,Shelf-talker,59,59,337,0,0,0,8401.6,0.233,0.233,1957.57
2024-04-22,S000,SKU030,Beverages,North,Metro,34.82,34.82,0,0.0,Shelf-talker,55,55,307,0,0,0,1915.1,0.331,0.331,633.9
2024-04-23,S000,SKU003,Beverages,North,Metro,164.84,164.84,0,0.0,Shelf-talker,43,43,348,0,0,0,7088.12,0.173,0.173,1226.24
2024-04-23,S000,SKU012,Beverages,North,Metro,237.61,237.61,0,0.0,End-cap,48,48,409,0,0,0,11405.28,0.251,0.251,2862.73
2024-04-23,S000,SKU017,Beverages,North,Metro,95.97,95.97,0,0.0,,24,24,72,0,0,0,2303.28,0.197,0.197,453.75
2024-04-23,S000,SKU020,Beverages,North,Metro,142.4,142.4,0,0.0,,92,92,246,0,0,0,13100.8,0.233,0.233,3052.49
2024-04-23,S000,SKU030,Beverages,North,Metro,34.82,34.82,0,0.0,,51,51,256,0,0,0,1775.82,0.331,0.331,587.8
2024-04-24,S000,SKU003,Beverages,North,Metro,164.84,164.84,0,0.0,,44,44,304,0,0,0,7252.96,0.173,0.173,1254.76
2024-04-24,S000,SKU012,Beverages,North,Metro,237.61,237.61,0,0.0,,61,61,349,0,0,0,14494.21,0.251,0.251,3638.05
2024-04-24,S000,SKU017,Beverages,North,Metro,95.97,95.97,0,0.0,End-cap,16,16,56,0,0,0,1535.52,0.197,0.197,302.5
2024-04-24,S000,SKU020,Beverages,North,Metro,142.4,142.4,0,0.0,Shelf-talker,52,52,194,0,0,0,7404.8,0.233,0.233,1725.32
2024-04-24,S000,SKU030,Beverages,North,Metro,34.82,34.82,0,0.0,End-cap,52,52,204,0,0,0,1810.64,0.331,0.331,599.32
2024-04-25,S000,SKU003,Beverages,North,Metro,164.84,164.84,0,0.0,,53,53,251,0,0,0,8736.52,0.173,0.173,1511.42
2024-04-25,S000,SKU012,Beverages,North,Metro,237.61,237.61,0,0.0,,69,69,280,0,0,0,16395.09,0.251,0.251,4115.17
2024-04-25,S000,SKU017,Beverages,North,Metro,95.97,95.97,0,0.0,,27,27,28,0,0,0,2591.19,0.197,0.197,510.46
2024-04-25,S000,SKU020,Beverages,North,Metro,142.4,142.4,0,0.0,Shelf-talker,64,64,129,0,0,0,9113.6,0.233,0.233,2123.47
2024-04-25,S000,SKU030,Beverages,North,Metro,34.82,34.82,0,0.0,,50,50,154,0,0,0,1741.0,0.331,0.331,576.27
2024-04-26,S000,SKU003,Beverages,North,Metro,164.84,164.84,0,0.0,Floor-stack,56,56,196,0,0,1,9231.04,0.173,0.173,1596.97
2024-04-26,S000,SKU012,Beverages,North,Metro,237.61,237.61,0,0.0,,101,101,178,0,0,1,23998.61,0.251,0.251,6023.65
2024-04-26,S000,SKU017,Beverages,North,Metro,95.97,95.97,0,0.0,Shelf-talker,28,30,0,0,0,1,2687.16,0.197,0.197,529.37
2024-04-26,S000,SKU020,Beverages,North,Metro,142.4,142.4,0,0.0,,103,103,26,0,0,1,14667.2,0.233,0.233,3417.46
2024-04-26,S000,SKU030,Beverages,North,Metro,34.82,34.82,0,0.0,Shelf-talker,73,73,81,0,0,1,2541.86,0.331,0.331,841.36
2024-04-27,S000,SKU003,Beverages,North,Metro,164.84,164.84,0,0.0,,51,51,145,1,0,0,8406.84,0.173,0.173,1454.38
2024-04-27,S000,SKU012,Beverages,North,Metro,237.61,237.61,0,0.0,,75,75,104,1,0,0,17820.75,0.251,0.251,4473.01
2024-04-27,S000,SKU017,Beverages,North,Metro,95.97,95.97,0,0.0,End-cap,0,23,0,1,0,0,0.0,0.197,0.197,0.0
2024-04-27,S000,SKU020,Beverages,North,Metro,142.4,142.4,0,0.0,,26,88,0,1,0,0,3702.4,0.233,0.233,862.66
2024-04-27,S000,SKU030,Beverages,North,Metro,34.82,34.82,0,0.0,Shelf-talker,58,58,23,1,0,0,2019.56,0.331,0.331,668.47
2024-04-28,S000,SKU003,Beverages,North,Metro,164.84,164.84,0,0.0,,82,82,393,1,1,0,13516.88,0.173,0.173,2338.42
2024-04-28,S000,SKU012,Beverages,North,Metro,237.61,237.61,0,0.0,Floor-stack,97,97,506,1,1,0,23048.17,0.251,0.251,5785.09
2024-04-28,S000,SKU017,Beverages,North,Metro,95.97,95.97,0,0.0,,24,24,140,1,1,0,2303.28,0.197,0.197,453.75
2024-04-28,S000,SKU020,Beverages,North,Metro,142.4,142.4,0,0.0,,102,102,368,1,1,0,14524.8,0.233,0.233,3384.28
2024-04-28,S000,SKU030,Beverages,North,Metro,34.82,34.82,0,0.0,,78,78,331,1,1,0,2715.96,0.331,0.331,898.98
2024-04-29,S000,SKU003,Beverages,North,Metro,164.84,164.84,0,0.0,,62,65,328,0,1,0,10220.08,0.173,0.173,1768.07
2024-04-29,S000,SKU012,Beverages,North,Metro,237.61,142.57,1,40.0,,94,94,412,0,1,0,13401.58,0.251,0.02,268.03
2024-04-29,S000,SKU017,Beverages,North,Metro,95.97,95.97,0,0.0,,28,29,112,0,1,0,2687.16,0.197,0.197,529.37
2024-04-29,S000,SKU020,Beverages,North,Metro,142.4,142.4,0,0.0,Shelf-talker,78,84,284,0,1,0,11107.2,0.233,0.233,2587.98
2024-04-29,S000,SKU030,Beverages,North,Metro,34.82,34.82,0,0.0,Shelf-talker,58,61,270,0,1,0,2019.56,0.331,0.331,668.47
2024-04-30,S000,SKU003,Beverages,North,Metro,164.84,164.84,0,0.0,,58,62,266,0,1,0,9560.72,0.173,0.173,1654.0
2024-04-30,S000,SKU012,Beverages,North,Metro,237.61,142.57,1,40.0,,119,119,293,0,1,0,16965.83,0.251,0.02,339.32
2024-04-30,S000,SKU017,Beverages,North,Metro,95.97,95.97,0,0.0,End-cap,25,26,86,0,1,0,2399.25,0.197,0.197,472.65
2024-04-30,S000,SKU020,Beverages,North,Metro,142.4,142.4,0,0.0,,71,75,209,0,1,0,10110.4,0.233,0.233,2355.72
2024-04-30,S000,SKU030,Beverages,North,Metro,34.82,34.82,0,0.0,Shelf-talker,52,54,216,0,1,0,1810.64,0.331,0.331,599.32
2024-05-01,S000,SKU003,Beverages,North,Metro,164.84,164.84,0,0.0,,62,64,202,0,1,0,10220.08,0.173,0.173,1768.07
2024-05-01,S000,SKU012,Beverages,North,Metro,237.61,142.57,1,40.0,Shelf-talker,111,111,182,0,1,0,15825.27,0.251,0.02,316.51
2024-05-01,S000,SKU017,Beverages,North,Metro,95.97,95.97,0,0.0,,25,26,60,0,1,0,2399.25,0.197,0.197,472.65
2024-05-01,S000,SKU020,Beverages,North,Metro,142.4,142.4,0,0.0,,61,63,146,0,1,0,8686.4,0.233,0.233,2023.93
2024-05-01,S000,SKU030,Beverages,North,Metro,34.82,34.82,0,0.0,,39,41,175,0,1,0,1357.98,0.331,0.331,449.49
2024-05-02,S000,SKU003,Beverages,North,Metro,164.84,164.84,0,0.0,Floor-stack,35,36,166,0,1,0,5769.4,0.173,0.173,998.11
2024-05-02,S000,SKU012,Beverages,North,Metro,237.61,142.57,1,40.0,,125,125,56,0,1,0,17821.25,0.251,0.02,356.42
2024-05-02,S000,SKU017,Beverages,North,Metro,95.97,95.97,0,0.0,,22,24,36,0,1,0,2111.34,0.197,0.197,415.93
2024-05-02,S000,SKU020,Beverages,North,Metro,142.4,142.4,0,0.0,End-cap,74,79,68,0,1,0,10537.6,0.233,0.233,2455.26
2024-05-02,S000,SKU030,Beverages,North,Metro,34.82,34.82,0,0.0,,72,75,100,0,1,0,2507.04,0.331,0.331,829.83
2024-05-03,S000,SKU003,Beverages,North,Metro,164.84,164.84,0,0.0,Shelf-talker,56,58,108,0,0,0,9231.04,0.173,0.173,1596.97
2024-05-03,S000,SKU012,Beverages,North,Metro,237.61,142.57,1,40.0,Shelf-talker,56,130,0,0,0,0,7983.92,0.251,0.02,159.68
2024-05-03,S000,SKU017,Beverages,North,Metro,95.97,95.97,0,0.0,,16,17,19,0,0,0,1535.52,0.197,0.197,302.5
2024-05-03,S000,SKU020,Beverages,North,Metro,142.4,142.4,0,0.0,,56,58,10,0,0,0,7974.4,0.233,0.233,1858.04
2024-05-03,S000,SKU030,Beverages,North,Metro,34.82,34.82,0,0.0,,59,61,39,0,0,0,2054.38,0.331,0.331,680.0
2024-05-04,S000,SKU003,Beverages,North,Metro,164.84,164.84,0,0.0,Floor-stack,62,62,46,1,0,0,10220.08,0.173,0.173,1768.07
2024-05-04,S000,SKU012,Beverages,North,Metro,237.61,142.57,1,40.0,,0,131,0,1,0,0,0.0,0.251,0.02,0.0
2024-05-04,S000,SKU017,Beverages,North,Metro,95.97,95.97,0,0.0,,19,28,0,1,0,0,1823.43,0.197,0.197,359.22
2024-05-04,S000,SKU020,Beverages,North,Metro,142.4,142.4,0,0.0,,10,71,0,1,0,0,1424.0,0.233,0.233,331.79
2024-05-04,S000,SKU030,Beverages,North,Metro,34.82,34.82,0,0.0,,39,58,0,1,0,0,1357.98,0.331,0.331,449.49
2024-05-05,S000,SKU003,Beverages,North,Metro,164.84,164.84,0,0.0,,65,69,371,1,0,0,10714.6,0.173,0.173,1853.63
2024-05-05,S000,SKU012,Beverages,North,Metro,237.61,142.57,1,40.0,,104,104,274,1,0,0,14827.28,0.251,0.02,296.55
2024-05-05,S000,SKU017,Beverages,North,Metro,95.97,95.97,0,0.0,,23,25,156,1,0,0,2207.31,0.197,0.197,434.84
2024-05-05,S000,SKU020,Beverages,North,Metro,142.4,142.4,0,0.0,Shelf-talker,91,98,447,1,0,0,12958.4,0.233,0.233,3019.31
2024-05-05,S000,SKU030,Beverages,North,Metro,34.82,34.82,0,0.0,Shelf-talker,73,76,293,1,0,0,2541.86,0.331,0.331,841.36
2024-05-06,S000,SKU003,Beverages,North,Metro,164.84,164.84,0,0.0,,50,50,321,0,0,0,8242.0,0.173,0.173,1425.87
2024-05-06,S000,SKU012,Beverages,North,Metro,237.61,237.61,0,0.0,End-cap,44,44,230,0,0,0,10454.84,0.251,0.251,2624.16
2024-05-06,S000,SKU017,Beverages,North,Metro,95.97,95.97,0,0.0,Shelf-talker,20,20,135,0,0,0,1919.4,0.197,0.197,378.12
2024-05-06,S000,SKU020,Beverages,North,Metro,142.4,142.4,0,0.0,,58,58,389,0,0,0,8259.2,0.233,0.233,1924.39
2024-05-06,S000,SKU030,Beverages,North,Metro,34.82,34.82,0,0.0,,44,44,249,0,0,0,1532.08,0.331,0.331,507.12
2024-05-07,S000,SKU003,Beverages,North,Metro,164.84,164.84,0,0.0,,47,47,273,0,0,0,7747.48,0.173,0.173,1340.31
2024-05-07,S000,SKU012,Beverages,North,Metro,237.61,237.61,0,0.0,,73,73,157,0,0,0,17345.53,0.251,0.251,4353.73
2024-05-07,S000,SKU017,Beverages,North,Metro,95.97,95.97,0,0.0,,29,29,106,0,0,0,2783.13,0.197,0.197,548.28
2024-05-07,S000,SKU020,Beverages,North,Metro,142.4,142.4,0,0.0,End-cap,81,81,308,0,0,0,11534.4,0.233,0.233,2687.52
2024-05-07,S000,SKU030,Beverages,North,Metro,34.82,34.82,0,0.0,End-cap,51,51,197,0,0,0,1775.82,0.331,0.331,587.8
2024-05-08,S000,SKU003,Beverages,North,Metro,164.84,164.84,0,0.0,,45,45,229,0,0,0,7417.8,0.173,0.173,1283.28
2024-05-08,S000,SKU012,Beverages,North,Metro,237.61,237.61,0,0.0,Floor-stack,62,62,95,0,0,0,14731.82,0.251,0.251,3697.69
2024-05-08,S000,SKU017,Beverages,North,Metro,95.97,95.97,0,0.0,,24,24,82,0,0,0,2303.28,0.197,0.197,453.75
2024-05-08,S000,SKU020,Beverages,North,Metro,142.4,142.4,0,0.0,,65,65,243,0,0,0,9256.0,0.233,0.233,2156.65
2024-05-08,S000,SKU030,Beverages,North,Metro,34.82,34.82,0,0.0,,49,49,148,0,0,0,1706.18,0.331,0.331,564.75
2024-05-09,S000,SKU003,Beverages,North,Metro,164.84,164.84,0,0.0,,50,50,179,0,0,0,8242.0,0.173,0.173,1425.87
2024-05-09,S000,SKU012,Beverages,North,Metro,237.61,237.61,0,0.0,,61,61,34,0,0,0,14494.21,0.251,0.251,3638.05
2024-05-09,S000,SKU017,Beverages,North,Metro,95.97,95.97,0,0.0,End-cap,24,24,58,0,0,0,2303.28,0.197,0.197,453.75
2024-05-09,S000,SKU020,Beverages,North,Metro,142.4,142.4,0,0.0,,60,60,183,0,0,0,8544.0,0.233,0.233,1990.75
2024-05-09,S000,SKU030,Beverages,North,Metro,34.82,34.82,0,0.0,,51,51,97,0,0,0,1775.82,0.331,0.331,587.8
2024-05-10,S000,SKU003,Beverages,North,Metro,164.84,164.84,0,0.0,Shelf-talker,44,44,135,0,0,0,7252.96,0.173,0.173,1254.76
2024-05-10,S000,SKU012,Beverages,North,Metro,237.61,237.61,0,0.0,,34,53,0,0,0,0,8078.74,0.251,0.251,2027.76
2024-05-10,S000,SKU017,Beverages,North,Metro,95.97,95.97,0,0.0,Shelf-talker,31,31,28,0,0,0,2975.07,0.197,0.197,586.09
2024-05-10,S000,SKU020,Beverages,North,Metro,142.4,142.4,0,0.0,,42,42,141,0,0,0,5980.8,0.233,0.233,1393.53
2024-05-10,S000,SKU030,Beverages,North,Metro,34.82,34.82,0,0.0,End-cap,60,60,36,0,0,0,2089.2,0.331,0.331,691.53
2024-05-11,S000,SKU003,Beverages,North,Metro,164.84,164.84,0,0.0,Floor-stack,67,67,67,1,0,0,11044.28,0.173,0.173,1910.66
2024-05-11,S000,SKU012,Beverages,North,Metro,237.61,237.61,0,0.0,,0,74,0,1,0,0,0.0,0.251,0.251,0.0
2024-05-11,S000,SKU017,Beverages,North,Metro,95.97,95.97,0,0.0,End-cap,27,27,0,1,0,0,2591.19,0.197,0.197,510.46
2024-05-11,S000,SKU020,Beverages,North,Metro,142.4,142.4,0,0.0,,107,107,34,1,0,0,15236.8,0.233,0.233,3550.17
2024-05-11,S000,SKU030,Beverages,North,Metro,34.82,34.82,0,0.0,,36,62,0,1,0,0,1253.52,0.331,0.331,414.92
2024-05-12,S000,SKU003,Beverages,North,Metro,164.84,164.84,0,0.0,,42,42,379,1,0,0,6923.28,0.173,0.173,1197.73
2024-05-12,S000,SKU012,Beverages,North,Metro,237.61,237.61,0,0.0,,58,58,396,1,0,0,13781.38,0.251,0.251,3459.13
2024-05-12,S000,SKU017,Beverages,North,Metro,95.97,95.97,0,0.0,,26,26,110,1,0,0,2495.22,0.197,0.197,491.56
2024-05-12,S000,SKU020,Beverages,North,Metro,142.4,142.4,0,0.0,Floor-stack,77,77,419,1,0,0,10964.8,0.233,0.233,2554.8
2024-05-12,S000,SKU030,Beverages,North,Metro,34.82,34.82,0,0.0,Shelf-talker,63,63,315,1,0,0,2193.66,0.331,0.331,726.1
2024-05-13,S000,SKU003,Beverages,North,Metro,164.84,164.84,0,0.0,,42,42,336,0,0,0,6923.28,0.173,0.173,1197.73
2024-05-13,S000,SKU012,Beverages,North,Metro,237.61,237.61,0,0.0,End-cap,61,61,335,0,0,0,14494.21,0.251,0.251,3638.05
2024-05-13,S000,SKU017,Beverages,North,Metro,95.97,95.97,0,0.0,Floor-stack,18,18,92,0,0,0,1727.46,0.197,0.197,340.31
2024-05-13,S000,SKU020,Beverages,North,Metro,142.4,142.4,0,0.0,,37,37,382,0,0,0,5268.8,0.233,0.233,1227.63
2024-05-13,S000,SKU030,Beverages,North,Metro,34.82,34.82,0,0.0,,61,61,254,0,0,0,2124.02,0.331,0.331,703.05
2024-05-14,S000,SKU003,Beverages,North,Metro,164.84,164.84,0,0.0,,64,64,272,0,0,0,10549.76,0.173,0.173,1825.11
2024-05-14,S000,SKU012,Beverages,North,Metro,237.61,237.61,0,0.0,,45,45,290,0,0,0,10692.45,0.251,0.251,2683.8
2024-05-14,S000,SKU017,Beverages,North,Metro,95.97,95.97,0,0.0,,19,19,74,0,0,0,1823.43,0.197,0.197,359.22
2024-05-14,S000,SKU020,Beverages,North,Metro,142.4,142.4,0,0.0,,73,73,309,0,0,0,10395.2,0.233,0.233,2422.08
2024-05-14,S000,SKU030,Beverages,North,Metro,34.82,34.82,0,0.0,End-cap,55,55,199,0,0,0,1915.1,0.331,0.331,633.9
2024-05-15,S000,SKU003,Beverages,North,Metro,164.84,164.84,0,0.0,,42,42,230,0,0,0,6923.28,0.173,0.173,1197.73
2024-05-15,S000,SKU012,Beverages,North,Metro,237.61,237.61,0,0.0,End-cap,53,53,237,0,0,0,12593.33,0.251,0.251,3160.93
2024-05-15,S000,SKU017,Beverages,North,Metro,95.97,95.97,0,0.0,,13,13,61,0,0,0,1247.61,0.197,0.197,245.78
2024-05-15,S000,SKU020,Beverages,North,Metro,142.4,142.4,0,0.0,Shelf-talker,62,62,248,0,0,0,8828.8,0.233,0.233,2057.11
2024-05-15,S000,SKU030,Beverages,North,Metro,34.82,34.82,0,0.0,End-cap,48,48,150,0,0,0,1671.36,0.331,0.331,553.22
2024-05-16,S000,SKU003,Beverages,North,Metro,164.84,164.84,0,0.0,,45,45,186,0,0,0,7417.8,0.173,0.173,1283.28
2024-05-16,S000,SKU012,Beverages,North,Metro,237.61,237.61,0,0.0,Floor-stack,50,50,187,0,0,0,11880.5,0.251,0.251,2982.01
2024-05-16,S000,SKU017,Beverages,North,Metro,95.97,95.97,0,0.0,End-cap,23,23,37,0,0,0,2207.31,0.197,0.197,434.84
2024-05-16,S000,SKU020,Beverages,North,Metro,142.4,142.4,0,0.0,,52,52,196,0,0,0,7404.8,0.233,0.233,1725.32
2024-05-16,S000,SKU030,Beverages,North,Metro,34.82,34.82,0,0.0,End-cap,57,57,94,0,0,0,1984.74,0.331,0.331,656.95
2024-05-17,S000,SKU003,Beverages,North,Metro,164.84,164.84,0,0.0,,39,39,146,0,0,0,6428.76,0.173,0.173,1112.18
2024-05-17,S000,SKU012,Beverages,North,Metro,237.61,237.61,0,0.0,,23,23,164,0,0,0,5465.03,0.251,0.251,1371.72
2024-05-17,S000,SKU017,Beverages,North,Metro,95.97,95.97,0,0.0,,16,16,21,0,0,0,1535.52,0.197,0.197,302.5
2024-05-17,S000,SKU020,Beverages,North,Metro,142.4,142.4,0,0.0,Floor-stack,73,73,123,0,0,0,10395.2,0.233,0.233,2422.08
2024-05-17,S000,SKU030,Beverages,North,Metro,34.82,34.82,0,0.0,End-cap,64,64,30,0,0,0,2228.48,0.331,0.331,737.63
2024-05-18,S000,SKU003,Beverages,North,Metro,164.84,164.84,0,0.0,,62,62,84,1,0,0,10220.08,0.173,0.173,1768.07
2024-05-18,S000,SKU012,Beverages,North,Metro,237.61,237.61,0,0.0,End-cap,66,66,98,1,0,0,15682.26,0.251,0.251,3936.25
2024-05-18,S000,SKU017,Beverages,North,Metro,95.97,95.97,0,0.0,End-cap,21,30,0,1,0,0,2015.37,0.197,0.197,397.03
2024-05-18,S000,SKU020,Beverages,North,Metro,142.4,142.4,0,0.0,,42,42,82,1,0,0,5980.8,0.233,0.233,1393.53
2024-05-18,S000,SKU030,Beverages,North,Metro,34.82,34.82,0,0.0,,30,80,0,1,0,0,1044.6,0.331,0.331,345.76
2024-05-19,S000,SKU003,Beverages,North,Metro,164.84,164.84,0,0.0,,51,51,365,1,0,0,8406.84,0.173,0.173,1454.38
2024-05-19,S000,SKU012,Beverages,North,Metro,237.61,237.61,0,0.0,,59,59,457,1,0,0,14018.99,0.251,0.251,3518.77
2024-05-19,S000,SKU017,Beverages,North,Metro,95.97,95.97,0,0.0,Floor-stack,25,25,151,1,0,0,2399.25,0.197,0.197,472.65
2024-05-19,S000,SKU020,Beverages,North,Metro,142.4,142.4,0,0.0,,67,67,530,1,0,0,9540.8,0.233,0.233,2223.01
2024-05-19,S000,SKU030,Beverages,North,Metro,34.82,34.82,0,0.0,Shelf-talker,51,51,359,1,0,0,1775.82,0.331,0.331,587.8
2024-05-20,S000,SKU003,Beverages,North,Metro,164.84,164.84,0,0.0,Shelf-talker,45,45,320,0,0,0,7417.8,0.173,0.173,1283.28
2024-05-20,S000,SKU012,Beverages,North,Metro,237.61,237.61,0,0.0,Shelf-talker,55,55,403,0,0,0,13068.55,0.251,0.251,3280.21
2024-05-20,S000,SKU017,Beverages,North,Metro,95.97,95.97,0,0.0,,21,21,130,0,0,0,2015.37,0.197,0.197,397.03
2024-05-20,S000,SKU020,Beverages,North,Metro,142.4,142.4,0,0.0,,59,59,471,0,0,0,8401.6,0.233,0.233,1957.57
2024-05-20,S000,SKU030,Beverages,North,Metro,34.82,34.82,0,0.0,End-cap,42,42,317,0,0,0,1462.44,0.331,0.331,484.07
2024-05-21,S000,SKU003,Beverages,North,Metro,164.84,164.84,0,0.0,,54,54,265,0,0,0,8901.36,0.173,0.173,1539.94
2024-05-21,S000,SKU012,Beverages,North,Metro,237.61,237.61,0,0.0,,57,57,346,0,0,0,13543.77,0.251,0.251,3399.49
2024-05-21,S000,SKU017,Beverages,North,Metro,95.97,95.97,0,0.0,,20,20,110,0,0,0,1919.4,0.197,0.197,378.12
2024-05-21,S000,SKU020,Beverages,North,Metro,142.4,142.4,0,0.0,,72,72,399,0,0,0,10252.8,0.233,0.233,2388.9
2024-05-21,S000,SKU030,Beverages,North,Metro,34.82,34.82,0,0.0,Shelf-talker,64,64,253,0,0,0,2228.48,0.331,0.331,737.63
2024-05-22,S000,SKU003,Beverages,North,Metro,164.84,164.84,0,0.0,,41,41,224,0,0,0,6758.44,0.173,0.173,1169.21
2024-05-22,S000,SKU012,Beverages,North,Metro,237.61,237.61,0,0.0,End-cap,75,75,271,0,0,0,17820.75,0.251,0.251,4473.01
2024-05-22,S000,SKU017,Beverages,North,Metro,95.97,95.97,0,0.0,,26,26,84,0,0,0,2495.22,0.197,0.197,491.56
2024-05-22,S000,SKU020,Beverages,North,Metro,142.4,142.4,0,0.0,Floor-stack,87,87,312,0,0,0,12388.8,0.233,0.233,2886.59
2024-05-22,S000,SKU030,Beverages,North,Metro,34.82,34.82,0,0.0,,51,51,202,0,0,0,1775.82,0.331,0.331,587.8
2024-05-23,S000,SKU003,Beverages,North,Metro,164.84,164.84,0,0.0,,54,54,171,0,0,0,8901.36,0.173,0.173,1539.94
2024-05-23,S000,SKU012,Beverages,North,Metro,237.61,237.61,0,0.0,,60,60,212,0,0,0,14256.6,0.251,0.251,3578.41
2024-05-23,S000,SKU017,Beverages,North,Metro,95.97,95.97,0,0.0,,25,25,59,0,0,0,2399.25,0.197,0.197,472.65
2024-05-23,S000,SKU020,Beverages,North,Metro,142.4,142.4,0,0.0,Floor-stack,59,59,252,0,0,0,8401.6,0.233,0.233,1957.57
2024-05-23,S000,SKU030,Beverages,North,Metro,34.82,34.82,0,0.0,,33,33,169,0,0,0,1149.06,0.331,0.331,380.34
2024-05-24,S000,SKU003,Beverages,North,Metro,164.84,164.84,0,0.0,,54,54,117,0,0,0,8901.36,0.173,0.173,1539.94
2024-05-24,S000,SKU012,Beverages,North,Metro,237.61,237.61,0,0.0,,60,60,152,0,0,0,14256.6,0.251,0.251,3578.41
2024-05-24,S000,SKU017,Beverages,North,Metro,95.97,95.97,0,0.0,End-cap,20,20,39,0,0,0,1919.4,0.197,0.197,378.12
2024-05-24,S000,SKU020,Beverages,North,Metro,142.4,142.4,0,0.0,End-cap,67,67,185,0,0,0,9540.8,0.233,0.233,2223.01
2024-05-24,S000,SKU030,Beverages,North,Metro,34.82,34.82,0,0.0,,47,47,122,0,0,0,1636.54,0.331,0.331,541.69
2024-05-25,S000,SKU003,Beverages,North,Metro,164.84,164.84,0,0.0,End-cap,69,69,48,1,0,0,11373.96,0.173,0.173,1967.7
2024-05-25,S000,SKU012,Beverages,North,Metro,237.61,237.61,0,0.0,,77,77,75,1,0,0,18295.97,0.251,0.251,4592.29
2024-05-25,S000,SKU017,Beverages,North,Metro,95.97,95.97,0,0.0,Floor-stack,21,21,17,1,0,0,2015.37,0.197,0.197,397.03
2024-05-25,S000,SKU020,Beverages,North,Metro,142.4,142.4,0,0.0,,115,115,70,1,0,0,16376.0,0.233,0.233,3815.61
2024-05-25,S000,SKU030,Beverages,North,Metro,34.82,34.82,0,0.0,,62,62,60,1,0,0,2158.84,0.331,0.331,714.58
2024-05-26,S000,SKU003,Beverages,North,Metro,164.84,164.84,0,0.0,Shelf-talker,60,60,382,1,0,0,9890.4,0.173,0.173,1711.04
2024-05-26,S000,SKU012,Beverages,North,Metro,237.61,237.61,0,0.0,,81,81,416,1,0,0,19246.41,0.251,0.251,4830.85
2024-05-26,S000,SKU017,Beverages,North,Metro,95.97,95.97,0,0.0,End-cap,30,30,139,1,0,0,2879.1,0.197,0.197,567.18
2024-05-26,S000,SKU020,Beverages,North,Metro,142.4,142.4,0,0.0,,77,77,452,1,0,0,10964.8,0.233,0.233,2554.8
2024-05-26,S000,SKU030,Beverages,North,Metro,34.82,34.82,0,0.0,,64,64,352,1,0,0,2228.48,0.331,0.331,737.63
2024-05-27,S000,SKU003,Beverages,North,Metro,164.84,164.84,0,0.0,Shelf-talker,74,74,308,0,0,0,12198.16,0.173,0.173,2110.28
2024-05-27,S000,SKU012,Beverages,North,Metro,237.61,237.61,0,0.0,Shelf-talker,61,61,355,0,0,0,14494.21,0.251,0.251,3638.05
2024-05-27,S000,SKU017,Beverages,North,Metro,95.97,95.97,0,0.0,Floor-stack,17,17,122,0,0,0,1631.49,0.197,0.197,321.4
2024-05-27,S000,SKU020,Beverages,North,Metro,142.4,142.4,0,0.0,,67,67,385,0,0,0,9540.8,0.233,0.233,2223.01
2024-05-27,S000,SKU030,Beverages,North,Metro,34.82,34.82,0,0.0,,62,62,290,0,0,0,2158.84,0.331,0.331,714.58
2024-05-28,S000,SKU003,Beverages,North,Metro,164.84,164.84,0,0.0,End-cap,66,66,242,0,1,0,10879.44,0.173,0.173,1882.14
2024-05-28,S000,SKU012,Beverages,North,Metro,237.61,237.61,0,0.0,,70,70,285,0,1,0,16632.7,0.251,0.251,4174.81
2024-05-28,S000,SKU017,Beverages,North,Metro,95.97,95.97,0,0.0,,17,17,105,0,1,0,1631.49,0.197,0.197,321.4
2024-05-28,S000,SKU020,Beverages,North,Metro,142.4,142.4,0,0.0,,57,57,328,0,1,0,8116.8,0.233,0.233,1891.21
2024-05-28,S000,SKU030,Beverages,North,Metro,34.82,34.82,0,0.0,,53,53,237,0,1,0,1845.46,0.331,0.331,610.85
2024-05-29,S000,SKU003,Beverages,North,Metro,164.84,164.84,0,0.0,,58,58,184,0,1,0,9560.72,0.173,0.173,1654.0
2024-05-29,S000,SKU012,Beverages,North,Metro,237.61,237.61,0,0.0,Floor-stack,75,75,210,0,1,0,17820.75,0.251,0.251,4473.01
2024-05-29,S000,SKU017,Beverages,North,Metro,95.97,95.97,0,0.0,,26,26,78,0,1,0,2495.22,0.197,0.197,491.56
2024-05-29,S000,SKU020,Beverages,North,Metro,142.4,142.4,0,0.0,,99,99,229,0,1,0,14097.6,0.233,0.233,3284.74
2024-05-29,S000,SKU030,Beverages,North,Metro,34.82,34.82,0,0.0,,74,74,163,0,1,0,2576.68,0.331,0.331,852.88
2024-05-30,S000,SKU003,Beverages,North,Metro,164.84,164.84,0,0.0,,46,46,137,0,1,0,7582.64,0.173,0.173,1311.8
2024-05-30,S000,SKU012,Beverages,North,Metro,237.61,237.61,0,0.0,,37,37,172,0,1,0,8791.57,0.251,0.251,2206.68
2024-05-30,S000,SKU017,Beverages,North,Metro,95.97,95.97,0,0.0,,29,29,49,0,1,0,2783.13,0.197,0.197,548.28
2024-05-30,S000,SKU020,Beverages,North,Metro,142.4,142.4,0,0.0,,64,64,166,0,1,0,9113.6,0.233,0.233,2123.47
2024-05-30,S000,SKU030,Beverages,North,Metro,34.82,34.82,0,0.0,,67,67,96,0,1,0,2332.94,0.331,0.331,772.2
2024-05-31,S000,SKU003,Beverages,North,Metro,164.84,164.84,0,0.0,,54,54,83,0,1,0,8901.36,0.173,0.173,1539.94
2024-05-31,S000,SKU012,Beverages,North,Metro,237.61,237.61,0,0.0,,92,92,81,0,1,0,21860.12,0.251,0.251,5486.89
2024-05-31,S000,SKU017,Beverages,North,Metro,95.97,95.97,0,0.0,Shelf-talker,22,22,26,0,1,0,2111.34,0.197,0.197,415.93
2024-05-31,S000,SKU020,Beverages,North,Metro,142.4,142.4,0,0.0,,77,77,89,0,1,0,10964.8,0.233,0.233,2554.8
2024-05-31,S000,SKU030,Beverages,North,Metro,34.82,34.82,0,0.0,Shelf-talker,49,49,47,0,1,0,1706.18,0.331,0.331,564.75
2024-06-01,S000,SKU003,Beverages,North,Metro,164.84,164.84,0,0.0,,82,82,1,1,1,0,13516.88,0.173,0.173,2338.42
2024-06-01,S000,SKU012,Beverages,North,Metro,237.61,237.61,0,0.0,,81,101,0,1,1,0,19246.41,0.251,0.251,4830.85
2024-06-01,S000,SKU017,Beverages,North,Metro,95.97,95.97,0,0.0,,26,31,0,1,1,0,2495.22,0.197,0.197,491.56
2024-06-01,S000,SKU020,Beverages,North,Metro,142.4,142.4,0,0.0,End-cap,89,90,0,1,1,0,12673.6,0.233,0.233,2952.95
2024-06-01,S000,SKU030,Beverages,North,Metro,34.82,34.82,0,0.0,Floor-stack,47,71,0,1,1,0,1636.54,0.331,0.331,541.69
2024-06-02,S000,SKU003,Beverages,North,Metro,164.84,164.84,0,0.0,Shelf-talker,85,85,299,1,1,0,14011.4,0.173,0.173,2423.97
2024-06-02,S000,SKU012,Beverages,North,Metro,237.61,237.61,0,0.0,,82,82,315,1,1,0,19484.02,0.251,0.251,4890.49
2024-06-02,S000,SKU017,Beverages,North,Metro,95.97,95.97,0,0.0,,26,26,136,1,1,0,2495.22,0.197,0.197,491.56
2024-06-02,S000,SKU020,Beverages,North,Metro,142.4,142.4,0,0.0,,88,88,436,1,1,0,12531.2,0.233,0.233,2919.77
2024-06-02,S000,SKU030,Beverages,North,Metro,34.82,34.82,0,0.0,,82,82,325,1,1,0,2855.24,0.331,0.331,945.08
2024-06-03,S000,SKU003,Beverages,North,Metro,164.84,164.84,0,0.0,,58,58,241,0,0,0,9560.72,0.173,0.173,1654.0
2024-06-03,S000,SKU012,Beverages,North,Metro,237.61,237.61,0,0.0,Shelf-talker,41,41,274,0,0,0,9742.01,0.251,0.251,2445.24
2024-06-03,S000,SKU017,Beverages,North,Metro,95.97,95.97,0,0.0,,23,23,114,0,0,0,2207.31,0.197,0.197,434.84
2024-06-03,S000,SKU020,Beverages,North,Metro,142.4,142.4,0,0.0,,56,56,381,0,0,0,7974.4,0.233,0.233,1858.04
2024-06-03,S000,SKU030,Beverages,North,Metro,34.82,34.82,0,0.0,,53,53,272,0,0,0,1845.46,0.331,0.331,610.85
2024-06-04,S000,SKU003,Beverages,North,Metro,164.84,164.84,0,0.0,,52,52,189,0,0,0,8571.68,0.173,0.173,1482.9
2024-06-04,S000,SKU012,Beverages,North,Metro,237.61,237.61,0,0.0,,67,67,207,0,0,0,15919.87,0.251,0.251,3995.89
2024-06-04,S000,SKU017,Beverages,North,Metro,95.97,95.97,0,0.0,,24,24,90,0,0,0,2303.28,0.197,0.197,453.75
2024-06-04,S000,SKU020,Beverages,North,Metro,142.4,142.4,0,0.0,,63,63,318,0,0,0,8971.2,0.233,0.233,2090.29
2024-06-04,S000,SKU030,Beverages,North,Metro,34.82,34.82,0,0.0,,56,56,215,0,0,0,1949.92,0.331,0.331,645.42
2024-06-05,S000,SKU003,Beverages,North,Metro,164.84,164.84,0,0.0,,35,35,154,0,0,0,5769.4,0.173,0.173,998.11
2024-06-05,S000,SKU012,Beverages,North,Metro,237.61,237.61,0,0.0,Shelf-talker,48,48,159,0,0,0,11405.28,0.251,0.251,2862.73
2024-06-05,S000,SKU017,Beverages,North,Metro,95.97,95.97,0,0.0,End-cap,19,19,71,0,0,0,1823.43,0.197,0.197,359.22
2024-06-05,S000,SKU020,Beverages,North,Metro,142.4,142.4,0,0.0,End-cap,79,79,238,0,0,0,11249.6,0.233,0.233,2621.16
2024-06-05,S000,SKU030,Beverages,North,Metro,34.82,34.82,0,0.0,Shelf-talker,47,47,168,0,0,0,1636.54,0.331,0.331,541.69
2024-06-06,S000,SKU003,Beverages,North,Metro,164.84,164.84,0,0.0,,50,50,104,0,0,0,8242.0,0.173,0.173,1425.87
2024-06-06,S000,SKU012,Beverages,North,Metro,237.61,237.61,0,0.0,,60,60,99,0,0,0,14256.6,0.251,0.251,3578.41
2024-06-06,S000,SKU017,Beverages,North,Metro,95.97,95.97,0,0.0,Shelf-talker,16,16,55,0,0,0,1535.52,0.197,0.197,302.5
2024-06-06,S000,SKU020,Beverages,North,Metro,142.4,142.4,0,0.0,End-cap,85,85,153,0,0,0,12104.0,0.233,0.233,2820.23
2024-06-06,S000,SKU030,Beverages,North,Metro,34.82,34.82,0,0.0,Floor-stack,58,58,110,0,0,0,2019.56,0.331,0.331,668.47
2024-06-07,S000,SKU003,Beverages,North,Metro,164.84,164.84,0,0.0,Floor-stack,35,35,69,0,0,0,5769.4,0.173,0.173,998.11
2024-06-07,S000,SKU012,Beverages,North,Metro,237.61,237.61,0,0.0,,42,42,56,0,0,0,9979.62,0.251,0.251,2504.88
2024-06-07,S000,SKU017,Beverages,North,Metro,95.97,95.97,0,0.0,,15,15,40,0,0,0,1439.55,0.197,0.197,283.59
2024-06-07,S000,SKU020,Beverages,North,Metro,142.4,142.4,0,0.0,,58,58,95,0,0,0,8259.2,0.233,0.233,1924.39
2024-06-07,S000,SKU030,Beverages,North,Metro,34.82,34.82,0,0.0,,49,49,62,0,0,0,1706.18,0.331,0.331,564.75
2024-06-08,S000,SKU003,Beverages,North,Metro,164.84,164.84,0,0.0,,42,42,27,1,0,0,6923.28,0.173,0.173,1197.73
2024-06-08,S000,SKU012,Beverages,North,Metro,237.61,237.61,0,0.0,,56,96,0,1,0,0,13306.16,0.251,0.251,3339.85
2024-06-08,S000,SKU017,Beverages,North,Metro,95.97,95.97,0,0.0,,29,29,11,1,0,0,2783.13,0.197,0.197,548.28
2024-06-08,S000,SKU020,Beverages,North,Metro,142.4,142.4,0,0.0,Shelf-talker,69,69,25,1,0,0,9825.6,0.233,0.233,2289.36
2024-06-08,S000,SKU030,Beverages,North,Metro,34.82,34.82,0,0.0,,62,96,0,1,0,0,2158.84,0.331,0.331,714.58
2024-06-09,S000,SKU003,Beverages,North,Metro,164.84,164.84,0,0.0,,59,59,293,1,0,0,9725.56,0.173,0.173,1682.52
2024-06-09,S000,SKU012,Beverages,North,Metro,237.61,237.61,0,0.0,End-cap,51,51,348,1,0,0,12118.11,0.251,0.251,3041.65
2024-06-09,S000,SKU017,Beverages,North,Metro,95.97,95.97,0,0.0,,20,20,165,1,0,0,1919.4,0.197,0.197,378.12
2024-06-09,S000,SKU020,Beverages,North,Metro,142.4,142.4,0,0.0,End-cap,64,64,478,1,0,0,9113.6,0.233,0.233,2123.47
2024-06-09,S000,SKU030,Beverages,North,Metro,34.82,34.82,0,0.0,,50,50,288,1,0,0,1741.0,0.331,0.331,576.27
2024-06-10,S000,SKU003,Beverages,North,Metro,164.84,164.84,0,0.0,,50,50,243,0,0,0,8242.0,0.173,0.173,1425.87
2024-06-10,S000,SKU012,Beverages,North,Metro,237.61,237.61,0,0.0,,56,56,293,0,0,0,13306.16,0.251,0.251,3339.85
2024-06-10,S000,SKU017,Beverages,North,Metro,95.97,95.97,0,0.0,,21,21,144,0,0,0,2015.37,0.197,0.197,397.03
2024-06-10,S000,SKU020,Beverages,North,Metro,142.4,142.4,0,0.0,,90,90,389,0,0,0,12816.0,0.233,0.233,2986.13
2024-06-10,S000,SKU030,Beverages,North,Metro,34.82,34.82,0,0.0,,78,78,210,0,0,0,2715.96,0.331,0.331,898.98
2024-06-11,S000,SKU003,Beverages,North,Metro,164.84,164.84,0,0.0,Shelf-talker,53,53,190,0,0,0,8736.52,0.173,0.173,1511.42
2024-06-11,S000,SKU012,Beverages,North,Metro,237.61,237.61,0,0.0,Floor-stack,34,34,259,0,0,0,8078.74,0.251,0.251,2027.76
2024-06-11,S000,SKU017,Beverages,North,Metro,95.97,95.97,0,0.0,,23,23,121,0,0,0,2207.31,0.197,0.197,434.84
2024-06-11,S000,SKU020,Beverages,North,Metro,142.4,142.4,0,0.0,,62,62,327,0,0,0,8828.8,0.233,0.233,2057.11
2024-06-11,S000,SKU030,Beverages,North,Metro,34.82,34.82,0,0.0,,44,44,167,0,0,0,1532.08,0.331,0.331,507.12
2024-06-12,S000,SKU003,Beverages,North,Metro,164.84,164.84,0,0.0,,50,50,141,0,0,0,8242.0,0.173,0.173,1425.87
2024-06-12,S000,SKU012,Beverages,North,Metro,237.61,237.61,0,0.0,,55,55,204,0,0,0,13068.55,0.251,0.251,3280.21
2024-06-12,S000,SKU017,Beverages,North,Metro,95.97,95.97,0,0.0,End-cap,18,18,103,0,0,0,1727.46,0.197,0.197,340.31
2024-06-12,S000,SKU020,Beverages,North,Metro,142.4,142.4,0,0.0,Floor-stack,72,72,255,0,0,0,10252.8,0.233,0.233,2388.9
2024-06-12,S000,SKU030,Beverages,North,Metro,34.82,34.82,0,0.0,End-cap,65,65,102,0,0,0,2263.3,0.331,0.331,749.15
2024-06-13,S000,SKU003,Beverages,North,Metro,164.84,164.84,0,0.0,End-cap,48,50,91,0,0,0,7912.32,0.173,0.173,1368.83
2024-06-13,S000,SKU012,Beverages,North,Metro,237.61,190.09,1,20.0,,79,79,126,0,0,0,15017.11,0.251,0.131,1967.24
2024-06-13,S000,SKU017,Beverages,North,Metro,95.97,95.97,0,0.0,End-cap,18,19,83,0,0,0,1727.46,0.197,0.197,340.31
2024-06-13,S000,SKU020,Beverages,North,Metro,142.4,142.4,0,0.0,,65,68,187,0,0,0,9256.0,0.233,0.233,2156.65
2024-06-13,S000,SKU030,Beverages,North,Metro,34.82,34.82,0,0.0,,57,60,42,0,0,0,1984.74,0.331,0.331,656.95
2024-06-14,S000,SKU003,Beverages,North,Metro,164.84,164.84,0,0.0,,35,37,53,0,0,0,5769.4,0.173,0.173,998.11
2024-06-14,S000,SKU012,Beverages,North,Metro,237.61,190.09,1,20.0,Shelf-talker,103,103,23,0,0,0,19579.27,0.251,0.131,2564.88
2024-06-14,S000,SKU017,Beverages,North,Metro,95.97,95.97,0,0.0,End-cap,23,24,60,0,0,0,2207.31,0.197,0.197,434.84
2024-06-14,S000,SKU020,Beverages,North,Metro,142.4,142.4,0,0.0,,81,84,102,0,0,0,11534.4,0.233,0.233,2687.52
2024-06-14,S000,SKU030,Beverages,North,Metro,34.82,34.82,0,0.0,,39,44,0,0,0,0,1357.98,0.331,0.331,449.49
2024-06-15,S000,SKU003,Beverages,North,Metro,164.84,164.84,0,0.0,,50,56,0,1,0,0,8242.0,0.173,0.173,1425.87
2024-06-15,S000,SKU012,Beverages,North,Metro,237.61,190.09,1,20.0,End-cap,23,98,0,1,0,0,4372.07,0.251,0.131,572.74
2024-06-15,S000,SKU017,Beverages,North,Metro,95.97,95.97,0,0.0,Shelf-talker,20,21,39,1,0,0,1919.4,0.197,0.197,378.12
2024-06-15,S000,SKU020,Beverages,North,Metro,142.4,142.4,0,0.0,,68,72,30,1,0,0,9683.2,0.233,0.233,2256.19
2024-06-15,S000,SKU030,Beverages,North,Metro,34.82,34.82,0,0.0,End-cap,0,73,0,1,0,0,0.0,0.331,0.331,0.0
2024-06-16,S000,SKU003,Beverages,North,Metro,164.84,164.84,0,0.0,Shelf-talker,42,42,323,1,0,0,6923.28,0.173,0.173,1197.73
2024-06-16,S000,SKU012,Beverages,North,Metro,237.61,237.61,0,0.0,Shelf-talker,83,83,368,1,0,0,19721.63,0.251,0.251,4950.13
2024-06-16,S000,SKU017,Beverages,North,Metro,95.97,95.97,0,0.0,,21,21,174,1,0,0,2015.37,0.197,0.197,397.03
2024-06-16,S000,SKU020,Beverages,North,Metro,142.4,142.4,0,0.0,,60,60,466,1,0,0,8544.0,0.233,0.233,1990.75
2024-06-16,S000,SKU030,Beverages,North,Metro,34.82,34.82,0,0.0,Shelf-talker,60,60,332,1,0,0,2089.2,0.331,0.331,691.53
2024-06-17,S000,SKU003,Beverages,North,Metro,164.84,164.84,0,0.0,,29,29,294,0,0,0,4780.36,0.173,0.173,827.0
2024-06-17,S000,SKU012,Beverages,North,Metro,237.61,237.61,0,0.0,,45,45,323,0,0,0,10692.45,0.251,0.251,2683.8
2024-06-17,S000,SKU017,Beverages,North,Metro,95.97,95.97,0,0.0,End-cap,19,19,155,0,0,0,1823.43,0.197,0.197,359.22
2024-06-17,S000,SKU020,Beverages,North,Metro,142.4,142.4,0,0.0,Shelf-talker,81,81,385,0,0,0,11534.4,0.233,0.233,2687.52
2024-06-17,S000,SKU030,Beverages,North,Metro,34.82,34.82,0,0.0,,55,55,277,0,0,0,1915.1,0.331,0.331,633.9
2024-06-18,S000,SKU003,Beverages,North,Metro,164.84,164.84,0,0.0,,52,52,242,0,0,0,8571.68,0.173,0.173,1482.9
2024-06-18,S000,SKU012,Beverages,North,Metro,237.61,237.61,0,0.0,End-cap,52,52,271,0,0,0,12355.72,0.251,0.251,3101.29
2024-06-18,S000,SKU017,Beverages,North,Metro,95.97,95.97,0,0.0,End-cap,25,25,131,0,0,0,2399.25,0.197,0.197,472.65
2024-06-18,S000,SKU020,Beverages,North,Metro,142.4,142.4,0,0.0,Shelf-talker,70,70,315,0,0,0,9968.0,0.233,0.233,2322.54
2024-06-18,S000,SKU030,Beverages,North,Metro,34.82,34.82,0,0.0,Shelf-talker,54,54,223,0,0,0,1880.28,0.331,0.331,622.37
2024-06-19,S000,SKU003,Beverages,North,Metro,164.84,164.84,0,0.0,End-cap,39,39,203,0,0,0,6428.76,0.173,0.173,1112.18
2024-06-19,S000,SKU012,Beverages,North,Metro,237.61,237.61,0,0.0,,52,52,218,0,0,0,12355.72,0.251,0.251,3101.29
2024-06-19,S000,SKU017,Beverages,North,Metro,95.97,95.97,0,0.0,,26,26,105,0,0,0,2495.22,0.197,0.197,491.56
2024-06-19,S000,SKU020,Beverages,North,Metro,142.4,142.4,0,0.0,Shelf-talker,65,65,250,0,0,0,9256.0,0.233,0.233,2156.65
2024-06-19,S000,SKU030,Beverages,North,Metro,34.82,34.82,0,0.0,,49,49,174,0,0,0,1706.18,0.331,0.331,564.75
2024-06-20,S000,SKU003,Beverages,North,Metro,164.84,164.84,0,0.0,,53,53,150,0,0,0,8736.52,0.173,0.173,1511.42
2024-06-20,S000,SKU012,Beverages,North,Metro,237.61,237.61,0,0.0,Floor-stack,60,60,158,0,0,0,14256.6,0.251,0.251,3578.41
2024-06-20,S000,SKU017,Beverages,North,Metro,95.97,95.97,0,0.0,,20,20,86,0,0,0,1919.4,0.197,0.197,378.12
2024-06-20,S000,SKU020,Beverages,North,Metro,142.4,142.4,0,0.0,End-cap,77,77,173,0,0,0,10964.8,0.233,0.233,2554.8
2024-06-20,S000,SKU030,Beverages,North,Metro,34.82,34.82,0,0.0,,49,49,125,0,0,0,1706.18,0.331,0.331,564.75
2024-06-21,S000,SKU003,Beverages,North,Metro,164.84,164.84,0,0.0,,55,55,95,0,0,0,9066.2,0.173,0.173,1568.45
2024-06-21,S000,SKU012,Beverages,North,Metro,237.61,237.61,0,0.0,,59,59,100,0,0,0,14018.99,0.251,0.251,3518.77
2024-06-21,S000,SKU017,Beverages,North,Metro,95.97,95.97,0,0.0,,17,17,68,0,0,0,1631.49,0.197,0.197,321.4
2024-06-21,S000,SKU020,Beverages,North,Metro,142.4,142.4,0,0.0,End-cap,66,66,107,0,0,0,9398.4,0.233,0.233,2189.83
2024-06-21,S000,SKU030,Beverages,North,Metro,34.82,34.82,0,0.0,,56,56,69,0,0,0,1949.92,0.331,0.331,645.42
2024-06-22,S000,SKU003,Beverages,North,Metro,164.84,164.84,0,0.0,Shelf-talker,51,51,45,1,0,0,8406.84,0.173,0.173,1454.38
2024-06-22,S000,SKU012,Beverages,North,Metro,237.61,237.61,0,0.0,Shelf-talker,78,78,22,1,0,0,18533.58,0.251,0.251,4651.93
2024-06-22,S000,SKU017,Beverages,North,Metro,95.97,95.97,0,0.0,,30,30,38,1,0,0,2879.1,0.197,0.197,567.18
2024-06-22,S000,SKU020,Beverages,North,Metro,142.4,142.4,0,0.0,,97,97,10,1,0,0,13812.8,0.233,0.233,3218.38
2024-06-22,S000,SKU030,Beverages,North,Metro,34.82,34.82,0,0.0,,55,55,14,1,0,0,1915.1,0.331,0.331,633.9
2024-06-23,S000,SKU003,Beverages,North,Metro,164.84,164.84,0,0.0,,63,63,316,1,0,0,10384.92,0.173,0.173,1796.59
2024-06-23,S000,SKU012,Beverages,North,Metro,237.61,237.61,0,0.0,,72,72,392,1,0,0,17107.92,0.251,0.251,4294.09
2024-06-23,S000,SKU017,Beverages,North,Metro,95.97,95.97,0,0.0,,17,17,150,1,0,0,1631.49,0.197,0.197,321.4
2024-06-23,S000,SKU020,Beverages,North,Metro,142.4,142.4,0,0.0,Shelf-talker,79,79,416,1,0,0,11249.6,0.233,0.233,2621.16
2024-06-23,S000,SKU030,Beverages,North,Metro,34.82,34.82,0,0.0,,56,56,431,1,0,0,1949.92,0.331,0.331,645.42
2024-06-24,S000,SKU003,Beverages,North,Metro,164.84,164.84,0,0.0,,40,40,276,0,0,0,6593.6,0.173,0.173,1140.69
2024-06-24,S000,SKU012,Beverages,North,Metro,237.61,237.61,0,0.0,Shelf-talker,62,62,331,0,0,0,14731.82,0.251,0.251,3697.69
2024-06-24,S000,SKU017,Beverages,North,Metro,95.97,95.97,0,0.0,,21,21,129,0,0,0,2015.37,0.197,0.197,397.03
2024-06-24,S000,SKU020,Beverages,North,Metro,142.4,142.4,0,0.0,,70,70,346,0,0,0,9968.0,0.233,0.233,2322.54
2024-06-24,S000,SKU030,Beverages,North,Metro,34.82,34.82,0,0.0,End-cap,62,62,370,0,0,0,2158.84,0.331,0.331,714.58
2024-06-25,S000,SKU003,Beverages,North,Metro,164.84,164.84,0,0.0,,30,30,245,0,0,0,4945.2,0.173,0.173,855.52
2024-06-25,S000,SKU012,Beverages,North,Metro,237.61,237.61,0,0.0,Shelf-talker,46,46,285,0,0,0,10930.06,0.251,0.251,2743.45
2024-06-25,S000,SKU017,Beverages,North,Metro,95.97,95.97,0,0.0,Floor-stack,20,20,109,0,0,0,1919.4,0.197,0.197,378.12
2024-06-25,S000,SKU020,Beverages,North,Metro,142.4,142.4,0,0.0,,66,66,279,0,0,0,9398.4,0.233,0.233,2189.83
2024-06-25,S000,SKU030,Beverages,North,Metro,34.82,34.82,0,0.0,Shelf-talker,57,57,313,0,0,0,1984.74,0.331,0.331,656.95
2024-06-26,S000,SKU003,Beverages,North,Metro,164.84,164.84,0,0.0,End-cap,47,47,199,0,0,0,7747.48,0.173,0.173,1340.31
2024-06-26,S000,SKU012,Beverages,North,Metro,237.61,237.61,0,0.0,Shelf-talker,59,59,226,0,0,0,14018.99,0.251,0.251,3518.77
2024-06-26,S000,SKU017,Beverages,North,Metro,95.97,95.97,0,0.0,Shelf-talker,25,25,85,0,0,0,2399.25,0.197,0.197,472.65
2024-06-26,S000,SKU020,Beverages,North,Metro,142.4,142.4,0,0.0,Floor-stack,57,57,223,0,0,0,8116.8,0.233,0.233,1891.21
2024-06-26,S000,SKU030,Beverages,North,Metro,34.82,34.82,0,0.0,,40,40,273,0,0,0,1392.8,0.331,0.331,461.02
2024-06-27,S000,SKU003,Beverages,North,Metro,164.84,164.84,0,0.0,,42,42,157,0,0,0,6923.28,0.173,0.173,1197.73
2024-06-27,S000,SKU012,Beverages,North,Metro,237.61,237.61,0,0.0,,71,71,155,0,0,0,16870.31,0.251,0.251,4234.45
2024-06-27,S000,SKU017,Beverages,North,Metro,95.97,95.97,0,0.0,End-cap,25,25,60,0,0,0,2399.25,0.197,0.197,472.65
2024-06-27,S000,SKU020,Beverages,North,Metro,142.4,142.4,0,0.0,Floor-stack,58,58,165,0,0,0,8259.2,0.233,0.233,1924.39
2024-06-27,S000,SKU030,Beverages,North,Metro,34.82,34.82,0,0.0,,43,43,230,0,0,0,1497.26,0.331,0.331,495.59
2024-06-28,S000,SKU003,Beverages,North,Metro,164.84,164.84,0,0.0,,50,50,108,0,1,0,8242.0,0.173,0.173,1425.87
2024-06-28,S000,SKU012,Beverages,North,Metro,237.61,237.61,0,0.0,,45,45,109,0,1,0,10692.45,0.251,0.251,2683.8
2024-06-28,S000,SKU017,Beverages,North,Metro,95.97,95.97,0,0.0,End-cap,20,20,40,0,1,0,1919.4,0.197,0.197,378.12
2024-06-28,S000,SKU020,Beverages,North,Metro,142.4,142.4,0,0.0,,66,66,98,0,1,0,9398.4,0.233,0.233,2189.83
2024-06-28,S000,SKU030,Beverages,North,Metro,34.82,34.82,0,0.0,,38,38,192,0,1,0,1323.16,0.331,0.331,437.97
2024-06-29,S000,SKU003,Beverages,North,Metro,164.84,164.84,0,0.0,End-cap,83,88,19,1,1,0,13681.72,0.173,0.173,2366.94
2024-06-29,S000,SKU012,Beverages,North,Metro,237.61,237.61,0,0.0,Shelf-talker,81,86,24,1,1,0,19246.41,0.251,0.251,4830.85
2024-06-29,S000,SKU017,Beverages,North,Metro,95.97,95.97,0,0.0,Floor-stack,28,29,11,1,1,0,2687.16,0.197,0.197,529.37
2024-06-29,S000,SKU020,Beverages,North,Metro,142.4,99.68,1,30.0,,98,212,0,1,1,0,9768.64,0.233,0.053,517.74
2024-06-29,S000,SKU030,Beverages,North,Metro,34.82,34.82,0,0.0,,84,88,104,1,1,0,2924.88,0.331,0.331,968.14
2024-06-30,S000,SKU003,Beverages,North,Metro,164.84,164.84,0,0.0,End-cap,44,47,259,1,1,0,7252.96,0.173,0.173,1254.76
2024-06-30,S000,SKU012,Beverages,North,Metro,237.61,237.61,0,0.0,End-cap,84,88,331,1,1,0,19959.24,0.251,0.251,5009.77
2024-06-30,S000,SKU017,Beverages,North,Metro,95.97,95.97,0,0.0,,25,26,126,1,1,0,2399.25,0.197,0.197,472.65
2024-06-30,S000,SKU020,Beverages,North,Metro,142.4,99.68,1,30.0,,185,185,282,1,1,0,18440.8,0.233,0.053,977.36
2024-06-30,S000,SKU030,Beverages,North,Metro,34.82,34.82,0,0.0,Shelf-talker,81,85,460,1,1,0,2820.42,0.331,0.331,933.56
2024-07-01,S000,SKU003,Beverages,North,Metro,164.84,164.84,0,0.0,Floor-stack,54,56,203,0,1,0,8901.36,0.173,0.173,1539.94
2024-07-01,S000,SKU012,Beverages,North,Metro,237.61,237.61,0,0.0,End-cap,75,80,251,0,1,0,17820.75,0.251,0.251,4473.01
2024-07-01,S000,SKU017,Beverages,North,Metro,95.97,95.97,0,0.0,,21,22,104,0,1,0,2015.37,0.197,0.197,397.03
2024-07-01,S000,SKU020,Beverages,North,Metro,142.4,99.68,1,30.0,End-cap,175,175,107,0,1,0,17444.0,0.233,0.053,924.53
2024-07-01,S000,SKU030,Beverages,North,Metro,34.82,34.82,0,0.0,,47,49,411,0,1,0,1636.54,0.331,0.331,541.69
2024-07-02,S000,SKU003,Beverages,North,Metro,164.84,115.39,1,30.0,,78,78,126,0,1,0,9000.42,0.173,0.02,180.01
2024-07-02,S000,SKU012,Beverages,North,Metro,237.61,237.61,0,0.0,,70,72,180,0,1,0,16632.7,0.251,0.251,4174.81
2024-07-02,S000,SKU017,Beverages,North,Metro,95.97,95.97,0,0.0,End-cap,24,25,79,0,1,0,2303.28,0.197,0.197,453.75
2024-07-02,S000,SKU020,Beverages,North,Metro,142.4,99.68,1,30.0,,107,174,0,0,1,0,10665.76,0.233,0.053,565.29
2024-07-02,S000,SKU030,Beverages,North,Metro,34.82,34.82,0,0.0,End-cap,66,68,344,0,1,0,2298.12,0.331,0.331,760.68
2024-07-03,S000,SKU003,Beverages,North,Metro,164.84,115.39,1,30.0,,93,93,33,0,0,0,10731.27,0.173,0.02,214.63
2024-07-03,S000,SKU012,Beverages,North,Metro,237.61,237.61,0,0.0,,50,54,126,0,0,0,11880.5,0.251,0.251,2982.01
2024-07-03,S000,SKU017,Beverages,North,Metro,95.97,95.97,0,0.0,Floor-stack,17,18,60,0,0,0,1631.49,0.197,0.197,321.4
2024-07-03,S000,SKU020,Beverages,North,Metro,142.4,99.68,1,30.0,,0,142,0,0,0,0,0.0,0.233,0.053,0.0
2024-07-03,S000,SKU030,Beverages,North,Metro,34.82,34.82,0,0.0,,66,69,274,0,0,0,2298.12,0.331,0.331,760.68
2024-07-04,S000,SKU003,Beverages,North,Metro,164.84,115.39,1,30.0,,33,84,0,0,0,0,3807.87,0.173,0.02,76.16
2024-07-04,S000,SKU012,Beverages,North,Metro,237.61,237.61,0,0.0,,54,57,68,0,0,0,12830.94,0.251,0.251,3220.57
2024-07-04,S000,SKU017,Beverages,North,Metro,95.97,95.97,0,0.0,Shelf-talker,19,20,40,0,0,0,1823.43,0.197,0.197,359.22
2024-07-04,S000,SKU020,Beverages,North,Metro,142.4,99.68,1,30.0,,0,143,0,0,0,0,0.0,0.233,0.053,0.0
2024-07-04,S000,SKU030,Beverages,North,Metro,34.82,34.82,0,0.0,Shelf-talker,35,37,237,0,0,0,1218.7,0.331,0.331,403.39
2024-07-05,S000,SKU003,Beverages,North,Metro,164.84,115.39,1,30.0,End-cap,0,85,0,0,0,0,0.0,0.173,0.02,0.0
2024-07-05,S000,SKU012,Beverages,North,Metro,237.61,237.61,0,0.0,End-cap,46,46,22,0,0,0,10930.06,0.251,0.251,2743.45
2024-07-05,S000,SKU017,Beverages,North,Metro,95.97,95.97,0,0.0,,23,23,18,0,0,0,2207.31,0.197,0.197,434.84
2024-07-05,S000,SKU020,Beverages,North,Metro,142.4,99.68,1,30.0,Shelf-talker,0,123,0,0,0,0,0.0,0.233,0.053,0.0
2024-07-05,S000,SKU030,Beverages,North,Metro,34.82,34.82,0,0.0,,45,45,192,0,0,0,1566.9,0.331,0.331,518.64
2024-07-06,S000,SKU003,Beverages,North,Metro,164.84,115.39,1,30.0,,0,83,0,1,0,0,0.0,0.173,0.02,0.0
2024-07-06,S000,SKU012,Beverages,North,Metro,237.61,237.61,0,0.0,,22,62,0,1,0,0,5227.42,0.251,0.251,1312.08
2024-07-06,S000,SKU017,Beverages,North,Metro,95.97,95.97,0,0.0,End-cap,18,31,0,1,0,0,1727.46,0.197,0.197,340.31
2024-07-06,S000,SKU020,Beverages,North,Metro,142.4,142.4,0,0.0,Floor-stack,0,70,0,1,0,0,0.0,0.233,0.233,0.0
2024-07-06,S000,SKU030,Beverages,North,Metro,34.82,34.82,0,0.0,,46,46,146,1,0,0,1601.72,0.331,0.331,530.17
2024-07-07,S000,SKU003,Beverages,North,Metro,164.84,164.84,0,0.0,End-cap,48,48,362,1,0,0,7912.32,0.173,0.173,1368.83
2024-07-07,S000,SKU012,Beverages,North,Metro,237.61,237.61,0,0.0,,51,51,314,1,0,0,12118.11,0.251,0.251,3041.65
2024-07-07,S000,SKU017,Beverages,North,Metro,95.97,95.97,0,0.0,,26,26,145,1,0,0,2495.22,0.197,0.197,491.56
2024-07-07,S000,SKU020,Beverages,North,Metro,142.4,142.4,0,0.0,Floor-stack,51,51,490,1,0,0,7262.4,0.233,0.233,1692.14
2024-07-07,S000,SKU030,Beverages,North,Metro,34.82,34.82,0,0.0,,75,75,412,1,0,0,2611.5,0.331,0.331,864.41
2024-07-08,S000,SKU003,Beverages,North,Metro,164.84,164.84,0,0.0,,52,52,310,0,0,0,8571.68,0.173,0.173,1482.9
2024-07-08,S000,SKU012,Beverages,North,Metro,237.61,237.61,0,0.0,Shelf-talker,68,68,246,0,0,0,16157.48,0.251,0.251,4055.53
2024-07-08,S000,SKU017,Beverages,North,Metro,95.97,95.97,0,0.0,,20,20,125,0,0,0,1919.4,0.197,0.197,378.12
2024-07-08,S000,SKU020,Beverages,North,Metro,142.4,142.4,0,0.0,Shelf-talker,57,57,433,0,0,0,8116.8,0.233,0.233,1891.21
2024-07-08,S000,SKU030,Beverages,North,Metro,34.82,34.82,0,0.0,End-cap,50,50,362,0,0,0,1741.0,0.331,0.331,576.27
2024-07-09,S000,SKU003,Beverages,North,Metro,164.84,164.84,0,0.0,Shelf-talker,58,58,252,0,0,0,9560.72,0.173,0.173,1654.0
2024-07-09,S000,SKU012,Beverages,North,Metro,237.61,237.61,0,0.0,,58,58,189,0,0,0,13781.38,0.251,0.251,3459.13
2024-07-09,S000,SKU017,Beverages,North,Metro,95.97,95.97,0,0.0,,15,15,110,0,0,0,1439.55,0.197,0.197,283.59
2024-07-09,S000,SKU020,Beverages,North,Metro,142.4,142.4,0,0.0,,48,48,385,0,0,0,6835.2,0.233,0.233,1592.6
2024-07-09,S000,SKU030,Beverages,North,Metro,34.82,34.82,0,0.0,,47,47,315,0,0,0,1636.54,0.331,0.331,541.69
2024-07-10,S000,SKU003,Beverages,North,Metro,164.84,164.84,0,0.0,Shelf-talker,48,48,204,0,0,0,7912.32,0.173,0.173,1368.83
2024-07-10,S000,SKU012,Beverages,North,Metro,237.61,237.61,0,0.0,Shelf-talker,45,45,144,0,0,0,10692.45,0.251,0.251,2683.8
2024-07-10,S000,SKU017,Beverages,North,Metro,95.97,95.97,0,0.0,End-cap,25,25,85,0,0,0,2399.25,0.197,0.197,472.65
2024-07-10,S000,SKU020,Beverages,North,Metro,142.4,142.4,0,0.0,,60,60,325,0,0,0,8544.0,0.233,0.233,1990.75
2024-07-10,S000,SKU030,Beverages,North,Metro,34.82,34.82,0,0.0,End-cap,53,53,262,0,0,0,1845.46,0.331,0.331,610.85
2024-07-11,S000,SKU003,Beverages,North,Metro,164.84,148.36,1,10.0,,54,54,150,0,0,0,8011.44,0.173,0.1129999999999999,905.29
2024-07-11,S000,SKU012,Beverages,North,Metro,237.61,237.61,0,0.0,,53,56,88,0,0,0,12593.33,0.251,0.251,3160.93
2024-07-11,S000,SKU017,Beverages,North,Metro,95.97,95.97,0,0.0,,20,21,64,0,0,0,1919.4,0.197,0.197,378.12
2024-07-11,S000,SKU020,Beverages,North,Metro,142.4,142.4,0,0.0,,48,51,274,0,0,0,6835.2,0.233,0.233,1592.6
2024-07-11,S000,SKU030,Beverages,North,Metro,34.82,34.82,0,0.0,,44,46,216,0,0,0,1532.08,0.331,0.331,507.12
2024-07-12,S000,SKU003,Beverages,North,Metro,164.84,148.36,1,10.0,Floor-stack,69,69,81,0,0,0,10236.84,0.173,0.1129999999999999,1156.76
2024-07-12,S000,SKU012,Beverages,North,Metro,237.61,237.61,0,0.0,,63,65,24,0,0,0,14969.43,0.251,0.251,3757.33
2024-07-12,S000,SKU017,Beverages,North,Metro,95.97,95.97,0,0.0,,19,20,44,0,0,0,1823.43,0.197,0.197,359.22
2024-07-12,S000,SKU020,Beverages,North,Metro,142.4,142.4,0,0.0,,35,37,237,0,0,0,4984.0,0.233,0.233,1161.27
2024-07-12,S000,SKU030,Beverages,North,Metro,34.82,34.82,0,0.0,,45,47,168,0,0,0,1566.9,0.331,0.331,518.64
2024-07-13,S000,SKU003,Beverages,North,Metro,164.84,148.36,1,10.0,Floor-stack,81,117,0,1,0,0,12017.16,0.173,0.1129999999999999,1357.94
2024-07-13,S000,SKU012,Beverages,North,Metro,237.61,237.61,0,0.0,,23,79,0,1,0,0,5465.03,0.251,0.251,1371.72
2024-07-13,S000,SKU017,Beverages,North,Metro,95.97,95.97,0,0.0,End-cap,23,25,19,1,0,0,2207.31,0.197,0.197,434.84
2024-07-13,S000,SKU020,Beverages,North,Metro,142.4,142.4,0,0.0,End-cap,100,103,134,1,0,0,14240.0,0.233,0.233,3317.92
2024-07-13,S000,SKU030,Beverages,North,Metro,34.82,34.82,0,0.0,End-cap,62,67,101,1,0,0,2158.84,0.331,0.331,714.58
2024-07-14,S000,SKU003,Beverages,North,Metro,164.84,148.36,1,10.0,,83,83,274,1,0,0,12313.88,0.173,0.1129999999999999,1391.47
2024-07-14,S000,SKU012,Beverages,North,Metro,237.61,237.61,0,0.0,,53,56,380,1,0,0,12593.33,0.251,0.251,3160.93
2024-07-14,S000,SKU017,Beverages,North,Metro,95.97,95.97,0,0.0,,24,26,150,1,0,0,2303.28,0.197,0.197,453.75
2024-07-14,S000,SKU020,Beverages,North,Metro,142.4,142.4,0,0.0,,69,71,538,1,0,0,9825.6,0.233,0.233,2289.36
2024-07-14,S000,SKU030,Beverages,North,Metro,34.82,34.82,0,0.0,,55,57,477,1,0,0,1915.1,0.331,0.331,633.9
2024-07-15,S000,SKU003,Beverages,North,Metro,164.84,148.36,1,10.0,,82,82,193,0,0,0,12165.52,0.173,0.1129999999999999,1374.7
2024-07-15,S000,SKU012,Beverages,North,Metro,237.61,237.61,0,0.0,End-cap,22,23,357,0,0,0,5227.42,0.251,0.251,1312.08
2024-07-15,S000,SKU017,Beverages,North,Metro,95.97,95.97,0,0.0,Shelf-talker,21,22,128,0,0,0,2015.37,0.197,0.197,397.03
2024-07-15,S000,SKU020,Beverages,North,Metro,142.4,142.4,0,0.0,Shelf-talker,72,74,464,0,0,0,10252.8,0.233,0.233,2388.9
2024-07-15,S000,SKU030,Beverages,North,Metro,34.82,34.82,0,0.0,Floor-stack,44,47,430,0,0,0,1532.08,0.331,0.331,507.12
2024-07-16,S000,SKU003,Beverages,North,Metro,164.84,164.84,0,0.0,End-cap,38,38,154,0,0,0,6263.92,0.173,0.173,1083.66
2024-07-16,S000,SKU012,Beverages,North,Metro,237.61,237.61,0,0.0,,57,57,299,0,0,0,13543.77,0.251,0.251,3399.49
2024-07-16,S000,SKU017,Beverages,North,Metro,95.97,95.97,0,0.0,,22,22,105,0,0,0,2111.34,0.197,0.197,415.93
2024-07-16,S000,SKU020,Beverages,North,Metro,142.4,142.4,0,0.0,,53,53,411,0,0,0,7547.2,0.233,0.233,1758.5
2024-07-16,S000,SKU030,Beverages,North,Metro,34.82,34.82,0,0.0,Shelf-talker,50,50,380,0,0,0,1741.0,0.331,0.331,576.27
2024-07-17,S000,SKU003,Beverages,North,Metro,164.84,164.84,0,0.0,,44,44,110,0,0,0,7252.96,0.173,0.173,1254.76
2024-07-17,S000,SKU012,Beverages,North,Metro,237.61,237.61,0,0.0,,45,45,255,0,0,0,10692.45,0.251,0.251,2683.8
2024-07-17,S000,SKU017,Beverages,North,Metro,95.97,95.97,0,0.0,End-cap,25,25,80,0,0,0,2399.25,0.197,0.197,472.65
2024-07-17,S000,SKU020,Beverages,North,Metro,142.4,142.4,0,0.0,,76,76,335,0,0,0,10822.4,0.233,0.233,2521.62
2024-07-17,S000,SKU030,Beverages,North,Metro,34.82,34.82,0,0.0,,52,52,328,0,0,0,1810.64,0.331,0.331,599.32
2024-07-18,S000,SKU003,Beverages,North,Metro,164.84,164.84,0,0.0,,49,49,61,0,0,0,8077.16,0.173,0.173,1397.35
2024-07-18,S000,SKU012,Beverages,North,Metro,237.61,237.61,0,0.0,,59,59,195,0,0,0,14018.99,0.251,0.251,3518.77
2024-07-18,S000,SKU017,Beverages,North,Metro,95.97,95.97,0,0.0,,20,20,60,0,0,0,1919.4,0.197,0.197,378.12
2024-07-18,S000,SKU020,Beverages,North,Metro,142.4,142.4,0,0.0,Shelf-talker,46,46,288,0,0,0,6550.4,0.233,0.233,1526.24
2024-07-18,S000,SKU030,Beverages,North,Metro,34.82,34.82,0,0.0,End-cap,57,57,272,0,0,0,1984.74,0.331,0.331,656.95
2024-07-19,S000,SKU003,Beverages,North,Metro,164.84,164.84,0,0.0,,47,47,14,0,0,0,7747.48,0.173,0.173,1340.31
2024-07-19,S000,SKU012,Beverages,North,Metro,237.61,237.61,0,0.0,End-cap,62,62,133,0,0,0,14731.82,0.251,0.251,3697.69
2024-07-19,S000,SKU017,Beverages,North,Metro,95.97,95.97,0,0.0,Floor-stack,25,25,35,0,0,0,2399.25,0.197,0.197,472.65
2024-07-19,S000,SKU020,Beverages,North,Metro,142.4,142.4,0,0.0,End-cap,60,60,228,0,0,0,8544.0,0.233,0.233,1990.75
2024-07-19,S000,SKU030,Beverages,North,Metro,34.82,34.82,0,0.0,,56,56,216,0,0,0,1949.92,0.331,0.331,645.42
2024-07-20,S000,SKU003,Beverages,North,Metro,164.84,164.84,0,0.0,Floor-stack,14,48,0,1,0,0,2307.76,0.173,0.173,399.24
2024-07-20,S000,SKU012,Beverages,North,Metro,237.61,237.61,0,0.0,Shelf-talker,81,81,52,1,0,0,19246.41,0.251,0.251,4830.85
2024-07-20,S000,SKU017,Beverages,North,Metro,95.97,95.97,0,0.0,Floor-stack,29,29,6,1,0,0,2783.13,0.197,0.197,548.28
2024-07-20,S000,SKU020,Beverages,North,Metro,142.4,142.4,0,0.0,,59,59,169,1,0,0,8401.6,0.233,0.233,1957.57
2024-07-20,S000,SKU030,Beverages,North,Metro,34.82,34.82,0,0.0,Floor-stack,47,47,169,1,0,0,1636.54,0.331,0.331,541.69
2024-07-21,S000,SKU003,Beverages,North,Metro,164.84,164.84,0,0.0,,47,47,316,1,0,0,7747.48,0.173,0.173,1340.31
2024-07-21,S000,SKU012,Beverages,North,Metro,237.61,237.61,0,0.0,,88,88,424,1,0,0,20909.68,0.251,0.251,5248.33
2024-07-21,S000,SKU017,Beverages,North,Metro,95.97,95.97,0,0.0,,24,24,126,1,0,0,2303.28,0.197,0.197,453.75
2024-07-21,S000,SKU020,Beverages,North,Metro,142.4,142.4,0,0.0,End-cap,108,108,498,1,0,0,15379.2,0.233,0.233,3583.35
2024-07-21,S000,SKU030,Beverages,North,Metro,34.82,34.82,0,0.0,End-cap,80,80,449,1,0,0,2785.6,0.331,0.331,922.03
2024-07-22,S000,SKU003,Beverages,North,Metro,164.84,164.84,0,0.0,Shelf-talker,52,52,264,0,0,0,8571.68,0.173,0.173,1482.9
2024-07-22,S000,SKU012,Beverages,North,Metro,237.61,237.61,0,0.0,,65,65,359,0,0,0,15444.65,0.251,0.251,3876.61
2024-07-22,S000,SKU017,Beverages,North,Metro,95.97,95.97,0,0.0,End-cap,14,14,112,0,0,0,1343.58,0.197,0.197,264.69
2024-07-22,S000,SKU020,Beverages,North,Metro,142.4,142.4,0,0.0,End-cap,56,56,442,0,0,0,7974.4,0.233,0.233,1858.04
2024-07-22,S000,SKU030,Beverages,North,Metro,34.82,34.82,0,0.0,,52,52,397,0,0,0,1810.64,0.331,0.331,599.32
2024-07-23,S000,SKU003,Beverages,North,Metro,164.84,164.84,0,0.0,,54,54,210,0,0,0,8901.36,0.173,0.173,1539.94
2024-07-23,S000,SKU012,Beverages,North,Metro,237.61,237.61,0,0.0,,70,70,289,0,0,0,16632.7,0.251,0.251,4174.81
2024-07-23,S000,SKU017,Beverages,North,Metro,95.97,95.97,0,0.0,Shelf-talker,20,20,93,0,0,0,1919.4,0.197,0.197,378.12
2024-07-23,S000,SKU020,Beverages,North,Metro,142.4,142.4,0,0.0,,67,67,375,0,0,0,9540.8,0.233,0.233,2223.01
2024-07-23,S000,SKU030,Beverages,North,Metro,34.82,34.82,0,0.0,End-cap,48,48,349,0,0,0,1671.36,0.331,0.331,553.22
2024-07-24,S000,SKU003,Beverages,North,Metro,164.84,164.84,0,0.0,,56,56,154,0,0,0,9231.04,0.173,0.173,1596.97
2024-07-24,S000,SKU012,Beverages,North,Metro,237.61,237.61,0,0.0,End-cap,67,67,222,0,0,0,15919.87,0.251,0.251,3995.89
2024-07-24,S000,SKU017,Beverages,North,Metro,95.97,95.97,0,0.0,,25,25,68,0,0,0,2399.25,0.197,0.197,472.65
2024-07-24,S000,SKU020,Beverages,North,Metro,142.4,142.4,0,0.0,,63,63,311,0,0,0,8971.2,0.233,0.233,2090.29
2024-07-24,S000,SKU030,Beverages,North,Metro,34.82,34.82,0,0.0,,43,43,306,0,0,0,1497.26,0.331,0.331,495.59
2024-07-25,S000,SKU003,Beverages,North,Metro,164.84,164.84,0,0.0,Shelf-talker,59,59,95,0,0,0,9725.56,0.173,0.173,1682.52
2024-07-25,S000,SKU012,Beverages,North,Metro,237.61,237.61,0,0.0,,67,67,155,0,0,0,15919.87,0.251,0.251,3995.89
2024-07-25,S000,SKU017,Beverages,North,Metro,95.97,95.97,0,0.0,End-cap,17,17,51,0,0,0,1631.49,0.197,0.197,321.4
2024-07-25,S000,SKU020,Beverages,North,Metro,142.4,142.4,0,0.0,Floor-stack,58,58,253,0,0,0,8259.2,0.233,0.233,1924.39
2024-07-25,S000,SKU030,Beverages,North,Metro,34.82,34.82,0,0.0,,69,69,237,0,0,0,2402.58,0.331,0.331,795.25
2024-07-26,S000,SKU003,Beverages,North,Metro,164.84,164.84,0,0.0,,45,45,50,0,0,0,7417.8,0.173,0.173,1283.28
2024-07-26,S000,SKU012,Beverages,North,Metro,237.61,237.61,0,0.0,,53,53,102,0,0,0,12593.33,0.251,0.251,3160.93
2024-07-26,S000,SKU017,Beverages,North,Metro,95.97,95.97,0,0.0,Shelf-talker,20,20,31,0,0,0,1919.4,0.197,0.197,378.12
2024-07-26,S000,SKU020,Beverages,North,Metro,142.4,142.4,0,0.0,,64,64,189,0,0,0,9113.6,0.233,0.233,2123.47
2024-07-26,S000,SKU030,Beverages,North,Metro,34.82,34.82,0,0.0,,73,73,164,0,0,0,2541.86,0.331,0.331,841.36
2024-07-27,S000,SKU003,Beverages,North,Metro,164.84,164.84,0,0.0,,50,52,0,1,0,0,8242.0,0.173,0.173,1425.87
2024-07-27,S000,SKU012,Beverages,North,Metro,237.61,237.61,0,0.0,Shelf-talker,52,52,50,1,0,0,12355.72,0.251,0.251,3101.29
2024-07-27,S000,SKU017,Beverages,North,Metro,95.97,95.97,0,0.0,,25,25,6,1,0,0,2399.25,0.197,0.197,472.65
2024-07-27,S000,SKU020,Beverages,North,Metro,142.4,142.4,0,0.0,,92,92,97,1,0,0,13100.8,0.233,0.233,3052.49
2024-07-27,S000,SKU030,Beverages,North,Metro,34.82,34.82,0,0.0,,86,86,78,1,0,0,2994.52,0.331,0.331,991.19
2024-07-28,S000,SKU003,Beverages,North,Metro,164.84,164.84,0,0.0,,79,79,284,1,1,0,13022.36,0.173,0.173,2252.87
2024-07-28,S000,SKU012,Beverages,North,Metro,237.61,237.61,0,0.0,,111,111,372,1,1,0,26374.71,0.251,0.251,6620.05
2024-07-28,S000,SKU017,Beverages,North,Metro,95.97,95.97,0,0.0,Floor-stack,33,33,132,1,1,0,3167.01,0.197,0.197,623.9
2024-07-28,S000,SKU020,Beverages,North,Metro,142.4,142.4,0,0.0,,95,95,532,1,1,0,13528.0,0.233,0.233,3152.02
2024-07-28,S000,SKU030,Beverages,North,Metro,34.82,34.82,0,0.0,,75,75,405,1,1,0,2611.5,0.331,0.331,864.41
2024-07-29,S000,SKU003,Beverages,North,Metro,164.84,164.84,0,0.0,End-cap,59,59,225,0,1,0,9725.56,0.173,0.173,1682.52
2024-07-29,S000,SKU012,Beverages,North,Metro,237.61,237.61,0,0.0,End-cap,64,64,308,0,1,0,15207.04,0.251,0.251,3816.97
2024-07-29,S000,SKU017,Beverages,North,Metro,95.97,95.97,0,0.0,,21,21,111,0,1,0,2015.37,0.197,0.197,397.03
2024-07-29,S000,SKU020,Beverages,North,Metro,142.4,142.4,0,0.0,,71,71,461,0,1,0,10110.4,0.233,0.233,2355.72
2024-07-29,S000,SKU030,Beverages,North,Metro,34.82,34.82,0,0.0,Floor-stack,64,64,340,0,1,0,2228.48,0.331,0.331,737.63
2024-07-30,S000,SKU003,Beverages,North,Metro,164.84,164.84,0,0.0,,43,43,182,0,1,0,7088.12,0.173,0.173,1226.24
2024-07-30,S000,SKU012,Beverages,North,Metro,237.61,237.61,0,0.0,,77,77,230,0,1,0,18295.97,0.251,0.251,4592.29
2024-07-30,S000,SKU017,Beverages,North,Metro,95.97,95.97,0,0.0,Floor-stack,19,19,91,0,1,0,1823.43,0.197,0.197,359.22
2024-07-30,S000,SKU020,Beverages,North,Metro,142.4,142.4,0,0.0,Floor-stack,76,76,385,0,1,0,10822.4,0.233,0.233,2521.62
2024-07-30,S000,SKU030,Beverages,North,Metro,34.82,34.82,0,0.0,,77,77,264,0,1,0,2681.14,0.331,0.331,887.46
2024-07-31,S000,SKU003,Beverages,North,Metro,164.84,164.84,0,0.0,,43,43,139,0,1,0,7088.12,0.173,0.173,1226.24
2024-07-31,S000,SKU012,Beverages,North,Metro,237.61,237.61,0,0.0,Floor-stack,57,57,173,0,1,0,13543.77,0.251,0.251,3399.49
2024-07-31,S000,SKU017,Beverages,North,Metro,95.97,95.97,0,0.0,Floor-stack,25,25,66,0,1,0,2399.25,0.197,0.197,472.65
2024-07-31,S000,SKU020,Beverages,North,Metro,142.4,142.4,0,0.0,,93,93,291,0,1,0,13243.2,0.233,0.233,3085.67
2024-07-31,S000,SKU030,Beverages,North,Metro,34.82,34.82,0,0.0,Shelf-talker,58,58,206,0,1,0,2019.56,0.331,0.331,668.47
2024-08-01,S000,SKU003,Beverages,North,Metro,164.84,164.84,0,0.0,,56,56,83,0,1,0,9231.04,0.173,0.173,1596.97
2024-08-01,S000,SKU012,Beverages,North,Metro,237.61,237.61,0,0.0,,73,73,101,0,1,0,17345.53,0.251,0.251,4353.73
2024-08-01,S000,SKU017,Beverages,North,Metro,95.97,95.97,0,0.0,,19,19,47,0,1,0,1823.43,0.197,0.197,359.22
2024-08-01,S000,SKU020,Beverages,North,Metro,142.4,142.4,0,0.0,Shelf-talker,63,63,228,0,1,0,8971.2,0.233,0.233,2090.29
2024-08-01,S000,SKU030,Beverages,North,Metro,34.82,34.82,0,0.0,,65,65,141,0,1,0,2263.3,0.331,0.331,749.15
2024-08-02,S000,SKU003,Beverages,North,Metro,164.84,164.84,0,0.0,,50,50,34,0,1,0,8242.0,0.173,0.173,1425.87
2024-08-02,S000,SKU012,Beverages,North,Metro,237.61,237.61,0,0.0,,35,35,66,0,1,0,8316.35,0.251,0.251,2087.4
2024-08-02,S000,SKU017,Beverages,North,Metro,95.97,95.97,0,0.0,,15,15,31,0,1,0,1439.55,0.197,0.197,283.59
2024-08-02,S000,SKU020,Beverages,North,Metro,142.4,142.4,0,0.0,Shelf-talker,45,45,183,0,1,0,6408.0,0.233,0.233,1493.06
2024-08-02,S000,SKU030,Beverages,North,Metro,34.82,34.82,0,0.0,Shelf-talker,62,62,79,0,1,0,2158.84,0.331,0.331,714.58
2024-08-03,S000,SKU003,Beverages,North,Metro,164.84,164.84,0,0.0,,34,54,0,1,0,0,5604.56,0.173,0.173,969.59
2024-08-03,S000,SKU012,Beverages,North,Metro,237.61,237.61,0,0.0,,61,61,5,1,0,0,14494.21,0.251,0.251,3638.05
2024-08-03,S000,SKU017,Beverages,North,Metro,95.97,95.97,0,0.0,End-cap,31,32,0,1,0,0,2975.07,0.197,0.197,586.09
2024-08-03,S000,SKU020,Beverages,North,Metro,142.4,142.4,0,0.0,,58,58,125,1,0,0,8259.2,0.233,0.233,1924.39
2024-08-03,S000,SKU030,Beverages,North,Metro,34.82,34.82,0,0.0,End-cap,79,85,0,1,0,0,2750.78,0.331,0.331,910.51
2024-08-04,S000,SKU003,Beverages,North,Metro,164.84,164.84,0,0.0,,65,65,292,1,0,0,10714.6,0.173,0.173,1853.63
2024-08-04,S000,SKU012,Beverages,North,Metro,237.61,237.61,0,0.0,,65,65,287,1,0,0,15444.65,0.251,0.251,3876.61
2024-08-04,S000,SKU017,Beverages,North,Metro,95.97,95.97,0,0.0,Shelf-talker,28,28,113,1,0,0,2687.16,0.197,0.197,529.37
2024-08-04,S000,SKU020,Beverages,North,Metro,142.4,142.4,0,0.0,Shelf-talker,59,59,558,1,0,0,8401.6,0.233,0.233,1957.57
2024-08-04,S000,SKU030,Beverages,North,Metro,34.82,34.82,0,0.0,End-cap,79,79,295,1,0,0,2750.78,0.331,0.331,910.51
2024-08-05,S000,SKU003,Beverages,North,Metro,164.84,164.84,0,0.0,,49,49,243,0,0,0,8077.16,0.173,0.173,1397.35
2024-08-05,S000,SKU012,Beverages,North,Metro,237.61,237.61,0,0.0,End-cap,57,57,231,0,0,0,13543.77,0.251,0.251,3399.49
2024-08-05,S000,SKU017,Beverages,North,Metro,95.97,95.97,0,0.0,,25,25,87,0,0,0,2399.25,0.197,0.197,472.65
2024-08-05,S000,SKU020,Beverages,North,Metro,142.4,142.4,0,0.0,Floor-stack,48,48,510,0,0,0,6835.2,0.233,0.233,1592.6
2024-08-05,S000,SKU030,Beverages,North,Metro,34.82,34.82,0,0.0,Shelf-talker,49,49,247,0,0,0,1706.18,0.331,0.331,564.75
2024-08-06,S000,SKU003,Beverages,North,Metro,164.84,164.84,0,0.0,,54,54,190,0,0,0,8901.36,0.173,0.173,1539.94
2024-08-06,S000,SKU012,Beverages,North,Metro,237.61,237.61,0,0.0,,62,62,168,0,0,0,14731.82,0.251,0.251,3697.69
2024-08-06,S000,SKU017,Beverages,North,Metro,95.97,95.97,0,0.0,,22,22,66,0,0,0,2111.34,0.197,0.197,415.93
2024-08-06,S000,SKU020,Beverages,North,Metro,142.4,142.4,0,0.0,Floor-stack,48,48,461,0,0,0,6835.2,0.233,0.233,1592.6
2024-08-06,S000,SKU030,Beverages,North,Metro,34.82,34.82,0,0.0,,64,64,183,0,0,0,2228.48,0.331,0.331,737.63
2024-08-07,S000,SKU003,Beverages,North,Metro,164.84,164.84,0,0.0,End-cap,28,28,161,0,0,0,4615.52,0.173,0.173,798.48
2024-08-07,S000,SKU012,Beverages,North,Metro,237.61,237.61,0,0.0,,42,42,127,0,0,0,9979.62,0.251,0.251,2504.88
2024-08-07,S000,SKU017,Beverages,North,Metro,95.97,95.97,0,0.0,Shelf-talker,21,21,44,0,0,0,2015.37,0.197,0.197,397.03
2024-08-07,S000,SKU020,Beverages,North,Metro,142.4,142.4,0,0.0,End-cap,57,57,404,0,0,0,8116.8,0.233,0.233,1891.21
2024-08-07,S000,SKU030,Beverages,North,Metro,34.82,34.82,0,0.0,End-cap,50,50,133,0,0,0,1741.0,0.331,0.331,576.27
2024-08-08,S000,SKU003,Beverages,North,Metro,164.84,164.84,0,0.0,End-cap,45,45,116,0,0,0,7417.8,0.173,0.173,1283.28
2024-08-08,S000,SKU012,Beverages,North,Metro,237.61,237.61,0,0.0,End-cap,58,58,68,0,0,0,13781.38,0.251,0.251,3459.13
2024-08-08,S000,SKU017,Beverages,North,Metro,95.97,95.97,0,0.0,,20,20,24,0,0,0,1919.4,0.197,0.197,378.12
2024-08-08,S000,SKU020,Beverages,North,Metro,142.4,142.4,0,0.0,,60,60,344,0,0,0,8544.0,0.233,0.233,1990.75
2024-08-08,S000,SKU030,Beverages,North,Metro,34.82,34.82,0,0.0,Shelf-talker,45,45,88,0,0,0,1566.9,0.331,0.331,518.64
2024-08-09,S000,SKU003,Beverages,North,Metro,164.84,164.84,0,0.0,,49,49,68,0,0,0,8077.16,0.173,0.173,1397.35
2024-08-09,S000,SKU012,Beverages,North,Metro,237.61,237.61,0,0.0,,64,64,5,0,0,0,15207.04,0.251,0.251,3816.97
2024-08-09,S000,SKU017,Beverages,North,Metro,95.97,95.97,0,0.0,End-cap,18,18,6,0,0,0,1727.46,0.197,0.197,340.31
2024-08-09,S000,SKU020,Beverages,North,Metro,142.4,142.4,0,0.0,,60,60,285,0,0,0,8544.0,0.233,0.233,1990.75
2024-08-09,S000,SKU030,Beverages,North,Metro,34.82,34.82,0,0.0,,47,47,41,0,0,0,1636.54,0.331,0.331,541.69
2024-08-10,S000,SKU003,Beverages,North,Metro,164.84,164.84,0,0.0,,40,40,28,1,0,0,6593.6,0.173,0.173,1140.69
2024-08-10,S000,SKU012,Beverages,North,Metro,237.61,237.61,0,0.0,End-cap,5,94,0,1,0,0,1188.05,0.251,0.251,298.2
2024-08-10,S000,SKU017,Beverages,North,Metro,95.97,95.97,0,0.0,End-cap,6,26,0,1,0,0,575.82,0.197,0.197,113.44
2024-08-10,S000,SKU020,Beverages,North,Metro,142.4,142.4,0,0.0,,63,63,222,1,0,0,8971.2,0.233,0.233,2090.29
2024-08-10,S000,SKU030,Beverages,North,Metro,34.82,34.82,0,0.0,,41,65,0,1,0,0,1427.62,0.331,0.331,472.54
2024-08-11,S000,SKU003,Beverages,North,Metro,164.84,164.84,0,0.0,,48,48,304,1,0,0,7912.32,0.173,0.173,1368.83
2024-08-11,S000,SKU012,Beverages,North,Metro,237.61,237.61,0,0.0,End-cap,74,74,316,1,0,0,17583.14,0.251,0.251,4413.37
2024-08-11,S000,SKU017,Beverages,North,Metro,95.97,95.97,0,0.0,Floor-stack,22,22,118,1,0,0,2111.34,0.197,0.197,415.93
2024-08-11,S000,SKU020,Beverages,North,Metro,142.4,142.4,0,0.0,End-cap,85,85,611,1,0,0,12104.0,0.233,0.233,2820.23
2024-08-11,S000,SKU030,Beverages,North,Metro,34.82,34.82,0,0.0,Floor-stack,54,54,415,1,0,0,1880.28,0.331,0.331,622.37
2024-08-12,S000,SKU003,Beverages,North,Metro,164.84,164.84,0,0.0,Floor-stack,37,37,267,0,0,0,6099.08,0.173,0.173,1055.14
2024-08-12,S000,SKU012,Beverages,North,Metro,237.61,237.61,0,0.0,,48,48,268,0,0,0,11405.28,0.251,0.251,2862.73
2024-08-12,S000,SKU017,Beverages,North,Metro,95.97,95.97,0,0.0,,15,15,102,0,0,0,1439.55,0.197,0.197,283.59
2024-08-12,S000,SKU020,Beverages,North,Metro,142.4,142.4,0,0.0,,63,63,548,0,0,0,8971.2,0.233,0.233,2090.29
2024-08-12,S000,SKU030,Beverages,North,Metro,34.82,34.82,0,0.0,Shelf-talker,45,45,370,0,0,0,1566.9,0.331,0.331,518.64
2024-08-13,S000,SKU003,Beverages,North,Metro,164.84,164.84,0,0.0,,43,43,224,0,0,0,7088.12,0.173,0.173,1226.24
2024-08-13,S000,SKU012,Beverages,North,Metro,237.61,237.61,0,0.0,End-cap,40,40,228,0,0,0,9504.4,0.251,0.251,2385.6
2024-08-13,S000,SKU017,Beverages,North,Metro,95.97,95.97,0,0.0,Floor-stack,18,18,85,0,0,0,1727.46,0.197,0.197,340.31
2024-08-13,S000,SKU020,Beverages,North,Metro,142.4,142.4,0,0.0,End-cap,73,73,475,0,0,0,10395.2,0.233,0.233,2422.08
2024-08-13,S000,SKU030,Beverages,North,Metro,34.82,34.82,0,0.0,,37,37,333,0,0,0,1288.34,0.331,0.331,426.44
2024-08-14,S000,SKU003,Beverages,North,Metro,164.84,164.84,0,0.0,,56,56,168,0,0,0,9231.04,0.173,0.173,1596.97
2024-08-14,S000,SKU012,Beverages,North,Metro,237.61,237.61,0,0.0,Shelf-talker,69,69,158,0,0,0,16395.09,0.251,0.251,4115.17
2024-08-14,S000,SKU017,Beverages,North,Metro,95.97,95.97,0,0.0,End-cap,23,23,61,0,0,0,2207.31,0.197,0.197,434.84
2024-08-14,S000,SKU020,Beverages,North,Metro,142.4,142.4,0,0.0,Shelf-talker,66,66,409,0,0,0,9398.4,0.233,0.233,2189.83
2024-08-14,S000,SKU030,Beverages,North,Metro,34.82,34.82,0,0.0,Shelf-talker,42,42,290,0,0,0,1462.44,0.331,0.331,484.07
2024-08-15,S000,SKU003,Beverages,North,Metro,164.84,164.84,0,0.0,,59,59,109,0,0,0,9725.56,0.173,0.173,1682.52
2024-08-15,S000,SKU012,Beverages,North,Metro,237.61,237.61,0,0.0,Shelf-talker,59,59,99,0,0,0,14018.99,0.251,0.251,3518.77
2024-08-15,S000,SKU017,Beverages,North,Metro,95.97,95.97,0,0.0,Floor-stack,15,15,47,0,0,0,1439.55,0.197,0.197,283.59
2024-08-15,S000,SKU020,Beverages,North,Metro,142.4,142.4,0,0.0,,54,54,355,0,0,0,7689.6,0.233,0.233,1791.68
2024-08-15,S000,SKU030,Beverages,North,Metro,34.82,34.82,0,0.0,Shelf-talker,52,52,238,0,0,0,1810.64,0.331,0.331,599.32
2024-08-16,S000,SKU003,Beverages,North,Metro,164.84,164.84,0,0.0,,37,37,72,0,0,0,6099.08,0.173,0.173,1055.14
2024-08-16,S000,SKU012,Beverages,North,Metro,237.61,237.61,0,0.0,,52,52,47,0,0,0,12355.72,0.251,0.251,3101.29
2024-08-16,S000,SKU017,Beverages,North,Metro,95.97,95.97,0,0.0,,15,15,32,0,0,0,1439.55,0.197,0.197,283.59
2024-08-16,S000,SKU020,Beverages,North,Metro,142.4,142.4,0,0.0,Floor-stack,71,71,285,0,0,0,10110.4,0.233,0.233,2355.72
2024-08-16,S000,SKU030,Beverages,North,Metro,34.82,34.82,0,0.0,,59,59,179,0,0,0,2054.38,0.331,0.331,680.0
2024-08-17,S000,SKU003,Beverages,North,Metro,164.84,164.84,0,0.0,,60,60,12,1,0,0,9890.4,0.173,0.173,1711.04
2024-08-17,S000,SKU012,Beverages,North,Metro,237.61,237.61,0,0.0,,47,47,1,1,0,0,11167.67,0.251,0.251,2803.09
2024-08-17,S000,SKU017,Beverages,North,Metro,95.97,95.97,0,0.0,End-cap,26,26,5,1,0,0,2495.22,0.197,0.197,491.56
2024-08-17,S000,SKU020,Beverages,North,Metro,142.4,142.4,0,0.0,,76,76,209,1,0,0,10822.4,0.233,0.233,2521.62
2024-08-17,S000,SKU030,Beverages,North,Metro,34.82,34.82,0,0.0,,73,73,106,1,0,0,2541.86,0.331,0.331,841.36
2024-08-18,S000,SKU003,Beverages,North,Metro,164.84,164.84,0,0.0,,78,78,346,1,0,1,12857.52,0.173,0.173,2224.35
2024-08-18,S000,SKU012,Beverages,North,Metro,237.61,237.61,0,0.0,Floor-stack,71,71,396,1,0,1,16870.31,0.251,0.251,4234.45
2024-08-18,S000,SKU017,Beverages,North,Metro,95.97,95.97,0,0.0,Shelf-talker,29,29,149,1,0,1,2783.13,0.197,0.197,548.28
2024-08-18,S000,SKU020,Beverages,North,Metro,142.4,142.4,0,0.0,,107,107,597,1,0,1,15236.8,0.233,0.233,3550.17
2024-08-18,S000,SKU030,Beverages,North,Metro,34.82,34.82,0,0.0,,88,88,357,1,0,1,3064.16,0.331,0.331,1014.24
2024-08-19,S000,SKU003,Beverages,North,Metro,164.84,164.84,0,0.0,End-cap,46,46,300,0,0,0,7582.64,0.173,0.173,1311.8
2024-08-19,S000,SKU012,Beverages,North,Metro,237.61,237.61,0,0.0,End-cap,58,58,338,0,0,0,13781.38,0.251,0.251,3459.13
2024-08-19,S000,SKU017,Beverages,North,Metro,95.97,95.97,0,0.0,Shelf-talker,21,21,128,0,0,0,2015.37,0.197,0.197,397.03
2024-08-19,S000,SKU020,Beverages,North,Metro,142.4,142.4,0,0.0,Shelf-talker,65,65,533,0,0,0,9256.0,0.233,0.233,2156.65
2024-08-19,S000,SKU030,Beverages,North,Metro,34.82,34.82,0,0.0,,36,36,321,0,0,0,1253.52,0.331,0.331,414.92
2024-08-20,S000,SKU003,Beverages,North,Metro,164.84,164.84,0,0.0,End-cap,46,46,253,0,0,0,7582.64,0.173,0.173,1311.8
2024-08-20,S000,SKU012,Beverages,North,Metro,237.61,237.61,0,0.0,,55,55,283,0,0,0,13068.55,0.251,0.251,3280.21
2024-08-20,S000,SKU017,Beverages,North,Metro,95.97,95.97,0,0.0,,22,22,106,0,0,0,2111.34,0.197,0.197,415.93
2024-08-20,S000,SKU020,Beverages,North,Metro,142.4,142.4,0,0.0,,56,56,477,0,0,0,7974.4,0.233,0.233,1858.04
2024-08-20,S000,SKU030,Beverages,North,Metro,34.82,34.82,0,0.0,,42,42,279,0,0,0,1462.44,0.331,0.331,484.07
2024-08-21,S000,SKU003,Beverages,North,Metro,164.84,164.84,0,0.0,End-cap,46,46,208,0,0,0,7582.64,0.173,0.173,1311.8
2024-08-21,S000,SKU012,Beverages,North,Metro,237.61,237.61,0,0.0,,34,34,249,0,0,0,8078.74,0.251,0.251,2027.76
2024-08-21,S000,SKU017,Beverages,North,Metro,95.97,95.97,0,0.0,,20,20,85,0,0,0,1919.4,0.197,0.197,378.12
2024-08-21,S000,SKU020,Beverages,North,Metro,142.4,142.4,0,0.0,,58,58,419,0,0,0,8259.2,0.233,0.233,1924.39
2024-08-21,S000,SKU030,Beverages,North,Metro,34.82,34.82,0,0.0,Floor-stack,48,48,231,0,0,0,1671.36,0.331,0.331,553.22
2024-08-22,S000,SKU003,Beverages,North,Metro,164.84,164.84,0,0.0,Shelf-talker,56,56,151,0,0,0,9231.04,0.173,0.173,1596.97
2024-08-22,S000,SKU012,Beverages,North,Metro,237.61,237.61,0,0.0,End-cap,58,58,191,0,0,0,13781.38,0.251,0.251,3459.13
2024-08-22,S000,SKU017,Beverages,North,Metro,95.97,95.97,0,0.0,,17,17,69,0,0,0,1631.49,0.197,0.197,321.4
2024-08-22,S000,SKU020,Beverages,North,Metro,142.4,142.4,0,0.0,Floor-stack,56,56,363,0,0,0,7974.4,0.233,0.233,1858.04
2024-08-22,S000,SKU030,Beverages,North,Metro,34.82,34.82,0,0.0,End-cap,59,59,172,0,0,0,2054.38,0.331,0.331,680.0
2023-01-01,S000,SKU013,Dairy,North,Metro,259.91,259.91,0,0.0,Shelf-talker,9,9,207,1,1,0,2339.19,0.325,0.325,760.24
2023-01-01,S000,SKU014,Dairy,North,Metro,273.65,273.65,0,0.0,,16,16,265,1,1,0,4378.4,0.32,0.32,1401.09
2023-01-01,S000,SKU023,Dairy,North,Metro,124.66,124.66,0,0.0,Floor-stack,41,41,345,1,1,0,5111.06,0.255,0.255,1303.32
2023-01-01,S000,SKU035,Dairy,North,Metro,313.96,313.96,0,0.0,,17,17,285,1,1,0,5337.32,0.306,0.306,1633.22
2023-01-02,S000,SKU013,Dairy,North,Metro,259.91,259.91,0,0.0,End-cap,7,7,200,0,1,0,1819.37,0.325,0.325,591.3
2023-01-02,S000,SKU014,Dairy,North,Metro,273.65,273.65,0,0.0,Floor-stack,16,16,250,0,1,0,4378.4,0.32,0.32,1401.09
2023-01-02,S000,SKU023,Dairy,North,Metro,124.66,124.66,0,0.0,,33,33,312,0,1,0,4113.78,0.255,0.255,1049.01
2023-01-02,S000,SKU035,Dairy,North,Metro,313.96,313.96,0,0.0,End-cap,20,20,265,0,1,0,6279.2,0.306,0.306,1921.44
2023-01-03,S000,SKU013,Dairy,North,Metro,259.91,259.91,0,0.0,,6,6,193,0,0,0,1559.46,0.325,0.325,506.82
2023-01-03,S000,SKU014,Dairy,North,Metro,273.65,273.65,0,0.0,End-cap,13,13,237,0,0,0,3557.45,0.32,0.32,1138.38
2023-01-03,S000,SKU023,Dairy,North,Metro,124.66,124.66,0,0.0,Shelf-talker,33,33,280,0,0,0,4113.78,0.255,0.255,1049.01
2023-01-03,S000,SKU035,Dairy,North,Metro,313.96,313.96,0,0.0,End-cap,12,12,253,0,0,0,3767.52,0.306,0.306,1152.86
2023-01-04,S000,SKU013,Dairy,North,Metro,259.91,259.91,0,0.0,End-cap,7,7,186,0,0,0,1819.37,0.325,0.325,591.3
2023-01-04,S000,SKU014,Dairy,North,Metro,273.65,273.65,0,0.0,,11,11,226,0,0,0,3010.15,0.32,0.32,963.25
2023-01-04,S000,SKU023,Dairy,North,Metro,124.66,124.66,0,0.0,End-cap,24,24,255,0,0,0,2991.84,0.255,0.255,762.92
2023-01-04,S000,SKU035,Dairy,North,Metro,313.96,313.96,0,0.0,,18,18,235,0,0,0,5651.28,0.306,0.306,1729.29
2023-01-05,S000,SKU013,Dairy,North,Metro,259.91,259.91,0,0.0,End-cap,6,6,180,0,0,0,1559.46,0.325,0.325,506.82
2023-01-05,S000,SKU014,Dairy,North,Metro,273.65,273.65,0,0.0,End-cap,12,12,214,0,0,0,3283.8,0.32,0.32,1050.82
2023-01-05,S000,SKU023,Dairy,North,Metro,124.66,124.66,0,0.0,,29,29,227,0,0,0,3615.14,0.255,0.255,921.86
2023-01-05,S000,SKU035,Dairy,North,Metro,313.96,313.96,0,0.0,End-cap,17,17,218,0,0,0,5337.32,0.306,0.306,1633.22
2023-01-06,S000,SKU013,Dairy,North,Metro,259.91,259.91,0,0.0,,9,9,172,0,0,0,2339.19,0.325,0.325,760.24
2023-01-06,S000,SKU014,Dairy,North,Metro,273.65,273.65,0,0.0,Shelf-talker,16,16,198,0,0,0,4378.4,0.32,0.32,1401.09
2023-01-06,S000,SKU023,Dairy,North,Metro,124.66,124.66,0,0.0,End-cap,38,38,188,0,0,0,4737.08,0.255,0.255,1207.96
2023-01-06,S000,SKU035,Dairy,North,Metro,313.96,313.96,0,0.0,,16,16,203,0,0,0,5023.36,0.306,0.306,1537.15
2023-01-07,S000,SKU013,Dairy,North,Metro,259.91,259.91,0,0.0,End-cap,7,7,165,1,0,0,1819.37,0.325,0.325,591.3
2023-01-07,S000,SKU014,Dairy,North,Metro,273.65,273.65,0,0.0,,19,19,179,1,0,0,5199.35,0.32,0.32,1663.79
2023-01-07,S000,SKU023,Dairy,North,Metro,124.66,124.66,0,0.0,,38,38,150,1,0,0,4737.08,0.255,0.255,1207.96
2023-01-07,S000,SKU035,Dairy,North,Metro,313.96,313.96,0,0.0,,18,18,184,1,0,0,5651.28,0.306,0.306,1729.29
2023-01-08,S000,SKU013,Dairy,North,Metro,259.91,259.91,0,0.0,,8,8,203,1,0,0,2079.28,0.325,0.325,675.77
2023-01-08,S000,SKU014,Dairy,North,Metro,273.65,273.65,0,0.0,,16,16,249,1,0,0,4378.4,0.32,0.32,1401.09
2023-01-08,S000,SKU023,Dairy,North,Metro,124.66,124.66,0,0.0,,30,30,364,1,0,0,3739.8,0.255,0.255,953.65
2023-01-08,S000,SKU035,Dairy,North,Metro,313.96,313.96,0,0.0,,15,15,267,1,0,0,4709.4,0.306,0.306,1441.08
2023-01-09,S000,SKU013,Dairy,North,Metro,259.91,259.91,0,0.0,Floor-stack,6,6,196,0,0,0,1559.46,0.325,0.325,506.82
2023-01-09,S000,SKU014,Dairy,North,Metro,273.65,273.65,0,0.0,End-cap,13,13,236,0,0,0,3557.45,0.32,0.32,1138.38
2023-01-09,S000,SKU023,Dairy,North,Metro,124.66,124.66,0,0.0,Shelf-talker,28,28,336,0,0,0,3490.48,0.255,0.255,890.07
2023-01-09,S000,SKU035,Dairy,North,Metro,313.96,313.96,0,0.0,End-cap,17,17,250,0,0,0,5337.32,0.306,0.306,1633.22
2023-01-10,S000,SKU013,Dairy,North,Metro,259.91,259.91,0,0.0,,6,6,190,0,0,0,1559.46,0.325,0.325,506.82
2023-01-10,S000,SKU014,Dairy,North,Metro,273.65,273.65,0,0.0,Floor-stack,9,9,227,0,0,0,2462.85,0.32,0.32,788.11
2023-01-10,S000,SKU023,Dairy,North,Metro,124.66,124.66,0,0.0,End-cap,18,18,318,0,0,0,2243.88,0.255,0.255,572.19
2023-01-10,S000,SKU035,Dairy,North,Metro,313.96,313.96,0,0.0,,14,14,237,0,0,0,4395.44,0.306,0.306,1345.0
2023-01-11,S000,SKU013,Dairy,North,Metro,259.91,259.91,0,0.0,,8,9,181,0,0,0,2079.28,0.325,0.325,675.77
2023-01-11,S000,SKU014,Dairy,North,Metro,273.65,273.65,0,0.0,End-cap,15,16,211,0,0,0,4104.75,0.32,0.32,1313.52
2023-01-11,S000,SKU023,Dairy,North,Metro,124.66,99.73,1,20.0,,64,64,254,0,0,0,6382.72,0.255,0.135,861.67
2023-01-11,S000,SKU035,Dairy,North,Metro,313.96,313.96,0,0.0,Shelf-talker,16,17,219,0,0,0,5023.36,0.306,0.306,1537.15
2023-01-12,S000,SKU013,Dairy,North,Metro,259.91,259.91,0,0.0,Shelf-talker,6,6,175,0,0,0,1559.46,0.325,0.325,506.82
2023-01-12,S000,SKU014,Dairy,North,Metro,273.65,273.65,0,0.0,,14,15,196,0,0,0,3831.1,0.32,0.32,1225.95
2023-01-12,S000,SKU023,Dairy,North,Metro,124.66,99.73,1,20.0,End-cap,84,84,170,0,0,0,8377.32,0.255,0.135,1130.94
2023-01-12,S000,SKU035,Dairy,North,Metro,313.96,313.96,0,0.0,,18,19,200,0,0,0,5651.28,0.306,0.306,1729.29
2023-01-13,S000,SKU013,Dairy,North,Metro,259.91,259.91,0,0.0,,6,6,169,0,0,0,1559.46,0.325,0.325,506.82
2023-01-13,S000,SKU014,Dairy,North,Metro,273.65,273.65,0,0.0,End-cap,13,14,182,0,0,0,3557.45,0.32,0.32,1138.38
2023-01-13,S000,SKU023,Dairy,North,Metro,124.66,99.73,1,20.0,Floor-stack,51,51,119,0,0,0,5086.23,0.255,0.135,686.64
2023-01-13,S000,SKU035,Dairy,North,Metro,313.96,313.96,0,0.0,,13,14,186,0,0,0,4081.48,0.306,0.306,1248.93
2023-01-14,S000,SKU013,Dairy,North,Metro,259.91,259.91,0,0.0,Floor-stack,7,7,162,1,0,0,1819.37,0.325,0.325,591.3
2023-01-14,S000,SKU014,Dairy,North,Metro,273.65,273.65,0,0.0,,8,9,173,1,0,0,2189.2,0.32,0.32,700.54
2023-01-14,S000,SKU023,Dairy,North,Metro,124.66,99.73,1,20.0,,60,60,59,1,0,0,5983.8,0.255,0.135,807.81
2023-01-14,S000,SKU035,Dairy,North,Metro,313.96,219.77,1,30.0,Floor-stack,53,53,133,1,0,0,11647.81,0.306,0.126,1467.62
2023-01-15,S000,SKU013,Dairy,North,Metro,259.91,259.91,0,0.0,,8,8,209,1,0,0,2079.28,0.325,0.325,675.77
2023-01-15,S000,SKU014,Dairy,North,Metro,273.65,273.65,0,0.0,,15,16,242,1,0,0,4104.75,0.32,0.32,1313.52
2023-01-15,S000,SKU023,Dairy,North,Metro,124.66,99.73,1,20.0,,71,71,235,1,0,0,7080.83,0.255,0.135,955.91
2023-01-15,S000,SKU035,Dairy,North,Metro,313.96,219.77,1,30.0,,44,44,180,1,0,0,9669.88,0.306,0.126,1218.4
2023-01-16,S000,SKU013,Dairy,North,Metro,259.91,259.91,0,0.0,,6,6,203,0,0,0,1559.46,0.325,0.325,506.82
2023-01-16,S000,SKU014,Dairy,North,Metro,273.65,273.65,0,0.0,,11,12,230,0,0,0,3010.15,0.32,0.32,963.25
2023-01-16,S000,SKU023,Dairy,North,Metro,124.66,124.66,0,0.0,,33,35,200,0,0,0,4113.78,0.255,0.255,1049.01
2023-01-16,S000,SKU035,Dairy,North,Metro,313.96,219.77,1,30.0,End-cap,38,38,142,0,0,0,8351.26,0.306,0.126,1052.26
2023-01-17,S000,SKU013,Dairy,North,Metro,259.91,259.91,0,0.0,,5,5,197,0,0,0,1299.55,0.325,0.325,422.35
2023-01-17,S000,SKU014,Dairy,North,Metro,273.65,273.65,0,0.0,,13,14,216,0,0,0,3557.45,0.32,0.32,1138.38
2023-01-17,S000,SKU023,Dairy,North,Metro,124.66,124.66,0,0.0,Floor-stack,37,39,161,0,0,0,4612.42,0.255,0.255,1176.17
2023-01-17,S000,SKU035,Dairy,North,Metro,313.96,219.77,1,30.0,End-cap,26,26,116,0,0,0,5714.02,0.306,0.126,719.97
2023-01-18,S000,SKU013,Dairy,North,Metro,259.91,259.91,0,0.0,,6,6,191,0,0,0,1559.46,0.325,0.325,506.82
2023-01-18,S000,SKU014,Dairy,North,Metro,273.65,273.65,0,0.0,,11,11,205,0,0,0,3010.15,0.32,0.32,963.25
2023-01-18,S000,SKU023,Dairy,North,Metro,124.66,124.66,0,0.0,,30,32,129,0,0,0,3739.8,0.255,0.255,953.65
2023-01-18,S000,SKU035,Dairy,North,Metro,313.96,219.77,1,30.0,Floor-stack,30,30,86,0,0,0,6593.1,0.306,0.126,830.73
2023-01-19,S000,SKU013,Dairy,North,Metro,259.91,259.91,0,0.0,,7,7,184,0,0,0,1819.37,0.325,0.325,591.3
2023-01-19,S000,SKU014,Dairy,North,Metro,273.65,273.65,0,0.0,,11,12,193,0,0,0,3010.15,0.32,0.32,963.25
2023-01-19,S000,SKU023,Dairy,North,Metro,124.66,124.66,0,0.0,,21,23,106,0,0,0,2617.86,0.255,0.255,667.55
2023-01-19,S000,SKU035,Dairy,North,Metro,313.96,219.77,1,30.0,End-cap,30,30,56,0,0,0,6593.1,0.306,0.126,830.73
2023-01-20,S000,SKU013,Dairy,North,Metro,259.91,259.91,0,0.0,,8,8,176,0,0,0,2079.28,0.325,0.325,675.77
2023-01-20,S000,SKU014,Dairy,North,Metro,273.65,273.65,0,0.0,,13,14,179,0,0,0,3557.45,0.32,0.32,1138.38
2023-01-20,S000,SKU023,Dairy,North,Metro,124.66,124.66,0,0.0,End-cap,28,30,77,0,0,0,3490.48,0.255,0.255,890.07
2023-01-20,S000,SKU035,Dairy,North,Metro,313.96,219.77,1,30.0,End-cap,43,43,13,0,0,0,9450.11,0.306,0.126,1190.71
2023-01-21,S000,SKU013,Dairy,North,Metro,259.91,259.91,0,0.0,,8,8,168,1,0,0,2079.28,0.325,0.325,675.77
2023-01-21,S000,SKU014,Dairy,North,Metro,273.65,273.65,0,0.0,End-cap,12,13,166,1,0,0,3283.8,0.32,0.32,1050.82
2023-01-21,S000,SKU023,Dairy,North,Metro,124.66,124.66,0,0.0,,47,49,28,1,0,0,5859.02,0.255,0.255,1494.05
2023-01-21,S000,SKU035,Dairy,North,Metro,313.96,219.77,1,30.0,Shelf-talker,13,40,0,1,0,0,2857.01,0.306,0.126,359.98
2023-01-22,S000,SKU013,Dairy,North,Metro,259.91,259.91,0,0.0,,7,8,204,1,0,0,1819.37,0.325,0.325,591.3
2023-01-22,S000,SKU014,Dairy,North,Metro,273.65,273.65,0,0.0,,13,14,231,1,0,0,3557.45,0.32,0.32,1138.38
2023-01-22,S000,SKU023,Dairy,North,Metro,124.66,124.66,0,0.0,,33,35,184,1,0,0,4113.78,0.255,0.255,1049.01
2023-01-22,S000,SKU035,Dairy,North,Metro,313.96,219.77,1,30.0,Floor-stack,47,47,47,1,0,0,10329.19,0.306,0.126,1301.48
2023-01-23,S000,SKU013,Dairy,North,Metro,259.91,259.91,0,0.0,,6,6,198,0,0,0,1559.46,0.325,0.325,506.82
2023-01-23,S000,SKU014,Dairy,North,Metro,273.65,273.65,0,0.0,,13,13,218,0,0,0,3557.45,0.32,0.32,1138.38
2023-01-23,S000,SKU023,Dairy,North,Metro,124.66,124.66,0,0.0,Shelf-talker,31,31,154,0,0,0,3864.46,0.255,0.255,985.44
2023-01-23,S000,SKU035,Dairy,North,Metro,313.96,313.96,0,0.0,Shelf-talker,15,15,32,0,0,0,4709.4,0.306,0.306,1441.08
2023-01-24,S000,SKU013,Dairy,North,Metro,259.91,259.91,0,0.0,,6,6,192,0,0,0,1559.46,0.325,0.325,506.82
2023-01-24,S000,SKU014,Dairy,North,Metro,273.65,273.65,0,0.0,,15,15,202,0,0,0,4104.75,0.32,0.32,1313.52
2023-01-24,S000,SKU023,Dairy,North,Metro,124.66,124.66,0,0.0,End-cap,31,31,122,0,0,0,3864.46,0.255,0.255,985.44
2023-01-24,S000,SKU035,Dairy,North,Metro,313.96,313.96,0,0.0,,14,14,18,0,0,0,4395.44,0.306,0.306,1345.0
2023-01-25,S000,SKU013,Dairy,North,Metro,259.91,259.91,0,0.0,,5,5,186,0,0,0,1299.55,0.325,0.325,422.35
2023-01-25,S000,SKU014,Dairy,North,Metro,273.65,218.92,1,20.0,Shelf-talker,29,29,174,0,0,0,6348.68,0.32,0.2,1269.74
2023-01-25,S000,SKU023,Dairy,North,Metro,124.66,124.66,0,0.0,,20,21,101,0,0,0,2493.2,0.255,0.255,635.77
2023-01-25,S000,SKU035,Dairy,North,Metro,313.96,313.96,0,0.0,End-cap,10,11,7,0,0,0,3139.6,0.306,0.306,960.72
2023-01-26,S000,SKU013,Dairy,North,Metro,259.91,259.91,0,0.0,,5,5,182,0,0,0,1299.55,0.325,0.325,422.35
2023-01-26,S000,SKU014,Dairy,North,Metro,273.65,218.92,1,20.0,Shelf-talker,30,30,144,0,0,0,6567.6,0.32,0.2,1313.52
2023-01-26,S000,SKU023,Dairy,North,Metro,124.66,124.66,0,0.0,Floor-stack,33,35,66,0,0,0,4113.78,0.255,0.255,1049.01
2023-01-26,S000,SKU035,Dairy,North,Metro,313.96,313.96,0,0.0,,7,10,0,0,0,0,2197.72,0.306,0.306,672.5
2023-01-27,S000,SKU013,Dairy,North,Metro,259.91,259.91,0,0.0,,6,6,176,0,0,0,1559.46,0.325,0.325,506.82
2023-01-27,S000,SKU014,Dairy,North,Metro,273.65,218.92,1,20.0,,25,25,118,0,0,0,5473.0,0.32,0.2,1094.6
2023-01-27,S000,SKU023,Dairy,North,Metro,124.66,124.66,0,0.0,,33,34,32,0,0,0,4113.78,0.255,0.255,1049.01
2023-01-27,S000,SKU035,Dairy,North,Metro,313.96,313.96,0,0.0,,0,14,0,0,0,0,0.0,0.306,0.306,0.0
2023-01-28,S000,SKU013,Dairy,North,Metro,259.91,259.91,0,0.0,,10,11,165,1,1,0,2599.1,0.325,0.325,844.71
2023-01-28,S000,SKU014,Dairy,North,Metro,273.65,218.92,1,20.0,End-cap,45,45,73,1,1,0,9851.4,0.32,0.2,1970.28
2023-01-28,S000,SKU023,Dairy,North,Metro,124.66,124.66,0,0.0,,26,27,5,1,1,0,3241.16,0.255,0.255,826.5
2023-01-28,S000,SKU035,Dairy,North,Metro,313.96,313.96,0,0.0,End-cap,0,20,0,1,1,0,0.0,0.306,0.306,0.0
2023-01-29,S000,SKU013,Dairy,North,Metro,259.91,259.91,0,0.0,,8,9,207,1,1,0,2079.28,0.325,0.325,675.77
2023-01-29,S000,SKU014,Dairy,North,Metro,273.65,218.92,1,20.0,Shelf-talker,24,24,136,1,1,0,5254.08,0.32,0.2,1050.82
2023-01-29,S000,SKU023,Dairy,North,Metro,124.66,124.66,0,0.0,,31,32,231,1,1,0,3864.46,0.255,0.255,985.44
2023-01-29,S000,SKU035,Dairy,North,Metro,313.96,313.96,0,0.0,,17,18,105,1,1,0,5337.32,0.306,0.306,1633.22
2023-01-30,S000,SKU013,Dairy,North,Metro,259.91,259.91,0,0.0,,7,7,199,0,1,0,1819.37,0.325,0.325,591.3
2023-01-30,S000,SKU014,Dairy,North,Metro,273.65,218.92,1,20.0,End-cap,40,40,96,0,1,0,8756.8,0.32,0.2,1751.36
2023-01-30,S000,SKU023,Dairy,North,Metro,124.66,124.66,0,0.0,,27,29,202,0,1,0,3365.82,0.255,0.255,858.28
2023-01-30,S000,SKU035,Dairy,North,Metro,313.96,313.96,0,0.0,End-cap,17,18,87,0,1,0,5337.32,0.306,0.306,1633.22
2023-01-31,S000,SKU013,Dairy,North,Metro,259.91,259.91,0,0.0,Floor-stack,7,7,192,0,1,0,1819.37,0.325,0.325,591.3
2023-01-31,S000,SKU014,Dairy,North,Metro,273.65,273.65,0,0.0,,20,20,76,0,1,0,5473.0,0.32,0.32,1751.36
2023-01-31,S000,SKU023,Dairy,North,Metro,124.66,124.66,0,0.0,End-cap,40,40,162,0,1,0,4986.4,0.255,0.255,1271.53
2023-01-31,S000,SKU035,Dairy,North,Metro,313.96,313.96,0,0.0,,24,24,63,0,1,0,7535.04,0.306,0.306,2305.72
2023-02-01,S000,SKU013,Dairy,North,Metro,259.91,259.91,0,0.0,,10,10,183,0,1,0,2599.1,0.325,0.325,844.71
2023-02-01,S000,SKU014,Dairy,North,Metro,273.65,273.65,0,0.0,,16,16,60,0,1,0,4378.4,0.32,0.32,1401.09
2023-02-01,S000,SKU023,Dairy,North,Metro,124.66,124.66,0,0.0,,31,31,131,0,1,0,3864.46,0.255,0.255,985.44
2023-02-01,S000,SKU035,Dairy,North,Metro,313.96,313.96,0,0.0,Shelf-talker,23,23,40,0,1,0,7221.08,0.306,0.306,2209.65
2023-02-02,S000,SKU013,Dairy,North,Metro,259.91,259.91,0,0.0,,7,7,176,0,1,0,1819.37,0.325,0.325,591.3
2023-02-02,S000,SKU014,Dairy,North,Metro,273.65,273.65,0,0.0,,17,17,43,0,1,0,4652.05,0.32,0.32,1488.66
2023-02-02,S000,SKU023,Dairy,North,Metro,124.66,124.66,0,0.0,,38,38,93,0,1,0,4737.08,0.255,0.255,1207.96
2023-02-02,S000,SKU035,Dairy,North,Metro,313.96,313.96,0,0.0,,18,18,22,0,1,0,5651.28,0.306,0.306,1729.29
2023-02-03,S000,SKU013,Dairy,North,Metro,259.91,259.91,0,0.0,End-cap,7,7,169,0,0,0,1819.37,0.325,0.325,591.3
2023-02-03,S000,SKU014,Dairy,North,Metro,273.65,273.65,0,0.0,,13,13,30,0,0,0,3557.45,0.32,0.32,1138.38
2023-02-03,S000,SKU023,Dairy,North,Metro,124.66,124.66,0,0.0,Floor-stack,29,29,64,0,0,0,3615.14,0.255,0.255,921.86
2023-02-03,S000,SKU035,Dairy,North,Metro,313.96,313.96,0,0.0,,16,16,7,0,0,0,5023.36,0.306,0.306,1537.15
2023-02-04,S000,SKU013,Dairy,North,Metro,259.91,259.91,0,0.0,,8,8,161,1,0,0,2079.28,0.325,0.325,675.77
2023-02-04,S000,SKU014,Dairy,North,Metro,273.65,273.65,0,0.0,,15,15,15,1,0,0,4104.75,0.32,0.32,1313.52
2023-02-04,S000,SKU023,Dairy,North,Metro,124.66,124.66,0,0.0,,38,38,26,1,0,0,4737.08,0.255,0.255,1207.96
2023-02-04,S000,SKU035,Dairy,North,Metro,313.96,313.96,0,0.0,End-cap,7,21,0,1,0,0,2197.72,0.306,0.306,672.5
2023-02-05,S000,SKU013,Dairy,North,Metro,259.91,259.91,0,0.0,,10,11,193,1,0,1,2599.1,0.325,0.325,844.71
2023-02-05,S000,SKU014,Dairy,North,Metro,273.65,273.65,0,0.0,Floor-stack,17,18,87,1,0,1,4652.05,0.32,0.32,1488.66
2023-02-05,S000,SKU023,Dairy,North,Metro,124.66,99.73,1,20.0,,113,113,97,1,0,1,11269.49,0.255,0.135,1521.38
2023-02-05,S000,SKU035,Dairy,North,Metro,313.96,313.96,0,0.0,End-cap,24,25,68,1,0,1,7535.04,0.306,0.306,2305.72
2023-02-06,S000,SKU013,Dairy,North,Metro,259.91,259.91,0,0.0,Shelf-talker,7,7,186,0,0,0,1819.37,0.325,0.325,591.3
2023-02-06,S000,SKU014,Dairy,North,Metro,273.65,273.65,0,0.0,,12,13,74,0,0,0,3283.8,0.32,0.32,1050.82
2023-02-06,S000,SKU023,Dairy,North,Metro,124.66,99.73,1,20.0,,70,70,27,0,0,0,6981.1,0.255,0.135,942.45
2023-02-06,S000,SKU035,Dairy,North,Metro,313.96,313.96,0,0.0,End-cap,16,17,51,0,0,0,5023.36,0.306,0.306,1537.15
2023-02-07,S000,SKU013,Dairy,North,Metro,259.91,259.91,0,0.0,End-cap,7,7,179,0,0,0,1819.37,0.325,0.325,591.3
2023-02-07,S000,SKU014,Dairy,North,Metro,273.65,273.65,0,0.0,,13,14,60,0,0,0,3557.45,0.32,0.32,1138.38
2023-02-07,S000,SKU023,Dairy,North,Metro,124.66,99.73,1,20.0,Shelf-talker,27,66,0,0,0,0,2692.71,0.255,0.135,363.52
2023-02-07,S000,SKU035,Dairy,North,Metro,313.96,313.96,0,0.0,Shelf-talker,15,16,35,0,0,0,4709.4,0.306,0.306,1441.08
2023-02-08,S000,SKU013,Dairy,North,Metro,259.91,259.91,0,0.0,Floor-stack,8,8,172,0,0,0,2079.28,0.325,0.325,675.77
2023-02-08,S000,SKU014,Dairy,North,Metro,273.65,273.65,0,0.0,Floor-stack,14,14,47,0,0,0,3831.1,0.32,0.32,1225.95
2023-02-08,S000,SKU023,Dairy,North,Metro,124.66,99.73,1,20.0,,0,70,0,0,0,0,0.0,0.255,0.135,0.0
2023-02-08,S000,SKU035,Dairy,North,Metro,313.96,313.96,0,0.0,Shelf-talker,16,16,19,0,0,0,5023.36,0.306,0.306,1537.15
2023-02-09,S000,SKU013,Dairy,North,Metro,259.91,259.91,0,0.0,Floor-stack,7,7,165,0,0,0,1819.37,0.325,0.325,591.3
2023-02-09,S000,SKU014,Dairy,North,Metro,273.65,273.65,0,0.0,End-cap,17,17,29,0,0,0,4652.05,0.32,0.32,1488.66
2023-02-09,S000,SKU023,Dairy,North,Metro,124.66,99.73,1,20.0,,0,69,0,0,0,0,0.0,0.255,0.135,0.0
2023-02-09,S000,SKU035,Dairy,North,Metro,313.96,313.96,0,0.0,,14,14,6,0,0,0,4395.44,0.306,0.306,1345.0
2023-02-10,S000,SKU013,Dairy,North,Metro,259.91,259.91,0,0.0,End-cap,9,9,156,0,0,0,2339.19,0.325,0.325,760.24
2023-02-10,S000,SKU014,Dairy,North,Metro,273.65,273.65,0,0.0,,13,13,16,0,0,0,3557.45,0.32,0.32,1138.38
2023-02-10,S000,SKU023,Dairy,North,Metro,124.66,124.66,0,0.0,Shelf-talker,0,29,0,0,0,0,0.0,0.255,0.255,0.0
2023-02-10,S000,SKU035,Dairy,North,Metro,313.96,313.96,0,0.0,,6,16,0,0,0,0,1883.76,0.306,0.306,576.43
2023-02-11,S000,SKU013,Dairy,North,Metro,259.91,259.91,0,0.0,End-cap,8,8,148,1,0,0,2079.28,0.325,0.325,675.77
2023-02-11,S000,SKU014,Dairy,North,Metro,273.65,273.65,0,0.0,Floor-stack,11,11,5,1,0,0,3010.15,0.32,0.32,963.25
2023-02-11,S000,SKU023,Dairy,North,Metro,124.66,124.66,0,0.0,,0,35,0,1,0,0,0.0,0.255,0.255,0.0
2023-02-11,S000,SKU035,Dairy,North,Metro,313.96,313.96,0,0.0,,0,11,0,1,0,0,0.0,0.306,0.306,0.0
2023-02-12,S000,SKU013,Dairy,North,Metro,259.91,259.91,0,0.0,,6,6,187,1,0,0,1559.46,0.325,0.325,506.82
2023-02-12,S000,SKU014,Dairy,North,Metro,273.65,273.65,0,0.0,,20,20,91,1,0,0,5473.0,0.32,0.32,1751.36
2023-02-12,S000,SKU023,Dairy,North,Metro,124.66,124.66,0,0.0,Shelf-talker,50,50,200,1,0,0,6233.0,0.255,0.255,1589.42
2023-02-12,S000,SKU035,Dairy,North,Metro,313.96,313.96,0,0.0,,20,20,101,1,0,0,6279.2,0.306,0.306,1921.44
2023-02-13,S000,SKU013,Dairy,North,Metro,259.91,259.91,0,0.0,Shelf-talker,7,7,180,0,0,0,1819.37,0.325,0.325,591.3
2023-02-13,S000,SKU014,Dairy,North,Metro,273.65,273.65,0,0.0,,10,10,81,0,0,0,2736.5,0.32,0.32,875.68
2023-02-13,S000,SKU023,Dairy,North,Metro,124.66,124.66,0,0.0,End-cap,28,28,172,0,0,0,3490.48,0.255,0.255,890.07
2023-02-13,S000,SKU035,Dairy,North,Metro,313.96,313.96,0,0.0,End-cap,10,10,92,0,0,0,3139.6,0.306,0.306,960.72
2023-02-14,S000,SKU013,Dairy,North,Metro,259.91,259.91,0,0.0,End-cap,7,7,173,0,0,0,1819.37,0.325,0.325,591.3
2023-02-14,S000,SKU014,Dairy,North,Metro,273.65,273.65,0,0.0,,11,11,70,0,0,0,3010.15,0.32,0.32,963.25
2023-02-14,S000,SKU023,Dairy,North,Metro,124.66,124.66,0,0.0,Shelf-talker,38,38,134,0,0,0,4737.08,0.255,0.255,1207.96
2023-02-14,S000,SKU035,Dairy,North,Metro,313.96,313.96,0,0.0,,16,16,76,0,0,0,5023.36,0.306,0.306,1537.15
2023-02-15,S000,SKU013,Dairy,North,Metro,259.91,259.91,0,0.0,,7,7,166,0,0,0,1819.37,0.325,0.325,591.3
2023-02-15,S000,SKU014,Dairy,North,Metro,273.65,273.65,0,0.0,,13,13,56,0,0,0,3557.45,0.32,0.32,1138.38
2023-02-15,S000,SKU023,Dairy,North,Metro,124.66,124.66,0,0.0,,27,27,107,0,0,0,3365.82,0.255,0.255,858.28
2023-02-15,S000,SKU035,Dairy,North,Metro,313.96,313.96,0,0.0,,13,13,63,0,0,0,4081.48,0.306,0.306,1248.93
2023-02-16,S000,SKU013,Dairy,North,Metro,259.91,259.91,0,0.0,,6,6,160,0,0,0,1559.46,0.325,0.325,506.82
2023-02-16,S000,SKU014,Dairy,North,Metro,273.65,191.55,1,30.0,Shelf-talker,31,31,26,0,0,0,5938.05,0.32,0.14,831.33
2023-02-16,S000,SKU023,Dairy,North,Metro,124.66,124.66,0,0.0,Floor-stack,33,35,73,0,0,0,4113.78,0.255,0.255,1049.01
2023-02-16,S000,SKU035,Dairy,North,Metro,313.96,313.96,0,0.0,,18,19,44,0,0,0,5651.28,0.306,0.306,1729.29
2023-02-17,S000,SKU013,Dairy,North,Metro,259.91,259.91,0,0.0,End-cap,4,4,155,0,0,0,1039.64,0.325,0.325,337.88
2023-02-17,S000,SKU014,Dairy,North,Metro,273.65,191.55,1,30.0,,21,21,5,0,0,0,4022.55,0.32,0.14,563.16
2023-02-17,S000,SKU023,Dairy,North,Metro,124.66,124.66,0,0.0,,38,40,32,0,0,0,4737.08,0.255,0.255,1207.96
2023-02-17,S000,SKU035,Dairy,North,Metro,313.96,313.96,0,0.0,End-cap,15,16,29,0,0,0,4709.4,0.306,0.306,1441.08
2023-02-18,S000,SKU013,Dairy,North,Metro,259.91,259.91,0,0.0,,5,5,150,1,0,0,1299.55,0.325,0.325,422.35
2023-02-18,S000,SKU014,Dairy,North,Metro,273.65,191.55,1,30.0,Shelf-talker,5,31,0,1,0,0,957.75,0.32,0.14,134.08
2023-02-18,S000,SKU023,Dairy,North,Metro,124.66,124.66,0,0.0,,31,35,0,1,0,0,3864.46,0.255,0.255,985.44
2023-02-18,S000,SKU035,Dairy,North,Metro,313.96,313.96,0,0.0,Floor-stack,18,19,10,1,0,0,5651.28,0.306,0.306,1729.29
2023-02-19,S000,SKU013,Dairy,North,Metro,259.91,259.91,0,0.0,Shelf-talker,10,11,195,1,0,0,2599.1,0.325,0.325,844.71
2023-02-19,S000,SKU014,Dairy,North,Metro,273.65,191.55,1,30.0,,26,26,75,1,0,0,4980.3,0.32,0.14,697.24
2023-02-19,S000,SKU023,Dairy,North,Metro,124.66,124.66,0,0.0,Shelf-talker,32,33,151,1,0,0,3989.12,0.255,0.255,1017.23
2023-02-19,S000,SKU035,Dairy,North,Metro,313.96,313.96,0,0.0,End-cap,19,20,97,1,0,0,5965.24,0.306,0.306,1825.36
2023-02-20,S000,SKU013,Dairy,North,Metro,259.91,259.91,0,0.0,,6,6,189,0,0,0,1559.46,0.325,0.325,506.82
2023-02-20,S000,SKU014,Dairy,North,Metro,273.65,191.55,1,30.0,Floor-stack,32,32,43,0,0,0,6129.6,0.32,0.14,858.14
2023-02-20,S000,SKU023,Dairy,North,Metro,124.66,124.66,0,0.0,,26,28,123,0,0,0,3241.16,0.255,0.255,826.5
2023-02-20,S000,SKU035,Dairy,North,Metro,313.96,313.96,0,0.0,,12,13,84,0,0,0,3767.52,0.306,0.306,1152.86
2023-02-21,S000,SKU013,Dairy,North,Metro,259.91,259.91,0,0.0,Shelf-talker,8,8,182,0,0,0,2079.28,0.325,0.325,675.77
2023-02-21,S000,SKU014,Dairy,North,Metro,273.65,191.55,1,30.0,,35,35,8,0,0,0,6704.25,0.32,0.14,938.6
2023-02-21,S000,SKU023,Dairy,North,Metro,124.66,124.66,0,0.0,,28,30,93,0,0,0,3490.48,0.255,0.255,890.07
2023-02-21,S000,SKU035,Dairy,North,Metro,313.96,313.96,0,0.0,,17,18,65,0,0,0,5337.32,0.306,0.306,1633.22
2023-02-22,S000,SKU013,Dairy,North,Metro,259.91,259.91,0,0.0,,5,5,177,0,0,0,1299.55,0.325,0.325,422.35
2023-02-22,S000,SKU014,Dairy,North,Metro,273.65,191.55,1,30.0,Floor-stack,8,22,0,0,0,0,1532.4,0.32,0.14,214.54
2023-02-22,S000,SKU023,Dairy,North,Metro,124.66,124.66,0,0.0,End-cap,31,32,61,0,0,0,3864.46,0.255,0.255,985.44
2023-02-22,S000,SKU035,Dairy,North,Metro,313.96,313.96,0,0.0,,16,17,48,0,0,0,5023.36,0.306,0.306,1537.15
2023-02-23,S000,SKU013,Dairy,North,Metro,259.91,259.91,0,0.0,End-cap,5,5,171,0,0,0,1299.55,0.325,0.325,422.35
2023-02-23,S000,SKU014,Dairy,North,Metro,273.65,191.55,1,30.0,,0,34,0,0,0,0,0.0,0.32,0.14,0.0
2023-02-23,S000,SKU023,Dairy,North,Metro,124.66,124.66,0,0.0,,30,30,31,0,0,0,3739.8,0.255,0.255,953.65
2023-02-23,S000,SKU035,Dairy,North,Metro,313.96,313.96,0,0.0,,14,14,34,0,0,0,4395.44,0.306,0.306,1345.0
2023-02-24,S000,SKU013,Dairy,North,Metro,259.91,259.91,0,0.0,,8,8,164,0,0,0,2079.28,0.325,0.325,675.77
2023-02-24,S000,SKU014,Dairy,North,Metro,273.65,273.65,0,0.0,Shelf-talker,0,15,0,0,0,0,0.0,0.32,0.32,0.0
2023-02-24,S000,SKU023,Dairy,North,Metro,124.66,124.66,0,0.0,,28,28,3,0,0,0,3490.48,0.255,0.255,890.07
2023-02-24,S000,SKU035,Dairy,North,Metro,313.96,313.96,0,0.0,End-cap,12,12,22,0,0,0,3767.52,0.306,0.306,1152.86
2023-02-25,S000,SKU013,Dairy,North,Metro,259.91,259.91,0,0.0,,8,8,156,1,0,0,2079.28,0.325,0.325,675.77
2023-02-25,S000,SKU014,Dairy,North,Metro,273.65,273.65,0,0.0,Shelf-talker,0,14,0,1,0,0,0.0,0.32,0.32,0.0
2023-02-25,S000,SKU023,Dairy,North,Metro,124.66,124.66,0,0.0,,3,51,0,1,0,0,373.98,0.255,0.255,95.36
2023-02-25,S000,SKU035,Dairy,North,Metro,313.96,313.96,0,0.0,Floor-stack,18,18,4,1,0,0,5651.28,0.306,0.306,1729.29
2023-02-26,S000,SKU013,Dairy,North,Metro,259.91,259.91,0,0.0,,9,9,187,1,0,0,2339.19,0.325,0.325,760.24
2023-02-26,S000,SKU014,Dairy,North,Metro,273.65,273.65,0,0.0,End-cap,10,10,82,1,0,0,2736.5,0.32,0.32,875.68
2023-02-26,S000,SKU023,Dairy,North,Metro,124.66,124.66,0,0.0,,36,36,159,1,0,0,4487.76,0.255,0.255,1144.38
2023-02-26,S000,SKU035,Dairy,North,Metro,313.96,313.96,0,0.0,,18,18,94,1,0,0,5651.28,0.306,0.306,1729.29
2023-02-27,S000,SKU013,Dairy,North,Metro,259.91,259.91,0,0.0,,7,7,180,0,0,0,1819.37,0.325,0.325,591.3
2023-02-27,S000,SKU014,Dairy,North,Metro,273.65,273.65,0,0.0,,10,10,72,0,0,0,2736.5,0.32,0.32,875.68
2023-02-27,S000,SKU023,Dairy,North,Metro,124.66,124.66,0,0.0,End-cap,27,27,132,0,0,0,3365.82,0.255,0.255,858.28
2023-02-27,S000,SKU035,Dairy,North,Metro,313.96,313.96,0,0.0,,12,12,82,0,0,0,3767.52,0.306,0.306,1152.86
2023-02-28,S000,SKU013,Dairy,North,Metro,259.91,259.91,0,0.0,,8,8,173,0,1,0,2079.28,0.325,0.325,675.77
2023-02-28,S000,SKU014,Dairy,North,Metro,273.65,273.65,0,0.0,End-cap,13,13,58,0,1,0,3557.45,0.32,0.32,1138.38
2023-02-28,S000,SKU023,Dairy,North,Metro,124.66,124.66,0,0.0,End-cap,41,41,91,0,1,0,5111.06,0.255,0.255,1303.32
2023-02-28,S000,SKU035,Dairy,North,Metro,313.96,313.96,0,0.0,,16,16,66,0,1,0,5023.36,0.306,0.306,1537.15
2023-03-01,S000,SKU013,Dairy,North,Metro,259.91,259.91,0,0.0,Shelf-talker,7,7,166,0,1,0,1819.37,0.325,0.325,591.3
2023-03-01,S000,SKU014,Dairy,North,Metro,273.65,273.65,0,0.0,End-cap,19,19,39,0,1,0,5199.35,0.32,0.32,1663.79
2023-03-01,S000,SKU023,Dairy,North,Metro,124.66,124.66,0,0.0,,41,41,50,0,1,0,5111.06,0.255,0.255,1303.32
2023-03-01,S000,SKU035,Dairy,North,Metro,313.96,313.96,0,0.0,End-cap,16,16,50,0,1,0,5023.36,0.306,0.306,1537.15
2023-03-02,S000,SKU013,Dairy,North,Metro,259.91,259.91,0,0.0,,6,6,160,0,1,0,1559.46,0.325,0.325,506.82
2023-03-02,S000,SKU014,Dairy,North,Metro,273.65,273.65,0,0.0,End-cap,15,15,25,0,1,0,4104.75,0.32,0.32,1313.52
2023-03-02,S000,SKU023,Dairy,North,Metro,124.66,124.66,0,0.0,,45,45,5,0,1,0,5609.7,0.255,0.255,1430.47
2023-03-02,S000,SKU035,Dairy,North,Metro,313.96,313.96,0,0.0,Floor-stack,17,17,32,0,1,0,5337.32,0.306,0.306,1633.22
2023-03-03,S000,SKU013,Dairy,North,Metro,259.91,259.91,0,0.0,End-cap,8,8,151,0,0,0,2079.28,0.325,0.325,675.77
2023-03-03,S000,SKU014,Dairy,North,Metro,273.65,273.65,0,0.0,End-cap,10,10,14,0,0,0,2736.5,0.32,0.32,875.68
2023-03-03,S000,SKU023,Dairy,North,Metro,124.66,124.66,0,0.0,,5,41,0,0,0,0,623.3,0.255,0.255,158.94
2023-03-03,S000,SKU035,Dairy,North,Metro,313.96,313.96,0,0.0,,15,15,17,0,0,0,4709.4,0.306,0.306,1441.08
2023-03-04,S000,SKU013,Dairy,North,Metro,259.91,259.91,0,0.0,End-cap,11,11,140,1,0,0,2859.01,0.325,0.325,929.18
2023-03-04,S000,SKU014,Dairy,North,Metro,273.65,273.65,0,0.0,Floor-stack,14,16,0,1,0,0,3831.1,0.32,0.32,1225.95
2023-03-04,S000,SKU023,Dairy,North,Metro,124.66,124.66,0,0.0,,0,40,0,1,0,0,0.0,0.255,0.255,0.0
2023-03-04,S000,SKU035,Dairy,North,Metro,313.96,313.96,0,0.0,,17,21,0,1,0,0,5337.32,0.306,0.306,1633.22
2023-03-05,S000,SKU013,Dairy,North,Metro,259.91,259.91,0,0.0,,7,7,190,1,0,0,1819.37,0.325,0.325,591.3
2023-03-05,S000,SKU014,Dairy,North,Metro,273.65,273.65,0,0.0,Floor-stack,12,12,68,1,0,0,3283.8,0.32,0.32,1050.82
2023-03-05,S000,SKU023,Dairy,North,Metro,124.66,124.66,0,0.0,,36,36,172,1,0,0,4487.76,0.255,0.255,1144.38
2023-03-05,S000,SKU035,Dairy,North,Metro,313.96,313.96,0,0.0,,19,19,102,1,0,0,5965.24,0.306,0.306,1825.36
2023-03-06,S000,SKU013,Dairy,North,Metro,259.91,259.91,0,0.0,Shelf-talker,5,5,185,0,0,0,1299.55,0.325,0.325,422.35
2023-03-06,S000,SKU014,Dairy,North,Metro,273.65,273.65,0,0.0,,14,14,54,0,0,0,3831.1,0.32,0.32,1225.95
2023-03-06,S000,SKU023,Dairy,North,Metro,124.66,124.66,0,0.0,End-cap,20,20,151,0,0,0,2493.2,0.255,0.255,635.77
2023-03-06,S000,SKU035,Dairy,North,Metro,313.96,313.96,0,0.0,End-cap,16,16,85,0,0,0,5023.36,0.306,0.306,1537.15
2023-03-07,S000,SKU013,Dairy,North,Metro,259.91,259.91,0,0.0,Shelf-talker,6,6,178,0,0,0,1559.46,0.325,0.325,506.82
2023-03-07,S000,SKU014,Dairy,North,Metro,273.65,273.65,0,0.0,,11,11,44,0,0,0,3010.15,0.32,0.32,963.25
2023-03-07,S000,SKU023,Dairy,North,Metro,124.66,124.66,0,0.0,,25,25,126,0,0,0,3116.5,0.255,0.255,794.71
2023-03-07,S000,SKU035,Dairy,North,Metro,313.96,313.96,0,0.0,,16,16,69,0,0,0,5023.36,0.306,0.306,1537.15
2023-03-08,S000,SKU013,Dairy,North,Metro,259.91,259.91,0,0.0,Shelf-talker,7,7,171,0,0,0,1819.37,0.325,0.325,591.3
2023-03-08,S000,SKU014,Dairy,North,Metro,273.65,273.65,0,0.0,,11,11,33,0,0,0,3010.15,0.32,0.32,963.25
2023-03-08,S000,SKU023,Dairy,North,Metro,124.66,124.66,0,0.0,End-cap,32,32,94,0,0,0,3989.12,0.255,0.255,1017.23
2023-03-08,S000,SKU035,Dairy,North,Metro,313.96,313.96,0,0.0,,15,15,54,0,0,0,4709.4,0.306,0.306,1441.08
2023-03-09,S000,SKU013,Dairy,North,Metro,259.91,259.91,0,0.0,Shelf-talker,7,7,165,0,0,0,1819.37,0.325,0.325,591.3
2023-03-09,S000,SKU014,Dairy,North,Metro,273.65,273.65,0,0.0,End-cap,14,14,19,0,0,0,3831.1,0.32,0.32,1225.95
2023-03-09,S000,SKU023,Dairy,North,Metro,124.66,124.66,0,0.0,,24,24,70,0,0,0,2991.84,0.255,0.255,762.92
2023-03-09,S000,SKU035,Dairy,North,Metro,313.96,313.96,0,0.0,End-cap,17,17,37,0,0,0,5337.32,0.306,0.306,1633.22
2023-03-10,S000,SKU013,Dairy,North,Metro,259.91,259.91,0,0.0,End-cap,7,7,157,0,0,0,1819.37,0.325,0.325,591.3
2023-03-10,S000,SKU014,Dairy,North,Metro,273.65,273.65,0,0.0,Floor-stack,17,17,3,0,0,0,4652.05,0.32,0.32,1488.66
2023-03-10,S000,SKU023,Dairy,North,Metro,124.66,124.66,0,0.0,,22,22,48,0,0,0,2742.52,0.255,0.255,699.34
2023-03-10,S000,SKU035,Dairy,North,Metro,313.96,313.96,0,0.0,,8,8,29,0,0,0,2511.68,0.306,0.306,768.57
2023-03-11,S000,SKU013,Dairy,North,Metro,259.91,259.91,0,0.0,Floor-stack,8,8,149,1,0,0,2079.28,0.325,0.325,675.77
2023-03-11,S000,SKU014,Dairy,North,Metro,273.65,273.65,0,0.0,,3,22,0,1,0,0,820.95,0.32,0.32,262.7
2023-03-11,S000,SKU023,Dairy,North,Metro,124.66,124.66,0,0.0,,38,38,10,1,0,0,4737.08,0.255,0.255,1207.96
2023-03-11,S000,SKU035,Dairy,North,Metro,313.96,313.96,0,0.0,,18,18,12,1,0,0,5651.28,0.306,0.306,1729.29
2023-03-12,S000,SKU013,Dairy,North,Metro,259.91,207.93,1,20.0,,17,17,178,1,0,0,3534.81,0.325,0.205,724.64
2023-03-12,S000,SKU014,Dairy,North,Metro,273.65,273.65,0,0.0,,12,13,85,1,0,0,3283.8,0.32,0.32,1050.82
2023-03-12,S000,SKU023,Dairy,North,Metro,124.66,124.66,0,0.0,,42,43,208,1,0,0,5235.72,0.255,0.255,1335.11
2023-03-12,S000,SKU035,Dairy,North,Metro,313.96,313.96,0,0.0,,16,17,99,1,0,0,5023.36,0.306,0.306,1537.15
2023-03-13,S000,SKU013,Dairy,North,Metro,259.91,207.93,1,20.0,,21,21,157,0,0,0,4366.53,0.325,0.205,895.14
2023-03-13,S000,SKU014,Dairy,North,Metro,273.65,273.65,0,0.0,,10,11,74,0,0,0,2736.5,0.32,0.32,875.68
2023-03-13,S000,SKU023,Dairy,North,Metro,124.66,124.66,0,0.0,End-cap,28,29,179,0,0,0,3490.48,0.255,0.255,890.07
2023-03-13,S000,SKU035,Dairy,North,Metro,313.96,313.96,0,0.0,,15,16,83,0,0,0,4709.4,0.306,0.306,1441.08
2023-03-14,S000,SKU013,Dairy,North,Metro,259.91,207.93,1,20.0,End-cap,13,13,144,0,0,0,2703.09,0.325,0.205,554.13
2023-03-14,S000,SKU014,Dairy,North,Metro,273.65,273.65,0,0.0,,13,14,60,0,0,0,3557.45,0.32,0.32,1138.38
2023-03-14,S000,SKU023,Dairy,North,Metro,124.66,124.66,0,0.0,End-cap,34,36,144,0,0,0,4238.44,0.255,0.255,1080.8
2023-03-14,S000,SKU035,Dairy,North,Metro,313.96,313.96,0,0.0,End-cap,14,14,69,0,0,0,4395.44,0.306,0.306,1345.0
2023-03-15,S000,SKU013,Dairy,North,Metro,259.91,207.93,1,20.0,,19,19,126,0,0,0,3950.67,0.325,0.205,809.89
2023-03-15,S000,SKU014,Dairy,North,Metro,273.65,273.65,0,0.0,Floor-stack,14,15,44,0,0,0,3831.1,0.32,0.32,1225.95
2023-03-15,S000,SKU023,Dairy,North,Metro,124.66,124.66,0,0.0,Floor-stack,33,34,110,0,0,0,4113.78,0.255,0.255,1049.01
2023-03-15,S000,SKU035,Dairy,North,Metro,313.96,313.96,0,0.0,,16,17,53,0,0,0,5023.36,0.306,0.306,1537.15
2023-03-16,S000,SKU013,Dairy,North,Metro,259.91,207.93,1,20.0,End-cap,18,18,108,0,0,0,3742.74,0.325,0.205,767.26
2023-03-16,S000,SKU014,Dairy,North,Metro,273.65,273.65,0,0.0,End-cap,7,8,37,0,0,0,1915.55,0.32,0.32,612.98
2023-03-16,S000,SKU023,Dairy,North,Metro,124.66,124.66,0,0.0,,36,37,73,0,0,0,4487.76,0.255,0.255,1144.38
2023-03-16,S000,SKU035,Dairy,North,Metro,313.96,313.96,0,0.0,End-cap,16,17,35,0,0,0,5023.36,0.306,0.306,1537.15
2023-03-17,S000,SKU013,Dairy,North,Metro,259.91,207.93,1,20.0,,16,16,92,0,0,0,3326.88,0.325,0.205,682.01
2023-03-17,S000,SKU014,Dairy,North,Metro,273.65,273.65,0,0.0,,13,13,24,0,0,0,3557.45,0.32,0.32,1138.38
2023-03-17,S000,SKU023,Dairy,North,Metro,124.66,124.66,0,0.0,,41,43,30,0,0,0,5111.06,0.255,0.255,1303.32
2023-03-17,S000,SKU035,Dairy,North,Metro,313.96,313.96,0,0.0,,11,11,24,0,0,0,3453.56,0.306,0.306,1056.79
2023-03-18,S000,SKU013,Dairy,North,Metro,259.91,259.91,0,0.0,,5,5,87,1,0,0,1299.55,0.325,0.325,422.35
2023-03-18,S000,SKU014,Dairy,North,Metro,273.65,273.65,0,0.0,,14,14,9,1,0,0,3831.1,0.32,0.32,1225.95
2023-03-18,S000,SKU023,Dairy,North,Metro,124.66,124.66,0,0.0,Shelf-talker,30,56,0,1,0,0,3739.8,0.255,0.255,953.65
2023-03-18,S000,SKU035,Dairy,North,Metro,313.96,313.96,0,0.0,,20,20,4,1,0,0,6279.2,0.306,0.306,1921.44
2023-03-19,S000,SKU013,Dairy,North,Metro,259.91,259.91,0,0.0,Shelf-talker,8,8,131,1,0,0,2079.28,0.325,0.325,675.77
2023-03-19,S000,SKU014,Dairy,North,Metro,273.65,273.65,0,0.0,,10,10,106,1,0,0,2736.5,0.32,0.32,875.68
2023-03-19,S000,SKU023,Dairy,North,Metro,124.66,124.66,0,0.0,End-cap,43,43,212,1,0,0,5360.38,0.255,0.255,1366.9
2023-03-19,S000,SKU035,Dairy,North,Metro,313.96,313.96,0,0.0,,15,15,113,1,0,0,4709.4,0.306,0.306,1441.08
2023-03-20,S000,SKU013,Dairy,North,Metro,259.91,259.91,0,0.0,,6,6,124,0,0,0,1559.46,0.325,0.325,506.82
2023-03-20,S000,SKU014,Dairy,North,Metro,273.65,273.65,0,0.0,End-cap,10,10,97,0,0,0,2736.5,0.32,0.32,875.68
2023-03-20,S000,SKU023,Dairy,North,Metro,124.66,124.66,0,0.0,,28,28,184,0,0,0,3490.48,0.255,0.255,890.07
2023-03-20,S000,SKU035,Dairy,North,Metro,313.96,313.96,0,0.0,End-cap,17,17,97,0,0,0,5337.32,0.306,0.306,1633.22
2023-03-21,S000,SKU013,Dairy,North,Metro,259.91,259.91,0,0.0,,7,7,118,0,0,0,1819.37,0.325,0.325,591.3
2023-03-21,S000,SKU014,Dairy,North,Metro,273.65,273.65,0,0.0,End-cap,11,11,85,0,0,0,3010.15,0.32,0.32,963.25
2023-03-21,S000,SKU023,Dairy,North,Metro,124.66,124.66,0,0.0,,31,31,153,0,0,0,3864.46,0.255,0.255,985.44
2023-03-21,S000,SKU035,Dairy,North,Metro,313.96,313.96,0,0.0,,14,14,83,0,0,0,4395.44,0.306,0.306,1345.0
2023-03-22,S000,SKU013,Dairy,North,Metro,259.91,259.91,0,0.0,End-cap,5,5,112,0,0,0,1299.55,0.325,0.325,422.35
2023-03-22,S000,SKU014,Dairy,North,Metro,273.65,273.65,0,0.0,,13,13,72,0,0,0,3557.45,0.32,0.32,1138.38
2023-03-22,S000,SKU023,Dairy,North,Metro,124.66,124.66,0,0.0,,39,39,114,0,0,0,4861.74,0.255,0.255,1239.74
2023-03-22,S000,SKU035,Dairy,North,Metro,313.96,313.96,0,0.0,End-cap,13,13,70,0,0,0,4081.48,0.306,0.306,1248.93
2023-03-23,S000,SKU013,Dairy,North,Metro,259.91,259.91,0,0.0,Shelf-talker,10,10,102,0,0,1,2599.1,0.325,0.325,844.71
2023-03-23,S000,SKU014,Dairy,North,Metro,273.65,273.65,0,0.0,,20,20,52,0,0,1,5473.0,0.32,0.32,1751.36
2023-03-23,S000,SKU023,Dairy,North,Metro,124.66,124.66,0,0.0,,34,34,79,0,0,1,4238.44,0.255,0.255,1080.8
2023-03-23,S000,SKU035,Dairy,North,Metro,313.96,313.96,0,0.0,,14,14,56,0,0,1,4395.44,0.306,0.306,1345.0
2023-03-24,S000,SKU013,Dairy,North,Metro,259.91,259.91,0,0.0,Shelf-talker,8,8,94,0,0,0,2079.28,0.325,0.325,675.77
2023-03-24,S000,SKU014,Dairy,North,Metro,273.65,218.92,1,20.0,Floor-stack,27,27,25,0,0,0,5910.84,0.32,0.2,1182.17
2023-03-24,S000,SKU023,Dairy,North,Metro,124.66,124.66,0,0.0,End-cap,37,39,41,0,0,0,4612.42,0.255,0.255,1176.17
2023-03-24,S000,SKU035,Dairy,North,Metro,313.96,313.96,0,0.0,Shelf-talker,14,15,40,0,0,0,4395.44,0.306,0.306,1345.0
2023-03-25,S000,SKU013,Dairy,North,Metro,259.91,259.91,0,0.0,,9,10,84,1,0,0,2339.19,0.325,0.325,760.24
2023-03-25,S000,SKU014,Dairy,North,Metro,273.65,218.92,1,20.0,Shelf-talker,25,37,0,1,0,0,5473.0,0.32,0.2,1094.6
2023-03-25,S000,SKU023,Dairy,North,Metro,124.66,124.66,0,0.0,,35,37,4,1,0,0,4363.1,0.255,0.255,1112.59
2023-03-25,S000,SKU035,Dairy,North,Metro,313.96,313.96,0,0.0,,14,15,25,1,0,0,4395.44,0.306,0.306,1345.0
2023-03-26,S000,SKU013,Dairy,North,Metro,259.91,259.91,0,0.0,Shelf-talker,8,8,118,1,0,0,2079.28,0.325,0.325,675.77
2023-03-26,S000,SKU014,Dairy,North,Metro,273.65,218.92,1,20.0,End-cap,32,32,46,1,0,0,7005.44,0.32,0.2,1401.09
2023-03-26,S000,SKU023,Dairy,North,Metro,124.66,124.66,0,0.0,Floor-stack,37,39,201,1,0,0,4612.42,0.255,0.255,1176.17
2023-03-26,S000,SKU035,Dairy,North,Metro,313.96,313.96,0,0.0,Shelf-talker,13,14,106,1,0,0,4081.48,0.306,0.306,1248.93
2023-03-27,S000,SKU013,Dairy,North,Metro,259.91,259.91,0,0.0,End-cap,5,5,113,0,0,0,1299.55,0.325,0.325,422.35
2023-03-27,S000,SKU014,Dairy,North,Metro,273.65,218.92,1,20.0,,23,23,24,0,0,0,5035.16,0.32,0.2,1007.03
2023-03-27,S000,SKU023,Dairy,North,Metro,124.66,124.66,0,0.0,,25,26,174,0,0,0,3116.5,0.255,0.255,794.71
2023-03-27,S000,SKU035,Dairy,North,Metro,313.96,313.96,0,0.0,,15,16,91,0,0,0,4709.4,0.306,0.306,1441.08
2023-03-28,S000,SKU013,Dairy,North,Metro,259.91,259.91,0,0.0,Shelf-talker,7,8,104,0,1,0,1819.37,0.325,0.325,591.3
2023-03-28,S000,SKU014,Dairy,North,Metro,273.65,218.92,1,20.0,Floor-stack,24,29,0,0,1,0,5254.08,0.32,0.2,1050.82
2023-03-28,S000,SKU023,Dairy,North,Metro,124.66,124.66,0,0.0,Shelf-talker,26,27,147,0,1,0,3241.16,0.255,0.255,826.5
2023-03-28,S000,SKU035,Dairy,North,Metro,313.96,313.96,0,0.0,Floor-stack,20,21,70,0,1,0,6279.2,0.306,0.306,1921.44
2023-03-29,S000,SKU013,Dairy,North,Metro,259.91,259.91,0,0.0,,10,10,94,0,1,0,2599.1,0.325,0.325,844.71
2023-03-29,S000,SKU014,Dairy,North,Metro,273.65,218.92,1,20.0,End-cap,0,34,0,0,1,0,0.0,0.32,0.2,0.0
2023-03-29,S000,SKU023,Dairy,North,Metro,124.66,124.66,0,0.0,,34,34,113,0,1,0,4238.44,0.255,0.255,1080.8
2023-03-29,S000,SKU035,Dairy,North,Metro,313.96,313.96,0,0.0,Shelf-talker,19,19,50,0,1,0,5965.24,0.306,0.306,1825.36
2023-03-30,S000,SKU013,Dairy,North,Metro,259.91,259.91,0,0.0,,8,8,86,0,1,0,2079.28,0.325,0.325,675.77
2023-03-30,S000,SKU014,Dairy,North,Metro,273.65,273.65,0,0.0,Floor-stack,0,18,0,0,1,0,0.0,0.32,0.32,0.0
2023-03-30,S000,SKU023,Dairy,North,Metro,124.66,124.66,0,0.0,End-cap,44,44,69,0,1,0,5485.04,0.255,0.255,1398.69
2023-03-30,S000,SKU035,Dairy,North,Metro,313.96,313.96,0,0.0,,13,13,37,0,1,0,4081.48,0.306,0.306,1248.93
2023-03-31,S000,SKU013,Dairy,North,Metro,259.91,259.91,0,0.0,,9,9,77,0,1,0,2339.19,0.325,0.325,760.24
2023-03-31,S000,SKU014,Dairy,North,Metro,273.65,273.65,0,0.0,,0,15,0,0,1,0,0.0,0.32,0.32,0.0
2023-03-31,S000,SKU023,Dairy,North,Metro,124.66,124.66,0,0.0,Shelf-talker,31,31,38,0,1,0,3864.46,0.255,0.255,985.44
2023-03-31,S000,SKU035,Dairy,North,Metro,313.96,313.96,0,0.0,End-cap,17,17,20,0,1,0,5337.32,0.306,0.306,1633.22
2023-04-01,S000,SKU013,Dairy,North,Metro,259.91,259.91,0,0.0,End-cap,9,9,68,1,1,0,2339.19,0.325,0.325,760.24
2023-04-01,S000,SKU014,Dairy,North,Metro,273.65,273.65,0,0.0,,0,15,0,1,1,0,0.0,0.32,0.32,0.0
2023-04-01,S000,SKU023,Dairy,North,Metro,124.66,124.66,0,0.0,,38,55,0,1,1,0,4737.08,0.255,0.255,1207.96
2023-04-01,S000,SKU035,Dairy,North,Metro,313.96,313.96,0,0.0,,20,24,0,1,1,0,6279.2,0.306,0.306,1921.44
2023-04-02,S000,SKU013,Dairy,North,Metro,259.91,259.91,0,0.0,,9,9,111,1,1,0,2339.19,0.325,0.325,760.24
2023-04-02,S000,SKU014,Dairy,North,Metro,273.65,273.65,0,0.0,,19,19,86,1,1,0,5199.35,0.32,0.32,1663.79
2023-04-02,S000,SKU023,Dairy,North,Metro,124.66,124.66,0,0.0,,38,38,202,1,1,0,4737.08,0.255,0.255,1207.96
2023-04-02,S000,SKU035,Dairy,North,Metro,313.96,313.96,0,0.0,Floor-stack,21,21,99,1,1,0,6593.16,0.306,0.306,2017.51
2023-04-03,S000,SKU013,Dairy,North,Metro,259.91,259.91,0,0.0,,7,7,104,0,0,0,1819.37,0.325,0.325,591.3
2023-04-03,S000,SKU014,Dairy,North,Metro,273.65,273.65,0,0.0,Shelf-talker,14,14,72,0,0,0,3831.1,0.32,0.32,1225.95
2023-04-03,S000,SKU023,Dairy,North,Metro,124.66,124.66,0,0.0,,25,25,178,0,0,0,3116.5,0.255,0.255,794.71
2023-04-03,S000,SKU035,Dairy,North,Metro,313.96,313.96,0,0.0,,16,16,83,0,0,0,5023.36,0.306,0.306,1537.15
2023-04-04,S000,SKU013,Dairy,North,Metro,259.91,259.91,0,0.0,End-cap,7,7,97,0,0,0,1819.37,0.325,0.325,591.3
2023-04-04,S000,SKU014,Dairy,North,Metro,273.65,273.65,0,0.0,End-cap,15,15,56,0,0,0,4104.75,0.32,0.32,1313.52
2023-04-04,S000,SKU023,Dairy,North,Metro,124.66,124.66,0,0.0,,32,32,146,0,0,0,3989.12,0.255,0.255,1017.23
2023-04-04,S000,SKU035,Dairy,North,Metro,313.96,313.96,0,0.0,,14,14,69,0,0,0,4395.44,0.306,0.306,1345.0
2023-04-05,S000,SKU013,Dairy,North,Metro,259.91,259.91,0,0.0,,7,7,90,0,0,0,1819.37,0.325,0.325,591.3
2023-04-05,S000,SKU014,Dairy,North,Metro,273.65,273.65,0,0.0,,11,11,45,0,0,0,3010.15,0.32,0.32,963.25
2023-04-05,S000,SKU023,Dairy,North,Metro,124.66,124.66,0,0.0,Shelf-talker,34,34,112,0,0,0,4238.44,0.255,0.255,1080.8
2023-04-05,S000,SKU035,Dairy,North,Metro,313.96,313.96,0,0.0,,14,14,55,0,0,0,4395.44,0.306,0.306,1345.0
2023-04-06,S000,SKU013,Dairy,North,Metro,259.91,259.91,0,0.0,,7,7,83,0,0,0,1819.37,0.325,0.325,591.3
2023-04-06,S000,SKU014,Dairy,North,Metro,273.65,273.65,0,0.0,Floor-stack,11,11,34,0,0,0,3010.15,0.32,0.32,963.25
2023-04-06,S000,SKU023,Dairy,North,Metro,124.66,124.66,0,0.0,End-cap,31,31,81,0,0,0,3864.46,0.255,0.255,985.44
2023-04-06,S000,SKU035,Dairy,North,Metro,313.96,313.96,0,0.0,Shelf-talker,13,13,42,0,0,0,4081.48,0.306,0.306,1248.93
2023-04-07,S000,SKU013,Dairy,North,Metro,259.91,259.91,0,0.0,,7,7,76,0,0,0,1819.37,0.325,0.325,591.3
2023-04-07,S000,SKU014,Dairy,North,Metro,273.65,273.65,0,0.0,Floor-stack,14,14,20,0,0,0,3831.1,0.32,0.32,1225.95
2023-04-07,S000,SKU023,Dairy,North,Metro,124.66,124.66,0,0.0,Shelf-talker,31,31,49,0,0,0,3864.46,0.255,0.255,985.44
2023-04-07,S000,SKU035,Dairy,North,Metro,313.96,313.96,0,0.0,Floor-stack,17,17,25,0,0,0,5337.32,0.306,0.306,1633.22
2023-04-08,S000,SKU013,Dairy,North,Metro,259.91,259.91,0,0.0,Shelf-talker,11,12,64,1,0,1,2859.01,0.325,0.325,929.18
2023-04-08,S000,SKU014,Dairy,North,Metro,273.65,164.19,1,40.0,,20,45,0,1,0,1,3283.8,0.32,0.08,262.7
2023-04-08,S000,SKU023,Dairy,North,Metro,124.66,124.66,0,0.0,,46,61,0,1,0,1,5734.36,0.255,0.255,1462.26
2023-04-08,S000,SKU035,Dairy,North,Metro,313.96,313.96,0,0.0,,23,27,0,1,0,1,7221.08,0.306,0.306,2209.65
2023-04-09,S000,SKU013,Dairy,North,Metro,259.91,259.91,0,0.0,End-cap,7,7,113,1,0,0,1819.37,0.325,0.325,591.3
2023-04-09,S000,SKU014,Dairy,North,Metro,273.65,164.19,1,40.0,End-cap,35,35,47,1,0,0,5746.65,0.32,0.08,459.73
2023-04-09,S000,SKU023,Dairy,North,Metro,124.66,124.66,0,0.0,Shelf-talker,36,38,167,1,0,0,4487.76,0.255,0.255,1144.38
2023-04-09,S000,SKU035,Dairy,North,Metro,313.96,313.96,0,0.0,,16,17,111,1,0,0,5023.36,0.306,0.306,1537.15
2023-04-10,S000,SKU013,Dairy,North,Metro,259.91,259.91,0,0.0,End-cap,6,6,108,0,0,0,1559.46,0.325,0.325,506.82
2023-04-10,S000,SKU014,Dairy,North,Metro,273.65,164.19,1,40.0,End-cap,38,38,9,0,0,0,6239.22,0.32,0.08,499.14
2023-04-10,S000,SKU023,Dairy,North,Metro,124.66,124.66,0,0.0,End-cap,26,28,139,0,0,0,3241.16,0.255,0.255,826.5
2023-04-10,S000,SKU035,Dairy,North,Metro,313.96,313.96,0,0.0,End-cap,16,17,93,0,0,0,5023.36,0.306,0.306,1537.15
2023-04-11,S000,SKU013,Dairy,North,Metro,259.91,259.91,0,0.0,Floor-stack,7,7,101,0,0,0,1819.37,0.325,0.325,591.3
2023-04-11,S000,SKU014,Dairy,North,Metro,273.65,164.19,1,40.0,,9,23,0,0,0,0,1477.71,0.32,0.08,118.22
2023-04-11,S000,SKU023,Dairy,North,Metro,124.66,124.66,0,0.0,,23,24,115,0,0,0,2867.18,0.255,0.255,731.13
2023-04-11,S000,SKU035,Dairy,North,Metro,313.96,313.96,0,0.0,,10,11,82,0,0,0,3139.6,0.306,0.306,960.72
2023-04-12,S000,SKU013,Dairy,North,Metro,259.91,259.91,0,0.0,End-cap,7,7,94,0,0,0,1819.37,0.325,0.325,591.3
2023-04-12,S000,SKU014,Dairy,North,Metro,273.65,164.19,1,40.0,End-cap,0,43,0,0,0,0,0.0,0.32,0.08,0.0
2023-04-12,S000,SKU023,Dairy,North,Metro,124.66,124.66,0,0.0,Shelf-talker,37,37,78,0,0,0,4612.42,0.255,0.255,1176.17
2023-04-12,S000,SKU035,Dairy,North,Metro,313.96,313.96,0,0.0,Floor-stack,15,15,67,0,0,0,4709.4,0.306,0.306,1441.08
2023-04-13,S000,SKU013,Dairy,North,Metro,259.91,259.91,0,0.0,,6,6,88,0,0,0,1559.46,0.325,0.325,506.82
2023-04-13,S000,SKU014,Dairy,North,Metro,273.65,273.65,0,0.0,,0,11,0,0,0,0,0.0,0.32,0.32,0.0
2023-04-13,S000,SKU023,Dairy,North,Metro,124.66,124.66,0,0.0,,28,28,50,0,0,0,3490.48,0.255,0.255,890.07
2023-04-13,S000,SKU035,Dairy,North,Metro,313.96,313.96,0,0.0,,11,11,56,0,0,0,3453.56,0.306,0.306,1056.79
2023-04-14,S000,SKU013,Dairy,North,Metro,259.91,259.91,0,0.0,End-cap,7,7,81,0,0,0,1819.37,0.325,0.325,591.3
2023-04-14,S000,SKU014,Dairy,North,Metro,273.65,273.65,0,0.0,Floor-stack,0,15,0,0,0,0,0.0,0.32,0.32,0.0
2023-04-14,S000,SKU023,Dairy,North,Metro,124.66,124.66,0,0.0,,29,29,21,0,0,0,3615.14,0.255,0.255,921.86
2023-04-14,S000,SKU035,Dairy,North,Metro,313.96,313.96,0,0.0,End-cap,12,12,44,0,0,0,3767.52,0.306,0.306,1152.86
2023-04-15,S000,SKU013,Dairy,North,Metro,259.91,259.91,0,0.0,Floor-stack,10,10,72,1,0,0,2599.1,0.325,0.325,844.71
2023-04-15,S000,SKU014,Dairy,North,Metro,273.65,273.65,0,0.0,Shelf-talker,0,15,0,1,0,0,0.0,0.32,0.32,0.0
2023-04-15,S000,SKU023,Dairy,North,Metro,124.66,124.66,0,0.0,Shelf-talker,21,45,0,1,0,0,2617.86,0.255,0.255,667.55
2023-04-15,S000,SKU035,Dairy,North,Metro,313.96,313.96,0,0.0,,14,14,30,1,0,0,4395.44,0.306,0.306,1345.0
2023-04-16,S000,SKU013,Dairy,North,Metro,259.91,259.91,0,0.0,,10,10,112,1,0,0,2599.1,0.325,0.325,844.71
2023-04-16,S000,SKU014,Dairy,North,Metro,273.65,273.65,0,0.0,Floor-stack,16,16,83,1,0,0,4378.4,0.32,0.32,1401.09
2023-04-16,S000,SKU023,Dairy,North,Metro,124.66,124.66,0,0.0,,52,52,209,1,0,0,6482.32,0.255,0.255,1652.99
2023-04-16,S000,SKU035,Dairy,North,Metro,313.96,313.96,0,0.0,Floor-stack,17,17,111,1,0,0,5337.32,0.306,0.306,1633.22
2023-04-17,S000,SKU013,Dairy,North,Metro,259.91,259.91,0,0.0,End-cap,8,8,103,0,0,0,2079.28,0.325,0.325,675.77
2023-04-17,S000,SKU014,Dairy,North,Metro,273.65,273.65,0,0.0,Shelf-talker,12,12,71,0,0,0,3283.8,0.32,0.32,1050.82
2023-04-17,S000,SKU023,Dairy,North,Metro,124.66,124.66,0,0.0,,32,32,178,0,0,0,3989.12,0.255,0.255,1017.23
2023-04-17,S000,SKU035,Dairy,North,Metro,313.96,313.96,0,0.0,End-cap,17,17,94,0,0,0,5337.32,0.306,0.306,1633.22
2023-04-18,S000,SKU013,Dairy,North,Metro,259.91,259.91,0,0.0,,5,5,98,0,0,0,1299.55,0.325,0.325,422.35
2023-04-18,S000,SKU014,Dairy,North,Metro,273.65,273.65,0,0.0,,15,15,56,0,0,0,4104.75,0.32,0.32,1313.52
2023-04-18,S000,SKU023,Dairy,North,Metro,124.66,124.66,0,0.0,,30,30,148,0,0,0,3739.8,0.255,0.255,953.65
2023-04-18,S000,SKU035,Dairy,North,Metro,313.96,313.96,0,0.0,Floor-stack,15,15,79,0,0,0,4709.4,0.306,0.306,1441.08
2023-04-19,S000,SKU013,Dairy,North,Metro,259.91,259.91,0,0.0,Shelf-talker,5,5,93,0,0,0,1299.55,0.325,0.325,422.35
2023-04-19,S000,SKU014,Dairy,North,Metro,273.65,273.65,0,0.0,,12,12,44,0,0,0,3283.8,0.32,0.32,1050.82
2023-04-19,S000,SKU023,Dairy,North,Metro,124.66,124.66,0,0.0,Shelf-talker,30,30,118,0,0,0,3739.8,0.255,0.255,953.65
2023-04-19,S000,SKU035,Dairy,North,Metro,313.96,313.96,0,0.0,,14,14,65,0,0,0,4395.44,0.306,0.306,1345.0
2023-04-20,S000,SKU013,Dairy,North,Metro,259.91,259.91,0,0.0,End-cap,6,6,86,0,0,0,1559.46,0.325,0.325,506.82
2023-04-20,S000,SKU014,Dairy,North,Metro,273.65,273.65,0,0.0,End-cap,11,11,33,0,0,0,3010.15,0.32,0.32,963.25
2023-04-20,S000,SKU023,Dairy,North,Metro,124.66,124.66,0,0.0,,28,28,90,0,0,0,3490.48,0.255,0.255,890.07
2023-04-20,S000,SKU035,Dairy,North,Metro,313.96,313.96,0,0.0,,15,15,50,0,0,0,4709.4,0.306,0.306,1441.08
2023-04-21,S000,SKU013,Dairy,North,Metro,259.91,259.91,0,0.0,Floor-stack,7,7,80,0,0,0,1819.37,0.325,0.325,591.3
2023-04-21,S000,SKU014,Dairy,North,Metro,273.65,273.65,0,0.0,,17,17,16,0,0,0,4652.05,0.32,0.32,1488.66
2023-04-21,S000,SKU023,Dairy,North,Metro,124.66,124.66,0,0.0,,28,28,61,0,0,0,3490.48,0.255,0.255,890.07
2023-04-21,S000,SKU035,Dairy,North,Metro,313.96,313.96,0,0.0,,10,10,41,0,0,0,3139.6,0.306,0.306,960.72
2023-04-22,S000,SKU013,Dairy,North,Metro,259.91,259.91,0,0.0,End-cap,8,8,72,1,0,0,2079.28,0.325,0.325,675.77
2023-04-22,S000,SKU014,Dairy,North,Metro,273.65,273.65,0,0.0,End-cap,16,16,1,1,0,0,4378.4,0.32,0.32,1401.09
2023-04-22,S000,SKU023,Dairy,North,Metro,124.66,124.66,0,0.0,,35,35,26,1,0,0,4363.1,0.255,0.255,1112.59
2023-04-22,S000,SKU035,Dairy,North,Metro,313.96,313.96,0,0.0,Shelf-talker,21,21,20,1,0,0,6593.16,0.306,0.306,2017.51
2023-04-23,S000,SKU013,Dairy,North,Metro,259.91,259.91,0,0.0,,7,7,111,1,0,0,1819.37,0.325,0.325,591.3
2023-04-23,S000,SKU014,Dairy,North,Metro,273.65,273.65,0,0.0,,14,14,69,1,0,0,3831.1,0.32,0.32,1225.95
2023-04-23,S000,SKU023,Dairy,North,Metro,124.66,124.66,0,0.0,,44,44,197,1,0,0,5485.04,0.255,0.255,1398.69
2023-04-23,S000,SKU035,Dairy,North,Metro,313.96,313.96,0,0.0,,11,11,122,1,0,0,3453.56,0.306,0.306,1056.79
2023-04-24,S000,SKU013,Dairy,North,Metro,259.91,259.91,0,0.0,,6,6,104,0,0,0,1559.46,0.325,0.325,506.82
2023-04-24,S000,SKU014,Dairy,North,Metro,273.65,273.65,0,0.0,,9,9,60,0,0,0,2462.85,0.32,0.32,788.11
2023-04-24,S000,SKU023,Dairy,North,Metro,124.66,124.66,0,0.0,,30,30,167,0,0,0,3739.8,0.255,0.255,953.65
2023-04-24,S000,SKU035,Dairy,North,Metro,313.96,313.96,0,0.0,,13,13,109,0,0,0,4081.48,0.306,0.306,1248.93
2023-04-25,S000,SKU013,Dairy,North,Metro,259.91,259.91,0,0.0,Floor-stack,7,7,97,0,0,0,1819.37,0.325,0.325,591.3
2023-04-25,S000,SKU014,Dairy,North,Metro,273.65,273.65,0,0.0,,17,17,43,0,0,0,4652.05,0.32,0.32,1488.66
2023-04-25,S000,SKU023,Dairy,North,Metro,124.66,124.66,0,0.0,Shelf-talker,38,38,129,0,0,0,4737.08,0.255,0.255,1207.96
2023-04-25,S000,SKU035,Dairy,North,Metro,313.96,313.96,0,0.0,End-cap,15,15,94,0,0,0,4709.4,0.306,0.306,1441.08
2023-04-26,S000,SKU013,Dairy,North,Metro,259.91,259.91,0,0.0,,5,5,92,0,0,0,1299.55,0.325,0.325,422.35
2023-04-26,S000,SKU014,Dairy,North,Metro,273.65,273.65,0,0.0,End-cap,11,11,31,0,0,0,3010.15,0.32,0.32,963.25
2023-04-26,S000,SKU023,Dairy,North,Metro,124.66,124.66,0,0.0,Shelf-talker,30,30,100,0,0,0,3739.8,0.255,0.255,953.65
2023-04-26,S000,SKU035,Dairy,North,Metro,313.96,313.96,0,0.0,,16,16,78,0,0,0,5023.36,0.306,0.306,1537.15
2023-04-27,S000,SKU013,Dairy,North,Metro,259.91,259.91,0,0.0,,10,10,83,0,0,0,2599.1,0.325,0.325,844.71
2023-04-27,S000,SKU014,Dairy,North,Metro,273.65,273.65,0,0.0,,17,17,14,0,0,0,4652.05,0.32,0.32,1488.66
2023-04-27,S000,SKU023,Dairy,North,Metro,124.66,124.66,0,0.0,Shelf-talker,28,28,71,0,0,0,3490.48,0.255,0.255,890.07
2023-04-27,S000,SKU035,Dairy,North,Metro,313.96,313.96,0,0.0,Shelf-talker,16,16,62,0,0,0,5023.36,0.306,0.306,1537.15
2023-04-28,S000,SKU013,Dairy,North,Metro,259.91,259.91,0,0.0,End-cap,8,8,75,0,1,0,2079.28,0.325,0.325,675.77
2023-04-28,S000,SKU014,Dairy,North,Metro,273.65,273.65,0,0.0,End-cap,14,16,0,0,1,0,3831.1,0.32,0.32,1225.95
2023-04-28,S000,SKU023,Dairy,North,Metro,124.66,124.66,0,0.0,End-cap,44,44,28,0,1,0,5485.04,0.255,0.255,1398.69
2023-04-28,S000,SKU035,Dairy,North,Metro,313.96,313.96,0,0.0,Shelf-talker,18,18,44,0,1,0,5651.28,0.306,0.306,1729.29
2023-04-29,S000,SKU013,Dairy,North,Metro,259.91,259.91,0,0.0,,11,11,63,1,1,0,2859.01,0.325,0.325,929.18
2023-04-29,S000,SKU014,Dairy,North,Metro,273.65,273.65,0,0.0,,0,18,0,1,1,0,0.0,0.32,0.32,0.0
2023-04-29,S000,SKU023,Dairy,North,Metro,124.66,124.66,0,0.0,,28,43,0,1,1,0,3490.48,0.255,0.255,890.07
2023-04-29,S000,SKU035,Dairy,North,Metro,313.96,313.96,0,0.0,,27,27,17,1,1,0,8476.92,0.306,0.306,2593.94
2023-04-30,S000,SKU013,Dairy,North,Metro,259.91,259.91,0,0.0,,8,8,109,1,1,0,2079.28,0.325,0.325,675.77
2023-04-30,S000,SKU014,Dairy,North,Metro,273.65,273.65,0,0.0,Shelf-talker,18,18,78,1,1,0,4925.7,0.32,0.32,1576.22
2023-04-30,S000,SKU023,Dairy,North,Metro,124.66,124.66,0,0.0,,42,42,214,1,1,0,5235.72,0.255,0.255,1335.11
2023-04-30,S000,SKU035,Dairy,North,Metro,313.96,313.96,0,0.0,End-cap,29,29,105,1,1,0,9104.84,0.306,0.306,2786.08
2023-05-01,S000,SKU013,Dairy,North,Metro,259.91,259.91,0,0.0,,8,8,101,0,1,0,2079.28,0.325,0.325,675.77
2023-05-01,S000,SKU014,Dairy,North,Metro,273.65,273.65,0,0.0,End-cap,20,20,57,0,1,0,5473.0,0.32,0.32,1751.36
2023-05-01,S000,SKU023,Dairy,North,Metro,124.66,124.66,0,0.0,,35,35,179,0,1,0,4363.1,0.255,0.255,1112.59
2023-05-01,S000,SKU035,Dairy,North,Metro,313.96,313.96,0,0.0,,17,17,87,0,1,0,5337.32,0.306,0.306,1633.22
2023-05-02,S000,SKU013,Dairy,North,Metro,259.91,259.91,0,0.0,,8,8,93,0,1,0,2079.28,0.325,0.325,675.77
2023-05-02,S000,SKU014,Dairy,North,Metro,273.65,273.65,0,0.0,End-cap,9,9,48,0,1,0,2462.85,0.32,0.32,788.11
2023-05-02,S000,SKU023,Dairy,North,Metro,124.66,124.66,0,0.0,,44,44,135,0,1,0,5485.04,0.255,0.255,1398.69
2023-05-02,S000,SKU035,Dairy,North,Metro,313.96,313.96,0,0.0,,17,17,70,0,1,0,5337.32,0.306,0.306,1633.22
2023-05-03,S000,SKU013,Dairy,North,Metro,259.91,259.91,0,0.0,End-cap,8,8,85,0,0,0,2079.28,0.325,0.325,675.77
2023-05-03,S000,SKU014,Dairy,North,Metro,273.65,205.24,1,25.0,,28,28,21,0,0,0,5746.72,0.32,0.17,976.94
2023-05-03,S000,SKU023,Dairy,North,Metro,124.66,124.66,0,0.0,End-cap,29,31,103,0,0,0,3615.14,0.255,0.255,921.86
2023-05-03,S000,SKU035,Dairy,North,Metro,313.96,313.96,0,0.0,Shelf-talker,14,14,56,0,0,0,4395.44,0.306,0.306,1345.0
2023-05-04,S000,SKU013,Dairy,North,Metro,259.91,259.91,0,0.0,,6,6,79,0,0,0,1559.46,0.325,0.325,506.82
2023-05-04,S000,SKU014,Dairy,North,Metro,273.65,205.24,1,25.0,,21,25,0,0,0,0,4310.04,0.32,0.17,732.71
2023-05-04,S000,SKU023,Dairy,North,Metro,124.66,124.66,0,0.0,,35,36,67,0,0,0,4363.1,0.255,0.255,1112.59
2023-05-04,S000,SKU035,Dairy,North,Metro,313.96,313.96,0,0.0,,12,13,43,0,0,0,3767.52,0.306,0.306,1152.86
2023-05-05,S000,SKU013,Dairy,North,Metro,259.91,259.91,0,0.0,,8,8,71,0,0,0,2079.28,0.325,0.325,675.77
2023-05-05,S000,SKU014,Dairy,North,Metro,273.65,205.24,1,25.0,,0,26,0,0,0,0,0.0,0.32,0.17,0.0
2023-05-05,S000,SKU023,Dairy,North,Metro,124.66,124.66,0,0.0,End-cap,28,28,38,0,0,0,3490.48,0.255,0.255,890.07
2023-05-05,S000,SKU035,Dairy,North,Metro,313.96,313.96,0,0.0,Floor-stack,16,16,27,0,0,0,5023.36,0.306,0.306,1537.15
2023-05-06,S000,SKU013,Dairy,North,Metro,259.91,259.91,0,0.0,Shelf-talker,6,6,65,1,0,0,1559.46,0.325,0.325,506.82
2023-05-06,S000,SKU014,Dairy,North,Metro,273.65,205.24,1,25.0,End-cap,0,34,0,1,0,0,0.0,0.32,0.17,0.0
2023-05-06,S000,SKU023,Dairy,North,Metro,124.66,124.66,0,0.0,,38,44,0,1,0,0,4737.08,0.255,0.255,1207.96
2023-05-06,S000,SKU035,Dairy,North,Metro,313.96,313.96,0,0.0,,23,23,4,1,0,0,7221.08,0.306,0.306,2209.65
2023-05-07,S000,SKU013,Dairy,North,Metro,259.91,259.91,0,0.0,,10,10,108,1,0,0,2599.1,0.325,0.325,844.71
2023-05-07,S000,SKU014,Dairy,North,Metro,273.65,205.24,1,25.0,,31,31,52,1,0,0,6362.44,0.32,0.17,1081.61
2023-05-07,S000,SKU023,Dairy,North,Metro,124.66,124.66,0,0.0,,37,39,206,1,0,0,4612.42,0.255,0.255,1176.17
2023-05-07,S000,SKU035,Dairy,North,Metro,313.96,313.96,0,0.0,,9,10,90,1,0,0,2825.64,0.306,0.306,864.65
2023-05-08,S000,SKU013,Dairy,North,Metro,259.91,259.91,0,0.0,End-cap,7,7,101,0,0,0,1819.37,0.325,0.325,591.3
2023-05-08,S000,SKU014,Dairy,North,Metro,273.65,205.24,1,25.0,Shelf-talker,28,28,25,0,0,0,5746.72,0.32,0.17,976.94
2023-05-08,S000,SKU023,Dairy,North,Metro,124.66,124.66,0,0.0,Floor-stack,33,34,172,0,0,0,4113.78,0.255,0.255,1049.01
2023-05-08,S000,SKU035,Dairy,North,Metro,313.96,313.96,0,0.0,,13,14,76,0,0,0,4081.48,0.306,0.306,1248.93
2023-05-09,S000,SKU013,Dairy,North,Metro,259.91,259.91,0,0.0,,5,5,96,0,0,0,1299.55,0.325,0.325,422.35
2023-05-09,S000,SKU014,Dairy,North,Metro,273.65,205.24,1,25.0,Shelf-talker,25,27,0,0,0,0,5131.0,0.32,0.17,872.27
2023-05-09,S000,SKU023,Dairy,North,Metro,124.66,124.66,0,0.0,,34,35,137,0,0,0,4238.44,0.255,0.255,1080.8
2023-05-09,S000,SKU035,Dairy,North,Metro,313.96,313.96,0,0.0,,18,19,57,0,0,0,5651.28,0.306,0.306,1729.29
2023-05-10,S000,SKU013,Dairy,North,Metro,259.91,259.91,0,0.0,,9,9,87,0,0,0,2339.19,0.325,0.325,760.24
2023-05-10,S000,SKU014,Dairy,North,Metro,273.65,205.24,1,25.0,,0,20,0,0,0,0,0.0,0.32,0.17,0.0
2023-05-10,S000,SKU023,Dairy,North,Metro,124.66,124.66,0,0.0,,25,25,112,0,0,0,3116.5,0.255,0.255,794.71
2023-05-10,S000,SKU035,Dairy,North,Metro,313.96,313.96,0,0.0,Floor-stack,16,16,41,0,0,0,5023.36,0.306,0.306,1537.15
2023-05-11,S000,SKU013,Dairy,North,Metro,259.91,259.91,0,0.0,End-cap,9,9,78,0,0,0,2339.19,0.325,0.325,760.24
2023-05-11,S000,SKU014,Dairy,North,Metro,273.65,273.65,0,0.0,Shelf-talker,0,13,0,0,0,0,0.0,0.32,0.32,0.0
2023-05-11,S000,SKU023,Dairy,North,Metro,124.66,124.66,0,0.0,,30,30,82,0,0,0,3739.8,0.255,0.255,953.65
2023-05-11,S000,SKU035,Dairy,North,Metro,313.96,313.96,0,0.0,End-cap,16,16,25,0,0,0,5023.36,0.306,0.306,1537.15
2023-05-12,S000,SKU013,Dairy,North,Metro,259.91,259.91,0,0.0,End-cap,4,4,74,0,0,0,1039.64,0.325,0.325,337.88
2023-05-12,S000,SKU014,Dairy,North,Metro,273.65,273.65,0,0.0,End-cap,0,14,0,0,0,0,0.0,0.32,0.32,0.0
2023-05-12,S000,SKU023,Dairy,North,Metro,124.66,124.66,0,0.0,,35,35,47,0,0,0,4363.1,0.255,0.255,1112.59
2023-05-12,S000,SKU035,Dairy,North,Metro,313.96,313.96,0,0.0,End-cap,11,11,14,0,0,0,3453.56,0.306,0.306,1056.79
2023-05-13,S000,SKU013,Dairy,North,Metro,259.91,259.91,0,0.0,Floor-stack,8,8,66,1,0,0,2079.28,0.325,0.325,675.77
2023-05-13,S000,SKU014,Dairy,North,Metro,273.65,273.65,0,0.0,,0,14,0,1,0,0,0.0,0.32,0.32,0.0
2023-05-13,S000,SKU023,Dairy,North,Metro,124.66,124.66,0,0.0,,44,44,3,1,0,0,5485.04,0.255,0.255,1398.69
2023-05-13,S000,SKU035,Dairy,North,Metro,313.96,313.96,0,0.0,Floor-stack,14,21,0,1,0,0,4395.44,0.306,0.306,1345.0
2023-05-14,S000,SKU013,Dairy,North,Metro,259.91,259.91,0,0.0,,9,9,99,1,0,0,2339.19,0.325,0.325,760.24
2023-05-14,S000,SKU014,Dairy,North,Metro,273.65,273.65,0,0.0,End-cap,21,21,73,1,0,0,5746.65,0.32,0.32,1838.93
2023-05-14,S000,SKU023,Dairy,North,Metro,124.66,124.66,0,0.0,Floor-stack,45,45,169,1,0,0,5609.7,0.255,0.255,1430.47
2023-05-14,S000,SKU035,Dairy,North,Metro,313.96,313.96,0,0.0,,22,22,91,1,0,0,6907.12,0.306,0.306,2113.58
2023-05-15,S000,SKU013,Dairy,North,Metro,259.91,259.91,0,0.0,,7,7,92,0,0,0,1819.37,0.325,0.325,591.3
2023-05-15,S000,SKU014,Dairy,North,Metro,273.65,273.65,0,0.0,Floor-stack,15,15,58,0,0,0,4104.75,0.32,0.32,1313.52
2023-05-15,S000,SKU023,Dairy,North,Metro,124.66,124.66,0,0.0,Shelf-talker,30,30,139,0,0,0,3739.8,0.255,0.255,953.65
2023-05-15,S000,SKU035,Dairy,North,Metro,313.96,313.96,0,0.0,,15,15,76,0,0,0,4709.4,0.306,0.306,1441.08
2023-05-16,S000,SKU013,Dairy,North,Metro,259.91,259.91,0,0.0,,8,8,83,0,0,0,2079.28,0.325,0.325,675.77
2023-05-16,S000,SKU014,Dairy,North,Metro,273.65,273.65,0,0.0,,14,14,44,0,0,0,3831.1,0.32,0.32,1225.95
2023-05-16,S000,SKU023,Dairy,North,Metro,124.66,124.66,0,0.0,End-cap,38,38,101,0,0,0,4737.08,0.255,0.255,1207.96
2023-05-16,S000,SKU035,Dairy,North,Metro,313.96,313.96,0,0.0,Shelf-talker,13,13,63,0,0,0,4081.48,0.306,0.306,1248.93
2023-05-17,S000,SKU013,Dairy,North,Metro,259.91,259.91,0,0.0,,8,8,75,0,0,0,2079.28,0.325,0.325,675.77
2023-05-17,S000,SKU014,Dairy,North,Metro,273.65,273.65,0,0.0,,14,14,30,0,0,0,3831.1,0.32,0.32,1225.95
2023-05-17,S000,SKU023,Dairy,North,Metro,124.66,124.66,0,0.0,End-cap,26,26,75,0,0,0,3241.16,0.255,0.255,826.5
2023-05-17,S000,SKU035,Dairy,North,Metro,313.96,313.96,0,0.0,End-cap,16,16,47,0,0,0,5023.36,0.306,0.306,1537.15
2023-05-18,S000,SKU013,Dairy,North,Metro,259.91,259.91,0,0.0,,9,9,66,0,0,1,2339.19,0.325,0.325,760.24
2023-05-18,S000,SKU014,Dairy,North,Metro,273.65,273.65,0,0.0,End-cap,17,17,13,0,0,1,4652.05,0.32,0.32,1488.66
2023-05-18,S000,SKU023,Dairy,North,Metro,124.66,124.66,0,0.0,,29,29,46,0,0,1,3615.14,0.255,0.255,921.86
2023-05-18,S000,SKU035,Dairy,North,Metro,313.96,313.96,0,0.0,,16,16,30,0,0,1,5023.36,0.306,0.306,1537.15
2023-05-19,S000,SKU013,Dairy,North,Metro,259.91,259.91,0,0.0,Shelf-talker,9,9,57,0,0,0,2339.19,0.325,0.325,760.24
2023-05-19,S000,SKU014,Dairy,North,Metro,273.65,273.65,0,0.0,,13,15,0,0,0,0,3557.45,0.32,0.32,1138.38
2023-05-19,S000,SKU023,Dairy,North,Metro,124.66,124.66,0,0.0,Floor-stack,28,28,17,0,0,0,3490.48,0.255,0.255,890.07
2023-05-19,S000,SKU035,Dairy,North,Metro,313.96,313.96,0,0.0,Shelf-talker,12,12,19,0,0,0,3767.52,0.306,0.306,1152.86
2023-05-20,S000,SKU013,Dairy,North,Metro,259.91,259.91,0,0.0,Shelf-talker,10,10,47,1,0,0,2599.1,0.325,0.325,844.71
2023-05-20,S000,SKU014,Dairy,North,Metro,273.65,273.65,0,0.0,End-cap,0,20,0,1,0,0,0.0,0.32,0.32,0.0
2023-05-20,S000,SKU023,Dairy,North,Metro,124.66,124.66,0,0.0,,17,45,0,1,0,0,2119.22,0.255,0.255,540.4
2023-05-20,S000,SKU035,Dairy,North,Metro,313.96,313.96,0,0.0,,19,21,0,1,0,0,5965.24,0.306,0.306,1825.36
2023-05-21,S000,SKU013,Dairy,North,Metro,259.91,181.94,1,30.0,,18,18,81,1,0,0,3274.92,0.325,0.145,474.86
2023-05-21,S000,SKU014,Dairy,North,Metro,273.65,273.65,0,0.0,End-cap,17,18,78,1,0,0,4652.05,0.32,0.32,1488.66
2023-05-21,S000,SKU023,Dairy,North,Metro,124.66,124.66,0,0.0,,28,30,180,1,0,0,3490.48,0.255,0.255,890.07
2023-05-21,S000,SKU035,Dairy,North,Metro,313.96,313.96,0,0.0,End-cap,21,22,79,1,0,0,6593.16,0.306,0.306,2017.51
2023-05-22,S000,SKU013,Dairy,North,Metro,259.91,181.94,1,30.0,,14,14,67,0,0,0,2547.16,0.325,0.145,369.34
2023-05-22,S000,SKU014,Dairy,North,Metro,273.65,273.65,0,0.0,Shelf-talker,10,11,67,0,0,0,2736.5,0.32,0.32,875.68
2023-05-22,S000,SKU023,Dairy,North,Metro,124.66,124.66,0,0.0,Floor-stack,21,22,158,0,0,0,2617.86,0.255,0.255,667.55
2023-05-22,S000,SKU035,Dairy,North,Metro,313.96,313.96,0,0.0,Shelf-talker,12,13,66,0,0,0,3767.52,0.306,0.306,1152.86
2023-05-23,S000,SKU013,Dairy,North,Metro,259.91,181.94,1,30.0,,19,19,48,0,0,0,3456.86,0.325,0.145,501.24
2023-05-23,S000,SKU014,Dairy,North,Metro,273.65,273.65,0,0.0,,11,12,55,0,0,0,3010.15,0.32,0.32,963.25
2023-05-23,S000,SKU023,Dairy,North,Metro,124.66,124.66,0,0.0,,20,21,138,0,0,0,2493.2,0.255,0.255,635.77
2023-05-23,S000,SKU035,Dairy,North,Metro,313.96,282.56,1,10.0,,20,20,46,0,0,0,5651.2,0.306,0.246,1390.2
2023-05-24,S000,SKU013,Dairy,North,Metro,259.91,181.94,1,30.0,,13,13,35,0,0,0,2365.22,0.325,0.145,342.96
2023-05-24,S000,SKU014,Dairy,North,Metro,273.65,273.65,0,0.0,,13,14,41,0,0,0,3557.45,0.32,0.32,1138.38
2023-05-24,S000,SKU023,Dairy,North,Metro,124.66,124.66,0,0.0,,33,34,104,0,0,0,4113.78,0.255,0.255,1049.01
2023-05-24,S000,SKU035,Dairy,North,Metro,313.96,282.56,1,10.0,Shelf-talker,22,22,24,0,0,0,6216.32,0.306,0.246,1529.21
2023-05-25,S000,SKU013,Dairy,North,Metro,259.91,181.94,1,30.0,End-cap,14,14,20,0,0,0,2547.16,0.325,0.145,369.34
2023-05-25,S000,SKU014,Dairy,North,Metro,273.65,273.65,0,0.0,Shelf-talker,13,14,27,0,0,0,3557.45,0.32,0.32,1138.38
2023-05-25,S000,SKU023,Dairy,North,Metro,124.66,124.66,0,0.0,End-cap,21,22,82,0,0,0,2617.86,0.255,0.255,667.55
2023-05-25,S000,SKU035,Dairy,North,Metro,313.96,282.56,1,10.0,Shelf-talker,24,27,0,0,0,0,6781.44,0.306,0.246,1668.23
2023-05-26,S000,SKU013,Dairy,North,Metro,259.91,181.94,1,30.0,Shelf-talker,20,20,0,0,0,1,3638.8,0.325,0.145,527.63
2023-05-26,S000,SKU014,Dairy,North,Metro,273.65,273.65,0,0.0,,15,16,11,0,0,1,4104.75,0.32,0.32,1313.52
2023-05-26,S000,SKU023,Dairy,North,Metro,124.66,124.66,0,0.0,,41,44,38,0,0,1,5111.06,0.255,0.255,1303.32
2023-05-26,S000,SKU035,Dairy,North,Metro,313.96,282.56,1,10.0,,0,27,0,0,0,1,0.0,0.306,0.246,0.0
2023-05-27,S000,SKU013,Dairy,North,Metro,259.91,181.94,1,30.0,,0,21,0,1,0,0,0.0,0.325,0.145,0.0
2023-05-27,S000,SKU014,Dairy,North,Metro,273.65,273.65,0,0.0,,11,14,0,1,0,0,3010.15,0.32,0.32,963.25
2023-05-27,S000,SKU023,Dairy,North,Metro,124.66,124.66,0,0.0,,35,35,3,1,0,0,4363.1,0.255,0.255,1112.59
2023-05-27,S000,SKU035,Dairy,North,Metro,313.96,313.96,0,0.0,,0,23,0,1,0,0,0.0,0.306,0.306,0.0
2023-05-28,S000,SKU013,Dairy,North,Metro,259.91,259.91,0,0.0,,9,9,43,1,1,0,2339.19,0.325,0.325,760.24
2023-05-28,S000,SKU014,Dairy,North,Metro,273.65,273.65,0,0.0,,23,23,74,1,1,0,6293.95,0.32,0.32,2014.06
2023-05-28,S000,SKU023,Dairy,North,Metro,124.66,124.66,0,0.0,,36,36,204,1,1,0,4487.76,0.255,0.255,1144.38
2023-05-28,S000,SKU035,Dairy,North,Metro,313.96,313.96,0,0.0,Shelf-talker,19,19,102,1,1,0,5965.24,0.306,0.306,1825.36
2023-05-29,S000,SKU013,Dairy,North,Metro,259.91,259.91,0,0.0,,6,6,37,0,1,0,1559.46,0.325,0.325,506.82
2023-05-29,S000,SKU014,Dairy,North,Metro,273.65,273.65,0,0.0,,12,12,62,0,1,0,3283.8,0.32,0.32,1050.82
2023-05-29,S000,SKU023,Dairy,North,Metro,124.66,124.66,0,0.0,End-cap,29,29,175,0,1,0,3615.14,0.255,0.255,921.86
2023-05-29,S000,SKU035,Dairy,North,Metro,313.96,313.96,0,0.0,,19,19,84,0,1,0,5965.24,0.306,0.306,1825.36
2023-05-30,S000,SKU013,Dairy,North,Metro,259.91,259.91,0,0.0,,9,9,28,0,1,0,2339.19,0.325,0.325,760.24
2023-05-30,S000,SKU014,Dairy,North,Metro,273.65,273.65,0,0.0,,12,12,50,0,1,0,3283.8,0.32,0.32,1050.82
2023-05-30,S000,SKU023,Dairy,North,Metro,124.66,124.66,0,0.0,,36,36,139,0,1,0,4487.76,0.255,0.255,1144.38
2023-05-30,S000,SKU035,Dairy,North,Metro,313.96,313.96,0,0.0,,15,15,68,0,1,0,4709.4,0.306,0.306,1441.08
2023-05-31,S000,SKU013,Dairy,North,Metro,259.91,259.91,0,0.0,Floor-stack,7,7,21,0,1,0,1819.37,0.325,0.325,591.3
2023-05-31,S000,SKU014,Dairy,North,Metro,273.65,273.65,0,0.0,,11,11,39,0,1,0,3010.15,0.32,0.32,963.25
2023-05-31,S000,SKU023,Dairy,North,Metro,124.66,124.66,0,0.0,,30,30,109,0,1,0,3739.8,0.255,0.255,953.65
2023-05-31,S000,SKU035,Dairy,North,Metro,313.96,313.96,0,0.0,,19,19,49,0,1,0,5965.24,0.306,0.306,1825.36
2023-06-01,S000,SKU013,Dairy,North,Metro,259.91,259.91,0,0.0,Shelf-talker,10,10,10,0,1,0,2599.1,0.325,0.325,844.71
2023-06-01,S000,SKU014,Dairy,North,Metro,273.65,273.65,0,0.0,End-cap,12,12,27,0,1,0,3283.8,0.32,0.32,1050.82
2023-06-01,S000,SKU023,Dairy,North,Metro,124.66,124.66,0,0.0,,34,34,75,0,1,0,4238.44,0.255,0.255,1080.8
2023-06-01,S000,SKU035,Dairy,North,Metro,313.96,313.96,0,0.0,,19,19,30,0,1,0,5965.24,0.306,0.306,1825.36
2023-06-02,S000,SKU013,Dairy,North,Metro,259.91,259.91,0,0.0,Shelf-talker,8,8,2,0,1,0,2079.28,0.325,0.325,675.77
2023-06-02,S000,SKU014,Dairy,North,Metro,273.65,273.65,0,0.0,End-cap,17,17,10,0,1,0,4652.05,0.32,0.32,1488.66
2023-06-02,S000,SKU023,Dairy,North,Metro,124.66,124.66,0,0.0,,37,37,38,0,1,0,4612.42,0.255,0.255,1176.17
2023-06-02,S000,SKU035,Dairy,North,Metro,313.96,313.96,0,0.0,,12,12,18,0,1,0,3767.52,0.306,0.306,1152.86
2023-06-03,S000,SKU013,Dairy,North,Metro,259.91,259.91,0,0.0,Shelf-talker,2,10,0,1,0,0,519.82,0.325,0.325,168.94
2023-06-03,S000,SKU014,Dairy,North,Metro,273.65,273.65,0,0.0,Shelf-talker,10,19,0,1,0,0,2736.5,0.32,0.32,875.68
2023-06-03,S000,SKU023,Dairy,North,Metro,124.66,124.66,0,0.0,,38,40,0,1,0,0,4737.08,0.255,0.255,1207.96
2023-06-03,S000,SKU035,Dairy,North,Metro,313.96,313.96,0,0.0,Shelf-talker,16,16,2,1,0,0,5023.36,0.306,0.306,1537.15
2023-06-04,S000,SKU013,Dairy,North,Metro,259.91,259.91,0,0.0,,9,9,45,1,0,0,2339.19,0.325,0.325,760.24
2023-06-04,S000,SKU014,Dairy,North,Metro,273.65,273.65,0,0.0,Shelf-talker,15,15,84,1,0,0,4104.75,0.32,0.32,1313.52
2023-06-04,S000,SKU023,Dairy,North,Metro,124.66,124.66,0,0.0,,42,42,216,1,0,0,5235.72,0.255,0.255,1335.11
2023-06-04,S000,SKU035,Dairy,North,Metro,313.96,313.96,0,0.0,,18,18,99,1,0,0,5651.28,0.306,0.306,1729.29
2023-06-05,S000,SKU013,Dairy,North,Metro,259.91,259.91,0,0.0,End-cap,11,11,34,0,0,1,2859.01,0.325,0.325,929.18
2023-06-05,S000,SKU014,Dairy,North,Metro,273.65,273.65,0,0.0,,18,18,66,0,0,1,4925.7,0.32,0.32,1576.22
2023-06-05,S000,SKU023,Dairy,North,Metro,124.66,124.66,0,0.0,,40,40,176,0,0,1,4986.4,0.255,0.255,1271.53
2023-06-05,S000,SKU035,Dairy,North,Metro,313.96,313.96,0,0.0,,18,18,81,0,0,1,5651.28,0.306,0.306,1729.29
2023-06-06,S000,SKU013,Dairy,North,Metro,259.91,259.91,0,0.0,End-cap,7,7,27,0,0,0,1819.37,0.325,0.325,591.3
2023-06-06,S000,SKU014,Dairy,North,Metro,273.65,273.65,0,0.0,,12,12,54,0,0,0,3283.8,0.32,0.32,1050.82
2023-06-06,S000,SKU023,Dairy,North,Metro,124.66,124.66,0,0.0,,23,23,152,0,0,0,2867.18,0.255,0.255,731.13
2023-06-06,S000,SKU035,Dairy,North,Metro,313.96,313.96,0,0.0,Floor-stack,17,17,64,0,0,0,5337.32,0.306,0.306,1633.22
2023-06-07,S000,SKU013,Dairy,North,Metro,259.91,259.91,0,0.0,,7,7,20,0,0,0,1819.37,0.325,0.325,591.3
2023-06-07,S000,SKU014,Dairy,North,Metro,273.65,273.65,0,0.0,Shelf-talker,9,9,45,0,0,0,2462.85,0.32,0.32,788.11
2023-06-07,S000,SKU023,Dairy,North,Metro,124.66,124.66,0,0.0,,31,31,121,0,0,0,3864.46,0.255,0.255,985.44
2023-06-07,S000,SKU035,Dairy,North,Metro,313.96,313.96,0,0.0,,13,13,51,0,0,0,4081.48,0.306,0.306,1248.93
2023-06-08,S000,SKU013,Dairy,North,Metro,259.91,259.91,0,0.0,,8,8,13,0,0,0,2079.28,0.325,0.325,675.77
2023-06-08,S000,SKU014,Dairy,North,Metro,273.65,273.65,0,0.0,,17,17,28,0,0,0,4652.05,0.32,0.32,1488.66
2023-06-08,S000,SKU023,Dairy,North,Metro,124.66,124.66,0,0.0,,32,32,89,0,0,0,3989.12,0.255,0.255,1017.23
2023-06-08,S000,SKU035,Dairy,North,Metro,313.96,313.96,0,0.0,,16,16,35,0,0,0,5023.36,0.306,0.306,1537.15
2023-06-09,S000,SKU013,Dairy,North,Metro,259.91,259.91,0,0.0,End-cap,9,9,4,0,0,0,2339.19,0.325,0.325,760.24
2023-06-09,S000,SKU014,Dairy,North,Metro,273.65,273.65,0,0.0,,15,15,13,0,0,0,4104.75,0.32,0.32,1313.52
2023-06-09,S000,SKU023,Dairy,North,Metro,124.66,124.66,0,0.0,Shelf-talker,28,28,61,0,0,0,3490.48,0.255,0.255,890.07
2023-06-09,S000,SKU035,Dairy,North,Metro,313.96,313.96,0,0.0,Floor-stack,16,16,19,0,0,0,5023.36,0.306,0.306,1537.15
2023-06-10,S000,SKU013,Dairy,North,Metro,259.91,259.91,0,0.0,Shelf-talker,4,8,0,1,0,0,1039.64,0.325,0.325,337.88
2023-06-10,S000,SKU014,Dairy,North,Metro,273.65,273.65,0,0.0,,13,16,0,1,0,0,3557.45,0.32,0.32,1138.38
2023-06-10,S000,SKU023,Dairy,North,Metro,124.66,124.66,0,0.0,,34,34,27,1,0,0,4238.44,0.255,0.255,1080.8
2023-06-10,S000,SKU035,Dairy,North,Metro,313.96,313.96,0,0.0,,18,18,2,1,0,0,5651.28,0.306,0.306,1729.29
2023-06-11,S000,SKU013,Dairy,North,Metro,259.91,259.91,0,0.0,,9,9,37,1,0,0,2339.19,0.325,0.325,760.24
2023-06-11,S000,SKU014,Dairy,North,Metro,273.65,273.65,0,0.0,End-cap,13,13,65,1,0,0,3557.45,0.32,0.32,1138.38
2023-06-11,S000,SKU023,Dairy,North,Metro,124.66,124.66,0,0.0,,52,52,211,1,0,0,6482.32,0.255,0.255,1652.99
2023-06-11,S000,SKU035,Dairy,North,Metro,313.96,313.96,0,0.0,,21,21,89,1,0,0,6593.16,0.306,0.306,2017.51
2023-06-12,S000,SKU013,Dairy,North,Metro,259.91,259.91,0,0.0,Shelf-talker,6,6,30,0,0,0,1559.46,0.325,0.325,506.82
2023-06-12,S000,SKU014,Dairy,North,Metro,273.65,273.65,0,0.0,,12,12,54,0,0,0,3283.8,0.32,0.32,1050.82
2023-06-12,S000,SKU023,Dairy,North,Metro,124.66,124.66,0,0.0,,22,22,189,0,0,0,2742.52,0.255,0.255,699.34
2023-06-12,S000,SKU035,Dairy,North,Metro,313.96,313.96,0,0.0,Shelf-talker,10,10,78,0,0,0,3139.6,0.306,0.306,960.72
2023-06-13,S000,SKU013,Dairy,North,Metro,259.91,259.91,0,0.0,Floor-stack,7,7,23,0,0,0,1819.37,0.325,0.325,591.3
2023-06-13,S000,SKU014,Dairy,North,Metro,273.65,273.65,0,0.0,,11,11,43,0,0,0,3010.15,0.32,0.32,963.25
2023-06-13,S000,SKU023,Dairy,North,Metro,124.66,124.66,0,0.0,End-cap,31,31,157,0,0,0,3864.46,0.255,0.255,985.44
2023-06-13,S000,SKU035,Dairy,North,Metro,313.96,313.96,0,0.0,,14,14,64,0,0,0,4395.44,0.306,0.306,1345.0
2023-06-14,S000,SKU013,Dairy,North,Metro,259.91,259.91,0,0.0,Floor-stack,6,6,17,0,0,0,1559.46,0.325,0.325,506.82
2023-06-14,S000,SKU014,Dairy,North,Metro,273.65,273.65,0,0.0,,12,12,31,0,0,0,3283.8,0.32,0.32,1050.82
2023-06-14,S000,SKU023,Dairy,North,Metro,124.66,124.66,0,0.0,,34,34,123,0,0,0,4238.44,0.255,0.255,1080.8
2023-06-14,S000,SKU035,Dairy,North,Metro,313.96,313.96,0,0.0,,12,12,52,0,0,0,3767.52,0.306,0.306,1152.86
2023-06-15,S000,SKU013,Dairy,North,Metro,259.91,259.91,0,0.0,,4,4,13,0,0,0,1039.64,0.325,0.325,337.88
2023-06-15,S000,SKU014,Dairy,North,Metro,273.65,273.65,0,0.0,Shelf-talker,13,13,18,0,0,0,3557.45,0.32,0.32,1138.38
2023-06-15,S000,SKU023,Dairy,North,Metro,124.66,124.66,0,0.0,End-cap,27,27,96,0,0,0,3365.82,0.255,0.255,858.28
2023-06-15,S000,SKU035,Dairy,North,Metro,313.96,313.96,0,0.0,Shelf-talker,14,14,37,0,0,0,4395.44,0.306,0.306,1345.0
2023-06-16,S000,SKU013,Dairy,North,Metro,259.91,259.91,0,0.0,,6,6,7,0,0,0,1559.46,0.325,0.325,506.82
2023-06-16,S000,SKU014,Dairy,North,Metro,273.65,273.65,0,0.0,,11,11,7,0,0,0,3010.15,0.32,0.32,963.25
2023-06-16,S000,SKU023,Dairy,North,Metro,124.66,124.66,0,0.0,End-cap,28,28,68,0,0,0,3490.48,0.255,0.255,890.07
2023-06-16,S000,SKU035,Dairy,North,Metro,313.96,313.96,0,0.0,,13,13,24,0,0,0,4081.48,0.306,0.306,1248.93
2023-06-17,S000,SKU013,Dairy,North,Metro,259.91,259.91,0,0.0,End-cap,7,9,0,1,0,0,1819.37,0.325,0.325,591.3
2023-06-17,S000,SKU014,Dairy,North,Metro,273.65,273.65,0,0.0,End-cap,7,11,0,1,0,0,1915.55,0.32,0.32,612.98
2023-06-17,S000,SKU023,Dairy,North,Metro,124.66,124.66,0,0.0,,33,33,34,1,0,0,4113.78,0.255,0.255,1049.01
2023-06-17,S000,SKU035,Dairy,North,Metro,313.96,313.96,0,0.0,Shelf-talker,18,18,6,1,0,0,5651.28,0.306,0.306,1729.29
2023-06-18,S000,SKU013,Dairy,North,Metro,259.91,259.91,0,0.0,,7,7,40,1,0,0,1819.37,0.325,0.325,591.3
2023-06-18,S000,SKU014,Dairy,North,Metro,273.65,273.65,0,0.0,,21,21,79,1,0,0,5746.65,0.32,0.32,1838.93
2023-06-18,S000,SKU023,Dairy,North,Metro,124.66,124.66,0,0.0,,36,36,249,1,0,0,4487.76,0.255,0.255,1144.38
2023-06-18,S000,SKU035,Dairy,North,Metro,313.96,313.96,0,0.0,,18,18,109,1,0,0,5651.28,0.306,0.306,1729.29
2023-06-19,S000,SKU013,Dairy,North,Metro,259.91,259.91,0,0.0,,7,7,33,0,0,0,1819.37,0.325,0.325,591.3
2023-06-19,S000,SKU014,Dairy,North,Metro,273.65,273.65,0,0.0,,13,13,66,0,0,0,3557.45,0.32,0.32,1138.38
2023-06-19,S000,SKU023,Dairy,North,Metro,124.66,124.66,0,0.0,Floor-stack,34,34,216,0,0,0,4238.44,0.255,0.255,1080.8
2023-06-19,S000,SKU035,Dairy,North,Metro,313.96,313.96,0,0.0,Shelf-talker,15,15,94,0,0,0,4709.4,0.306,0.306,1441.08
2023-06-20,S000,SKU013,Dairy,North,Metro,259.91,259.91,0,0.0,Shelf-talker,7,7,26,0,0,0,1819.37,0.325,0.325,591.3
2023-06-20,S000,SKU014,Dairy,North,Metro,273.65,273.65,0,0.0,,13,13,53,0,0,0,3557.45,0.32,0.32,1138.38
2023-06-20,S000,SKU023,Dairy,North,Metro,124.66,124.66,0,0.0,,28,28,188,0,0,0,3490.48,0.255,0.255,890.07
2023-06-20,S000,SKU035,Dairy,North,Metro,313.96,313.96,0,0.0,,15,15,79,0,0,0,4709.4,0.306,0.306,1441.08
2023-06-21,S000,SKU013,Dairy,North,Metro,259.91,259.91,0,0.0,,6,6,20,0,0,0,1559.46,0.325,0.325,506.82
2023-06-21,S000,SKU014,Dairy,North,Metro,273.65,273.65,0,0.0,,11,11,42,0,0,0,3010.15,0.32,0.32,963.25
2023-06-21,S000,SKU023,Dairy,North,Metro,124.66,124.66,0,0.0,,45,45,143,0,0,0,5609.7,0.255,0.255,1430.47
2023-06-21,S000,SKU035,Dairy,North,Metro,313.96,313.96,0,0.0,,16,16,63,0,0,0,5023.36,0.306,0.306,1537.15
2023-06-22,S000,SKU013,Dairy,North,Metro,259.91,259.91,0,0.0,,7,7,13,0,0,0,1819.37,0.325,0.325,591.3
2023-06-22,S000,SKU014,Dairy,North,Metro,273.65,273.65,0,0.0,,9,9,33,0,0,0,2462.85,0.32,0.32,788.11
2023-06-22,S000,SKU023,Dairy,North,Metro,124.66,124.66,0,0.0,,27,27,116,0,0,0,3365.82,0.255,0.255,858.28
2023-06-22,S000,SKU035,Dairy,North,Metro,313.96,313.96,0,0.0,End-cap,11,11,52,0,0,0,3453.56,0.306,0.306,1056.79
2023-06-23,S000,SKU013,Dairy,North,Metro,259.91,259.91,0,0.0,Floor-stack,7,7,6,0,0,0,1819.37,0.325,0.325,591.3
2023-06-23,S000,SKU014,Dairy,North,Metro,273.65,273.65,0,0.0,Shelf-talker,12,12,22,0,0,0,3283.8,0.32,0.32,1050.82
2023-06-23,S000,SKU023,Dairy,North,Metro,124.66,124.66,0,0.0,,36,36,80,0,0,0,4487.76,0.255,0.255,1144.38
2023-06-23,S000,SKU035,Dairy,North,Metro,313.96,313.96,0,0.0,,16,16,36,0,0,0,5023.36,0.306,0.306,1537.15
2023-06-24,S000,SKU013,Dairy,North,Metro,259.91,259.91,0,0.0,,6,9,0,1,0,0,1559.46,0.325,0.325,506.82
2023-06-24,S000,SKU014,Dairy,North,Metro,273.65,273.65,0,0.0,,14,14,7,1,0,0,3831.1,0.32,0.32,1225.95
2023-06-24,S000,SKU023,Dairy,North,Metro,124.66,124.66,0,0.0,Shelf-talker,40,40,41,1,0,0,4986.4,0.255,0.255,1271.53
2023-06-24,S000,SKU035,Dairy,North,Metro,313.96,313.96,0,0.0,,13,13,23,1,0,0,4081.48,0.306,0.306,1248.93
2023-06-25,S000,SKU013,Dairy,North,Metro,259.91,259.91,0,0.0,Floor-stack,9,9,48,1,0,0,2339.19,0.325,0.325,760.24
2023-06-25,S000,SKU014,Dairy,North,Metro,273.65,273.65,0,0.0,Floor-stack,17,17,71,1,0,0,4652.05,0.32,0.32,1488.66
2023-06-25,S000,SKU023,Dairy,North,Metro,124.66,124.66,0,0.0,,37,37,264,1,0,0,4612.42,0.255,0.255,1176.17
2023-06-25,S000,SKU035,Dairy,North,Metro,313.96,313.96,0,0.0,End-cap,9,9,135,1,0,0,2825.64,0.306,0.306,864.65
2023-06-26,S000,SKU013,Dairy,North,Metro,259.91,259.91,0,0.0,,7,7,41,0,0,0,1819.37,0.325,0.325,591.3
2023-06-26,S000,SKU014,Dairy,North,Metro,273.65,273.65,0,0.0,,14,14,57,0,0,0,3831.1,0.32,0.32,1225.95
2023-06-26,S000,SKU023,Dairy,North,Metro,124.66,124.66,0,0.0,,37,37,227,0,0,0,4612.42,0.255,0.255,1176.17
2023-06-26,S000,SKU035,Dairy,North,Metro,313.96,313.96,0,0.0,Shelf-talker,20,20,115,0,0,0,6279.2,0.306,0.306,1921.44
2023-06-27,S000,SKU013,Dairy,North,Metro,259.91,259.91,0,0.0,,4,4,37,0,0,0,1039.64,0.325,0.325,337.88
2023-06-27,S000,SKU014,Dairy,North,Metro,273.65,273.65,0,0.0,,14,14,44,0,0,0,3831.1,0.32,0.32,1225.95
2023-06-27,S000,SKU023,Dairy,North,Metro,124.66,124.66,0,0.0,End-cap,21,21,207,0,0,0,2617.86,0.255,0.255,667.55
2023-06-27,S000,SKU035,Dairy,North,Metro,313.96,313.96,0,0.0,,12,12,103,0,0,0,3767.52,0.306,0.306,1152.86
2023-06-28,S000,SKU013,Dairy,North,Metro,259.91,259.91,0,0.0,,7,7,30,0,1,0,1819.37,0.325,0.325,591.3
2023-06-28,S000,SKU014,Dairy,North,Metro,273.65,273.65,0,0.0,End-cap,17,17,27,0,1,0,4652.05,0.32,0.32,1488.66
2023-06-28,S000,SKU023,Dairy,North,Metro,124.66,124.66,0,0.0,Floor-stack,37,37,170,0,1,0,4612.42,0.255,0.255,1176.17
2023-06-28,S000,SKU035,Dairy,North,Metro,313.96,313.96,0,0.0,Shelf-talker,16,16,88,0,1,0,5023.36,0.306,0.306,1537.15
2023-06-29,S000,SKU013,Dairy,North,Metro,259.91,259.91,0,0.0,,5,5,25,0,1,0,1299.55,0.325,0.325,422.35
2023-06-29,S000,SKU014,Dairy,North,Metro,273.65,273.65,0,0.0,Shelf-talker,19,19,8,0,1,0,5199.35,0.32,0.32,1663.79
2023-06-29,S000,SKU023,Dairy,North,Metro,124.66,124.66,0,0.0,,30,30,140,0,1,0,3739.8,0.255,0.255,953.65
2023-06-29,S000,SKU035,Dairy,North,Metro,313.96,313.96,0,0.0,,11,11,76,0,1,0,3453.56,0.306,0.306,1056.79
2023-06-30,S000,SKU013,Dairy,North,Metro,259.91,259.91,0,0.0,,8,8,16,0,1,0,2079.28,0.325,0.325,675.77
2023-06-30,S000,SKU014,Dairy,North,Metro,273.65,273.65,0,0.0,,8,15,0,0,1,0,2189.2,0.32,0.32,700.54
2023-06-30,S000,SKU023,Dairy,North,Metro,124.66,124.66,0,0.0,End-cap,31,31,109,0,1,0,3864.46,0.255,0.255,985.44
2023-06-30,S000,SKU035,Dairy,North,Metro,313.96,313.96,0,0.0,End-cap,16,16,61,0,1,0,5023.36,0.306,0.306,1537.15
2023-07-01,S000,SKU013,Dairy,North,Metro,259.91,259.91,0,0.0,Shelf-talker,10,10,6,1,1,0,2599.1,0.325,0.325,844.71
2023-07-01,S000,SKU014,Dairy,North,Metro,273.65,273.65,0,0.0,,0,20,0,1,1,0,0.0,0.32,0.32,0.0
2023-07-01,S000,SKU023,Dairy,North,Metro,124.66,124.66,0,0.0,,37,37,72,1,1,0,4612.42,0.255,0.255,1176.17
2023-07-01,S000,SKU035,Dairy,North,Metro,313.96,313.96,0,0.0,,21,21,40,1,1,0,6593.16,0.306,0.306,2017.51
2023-07-02,S000,SKU013,Dairy,North,Metro,259.91,259.91,0,0.0,Floor-stack,10,10,46,1,1,0,2599.1,0.325,0.325,844.71
2023-07-02,S000,SKU014,Dairy,North,Metro,273.65,273.65,0,0.0,End-cap,18,18,80,1,1,0,4925.7,0.32,0.32,1576.22
2023-07-02,S000,SKU023,Dairy,North,Metro,124.66,124.66,0,0.0,End-cap,33,33,247,1,1,0,4113.78,0.255,0.255,1049.01
2023-07-02,S000,SKU035,Dairy,North,Metro,313.96,313.96,0,0.0,End-cap,21,21,118,1,1,0,6593.16,0.306,0.306,2017.51
2023-07-03,S000,SKU013,Dairy,North,Metro,259.91,259.91,0,0.0,,7,7,39,0,0,0,1819.37,0.325,0.325,591.3
2023-07-03,S000,SKU014,Dairy,North,Metro,273.65,273.65,0,0.0,,8,8,73,0,0,0,2189.2,0.32,0.32,700.54
2023-07-03,S000,SKU023,Dairy,North,Metro,124.66,124.66,0,0.0,,20,20,228,0,0,0,2493.2,0.255,0.255,635.77
2023-07-03,S000,SKU035,Dairy,North,Metro,313.96,313.96,0,0.0,,11,11,107,0,0,0,3453.56,0.306,0.306,1056.79
2023-07-04,S000,SKU013,Dairy,North,Metro,259.91,259.91,0,0.0,,7,7,32,0,0,0,1819.37,0.325,0.325,591.3
2023-07-04,S000,SKU014,Dairy,North,Metro,273.65,273.65,0,0.0,End-cap,11,11,61,0,0,0,3010.15,0.32,0.32,963.25
2023-07-04,S000,SKU023,Dairy,North,Metro,124.66,124.66,0,0.0,,30,30,198,0,0,0,3739.8,0.255,0.255,953.65
2023-07-04,S000,SKU035,Dairy,North,Metro,313.96,313.96,0,0.0,,13,13,94,0,0,0,4081.48,0.306,0.306,1248.93
2023-07-05,S000,SKU013,Dairy,North,Metro,259.91,259.91,0,0.0,End-cap,4,4,27,0,0,0,1039.64,0.325,0.325,337.88
2023-07-05,S000,SKU014,Dairy,North,Metro,273.65,273.65,0,0.0,Shelf-talker,10,10,51,0,0,0,2736.5,0.32,0.32,875.68
2023-07-05,S000,SKU023,Dairy,North,Metro,124.66,124.66,0,0.0,Floor-stack,28,28,170,0,0,0,3490.48,0.255,0.255,890.07
2023-07-05,S000,SKU035,Dairy,North,Metro,313.96,313.96,0,0.0,,15,15,79,0,0,0,4709.4,0.306,0.306,1441.08
2023-07-06,S000,SKU013,Dairy,North,Metro,259.91,259.91,0,0.0,,6,6,21,0,0,0,1559.46,0.325,0.325,506.82
2023-07-06,S000,SKU014,Dairy,North,Metro,273.65,273.65,0,0.0,,12,12,39,0,0,0,3283.8,0.32,0.32,1050.82
2023-07-06,S000,SKU023,Dairy,North,Metro,124.66,124.66,0,0.0,End-cap,27,27,144,0,0,0,3365.82,0.255,0.255,858.28
2023-07-06,S000,SKU035,Dairy,North,Metro,313.96,313.96,0,0.0,,15,15,65,0,0,0,4709.4,0.306,0.306,1441.08
2023-07-07,S000,SKU013,Dairy,North,Metro,259.91,259.91,0,0.0,,5,5,17,0,0,0,1299.55,0.325,0.325,422.35
2023-07-07,S000,SKU014,Dairy,North,Metro,273.65,273.65,0,0.0,Shelf-talker,10,10,29,0,0,0,2736.5,0.32,0.32,875.68
2023-07-07,S000,SKU023,Dairy,North,Metro,124.66,124.66,0,0.0,,32,32,112,0,0,0,3989.12,0.255,0.255,1017.23
2023-07-07,S000,SKU035,Dairy,North,Metro,313.96,313.96,0,0.0,End-cap,14,14,50,0,0,0,4395.44,0.306,0.306,1345.0
2023-07-08,S000,SKU013,Dairy,North,Metro,259.91,259.91,0,0.0,,7,7,9,1,0,0,1819.37,0.325,0.325,591.3
2023-07-08,S000,SKU014,Dairy,North,Metro,273.65,273.65,0,0.0,,16,16,13,1,0,0,4378.4,0.32,0.32,1401.09
2023-07-08,S000,SKU023,Dairy,North,Metro,124.66,124.66,0,0.0,Floor-stack,38,38,74,1,0,0,4737.08,0.255,0.255,1207.96
2023-07-08,S000,SKU035,Dairy,North,Metro,313.96,313.96,0,0.0,,20,20,30,1,0,0,6279.2,0.306,0.306,1921.44
2023-07-09,S000,SKU013,Dairy,North,Metro,259.91,259.91,0,0.0,,10,10,49,1,0,0,2599.1,0.325,0.325,844.71
2023-07-09,S000,SKU014,Dairy,North,Metro,273.65,273.65,0,0.0,Shelf-talker,17,17,76,1,0,0,4652.05,0.32,0.32,1488.66
2023-07-09,S000,SKU023,Dairy,North,Metro,124.66,124.66,0,0.0,,34,34,266,1,0,0,4238.44,0.255,0.255,1080.8
2023-07-09,S000,SKU035,Dairy,North,Metro,313.96,313.96,0,0.0,,17,17,105,1,0,0,5337.32,0.306,0.306,1633.22
2023-07-10,S000,SKU013,Dairy,North,Metro,259.91,259.91,0,0.0,,7,7,41,0,0,0,1819.37,0.325,0.325,591.3
2023-07-10,S000,SKU014,Dairy,North,Metro,273.65,273.65,0,0.0,Floor-stack,14,14,61,0,0,0,3831.1,0.32,0.32,1225.95
2023-07-10,S000,SKU023,Dairy,North,Metro,124.66,124.66,0,0.0,End-cap,43,43,222,0,0,0,5360.38,0.255,0.255,1366.9
2023-07-10,S000,SKU035,Dairy,North,Metro,313.96,313.96,0,0.0,,18,18,87,0,0,0,5651.28,0.306,0.306,1729.29
2023-07-11,S000,SKU013,Dairy,North,Metro,259.91,259.91,0,0.0,,7,7,34,0,0,0,1819.37,0.325,0.325,591.3
2023-07-11,S000,SKU014,Dairy,North,Metro,273.65,273.65,0,0.0,End-cap,15,15,46,0,0,0,4104.75,0.32,0.32,1313.52
2023-07-11,S000,SKU023,Dairy,North,Metro,124.66,124.66,0,0.0,End-cap,33,33,189,0,0,0,4113.78,0.255,0.255,1049.01
2023-07-11,S000,SKU035,Dairy,North,Metro,313.96,313.96,0,0.0,,13,13,74,0,0,0,4081.48,0.306,0.306,1248.93
2023-07-12,S000,SKU013,Dairy,North,Metro,259.91,259.91,0,0.0,End-cap,6,6,28,0,0,0,1559.46,0.325,0.325,506.82
2023-07-12,S000,SKU014,Dairy,North,Metro,273.65,273.65,0,0.0,Floor-stack,8,8,38,0,0,0,2189.2,0.32,0.32,700.54
2023-07-12,S000,SKU023,Dairy,North,Metro,124.66,124.66,0,0.0,Shelf-talker,40,40,149,0,0,0,4986.4,0.255,0.255,1271.53
2023-07-12,S000,SKU035,Dairy,North,Metro,313.96,313.96,0,0.0,,16,16,58,0,0,0,5023.36,0.306,0.306,1537.15
2023-07-13,S000,SKU013,Dairy,North,Metro,259.91,259.91,0,0.0,,5,5,23,0,0,0,1299.55,0.325,0.325,422.35
2023-07-13,S000,SKU014,Dairy,North,Metro,273.65,273.65,0,0.0,Shelf-talker,9,9,29,0,0,0,2462.85,0.32,0.32,788.11
2023-07-13,S000,SKU023,Dairy,North,Metro,124.66,124.66,0,0.0,,26,26,123,0,0,0,3241.16,0.255,0.255,826.5
2023-07-13,S000,SKU035,Dairy,North,Metro,313.96,313.96,0,0.0,Floor-stack,16,16,43,0,0,0,5023.36,0.306,0.306,1537.15
2023-07-14,S000,SKU013,Dairy,North,Metro,259.91,259.91,0,0.0,,6,6,17,0,0,0,1559.46,0.325,0.325,506.82
2023-07-14,S000,SKU014,Dairy,North,Metro,273.65,273.65,0,0.0,,17,18,11,0,0,0,4652.05,0.32,0.32,1488.66
2023-07-14,S000,SKU023,Dairy,North,Metro,124.66,124.66,0,0.0,End-cap,28,29,93,0,0,0,3490.48,0.255,0.255,890.07
2023-07-14,S000,SKU035,Dairy,North,Metro,313.96,266.87,1,15.0,,19,19,24,0,0,0,5070.53,0.306,0.216,1095.23
2023-07-15,S000,SKU013,Dairy,North,Metro,259.91,259.91,0,0.0,,12,12,5,1,0,1,3118.92,0.325,0.325,1013.65
2023-07-15,S000,SKU014,Dairy,North,Metro,273.65,191.55,1,30.0,,11,50,0,1,0,1,2107.05,0.32,0.14,294.99
2023-07-15,S000,SKU023,Dairy,North,Metro,124.66,124.66,0,0.0,End-cap,34,35,58,1,0,1,4238.44,0.255,0.255,1080.8
2023-07-15,S000,SKU035,Dairy,North,Metro,313.96,266.87,1,15.0,,24,46,0,1,0,1,6404.88,0.306,0.216,1383.45
2023-07-16,S000,SKU013,Dairy,North,Metro,259.91,259.91,0,0.0,,8,8,54,1,0,0,2079.28,0.325,0.325,675.77
2023-07-16,S000,SKU014,Dairy,North,Metro,273.65,191.55,1,30.0,,34,34,57,1,0,0,6512.7,0.32,0.14,911.78
2023-07-16,S000,SKU023,Dairy,North,Metro,124.66,124.66,0,0.0,,31,33,256,1,0,0,3864.46,0.255,0.255,985.44
2023-07-16,S000,SKU035,Dairy,North,Metro,313.96,266.87,1,15.0,,30,30,71,1,0,0,8006.1,0.306,0.216,1729.32
2023-07-17,S000,SKU013,Dairy,North,Metro,259.91,259.91,0,0.0,Shelf-talker,4,4,50,0,0,0,1039.64,0.325,0.325,337.88
2023-07-17,S000,SKU014,Dairy,North,Metro,273.65,191.55,1,30.0,,27,27,31,0,0,0,5171.85,0.32,0.14,724.06
2023-07-17,S000,SKU023,Dairy,North,Metro,124.66,124.66,0,0.0,Floor-stack,23,25,231,0,0,0,2867.18,0.255,0.255,731.13
2023-07-17,S000,SKU035,Dairy,North,Metro,313.96,266.87,1,15.0,End-cap,22,22,50,0,0,0,5871.14,0.306,0.216,1268.17
2023-07-18,S000,SKU013,Dairy,North,Metro,259.91,259.91,0,0.0,End-cap,6,6,44,0,0,0,1559.46,0.325,0.325,506.82
2023-07-18,S000,SKU014,Dairy,North,Metro,273.65,273.65,0,0.0,End-cap,11,12,19,0,0,0,3010.15,0.32,0.32,963.25
2023-07-18,S000,SKU023,Dairy,North,Metro,124.66,124.66,0,0.0,,41,43,188,0,0,0,5111.06,0.255,0.255,1303.32
2023-07-18,S000,SKU035,Dairy,North,Metro,313.96,251.17,1,20.0,End-cap,26,26,23,0,0,0,6530.42,0.306,0.186,1214.66
2023-07-19,S000,SKU013,Dairy,North,Metro,259.91,259.91,0,0.0,Shelf-talker,4,4,39,0,0,0,1039.64,0.325,0.325,337.88
2023-07-19,S000,SKU014,Dairy,North,Metro,273.65,273.65,0,0.0,,8,8,12,0,0,0,2189.2,0.32,0.32,700.54
2023-07-19,S000,SKU023,Dairy,North,Metro,124.66,124.66,0,0.0,,24,25,164,0,0,0,2991.84,0.255,0.255,762.92
2023-07-19,S000,SKU035,Dairy,North,Metro,313.96,251.17,1,20.0,,23,29,0,0,0,0,5776.91,0.306,0.186,1074.51
2023-07-20,S000,SKU013,Dairy,North,Metro,259.91,259.91,0,0.0,,10,10,30,0,0,1,2599.1,0.325,0.325,844.71
2023-07-20,S000,SKU014,Dairy,North,Metro,273.65,273.65,0,0.0,End-cap,12,14,0,0,0,1,3283.8,0.32,0.32,1050.82
2023-07-20,S000,SKU023,Dairy,North,Metro,124.66,124.66,0,0.0,End-cap,37,37,127,0,0,1,4612.42,0.255,0.255,1176.17
2023-07-20,S000,SKU035,Dairy,North,Metro,313.96,251.17,1,20.0,,0,28,0,0,0,1,0.0,0.306,0.186,0.0
2023-07-21,S000,SKU013,Dairy,North,Metro,259.91,259.91,0,0.0,,5,5,24,0,0,0,1299.55,0.325,0.325,422.35
2023-07-21,S000,SKU014,Dairy,North,Metro,273.65,273.65,0,0.0,,0,11,0,0,0,0,0.0,0.32,0.32,0.0
2023-07-21,S000,SKU023,Dairy,North,Metro,124.66,99.73,1,20.0,,45,45,82,0,0,0,4487.85,0.255,0.135,605.86
2023-07-21,S000,SKU035,Dairy,North,Metro,313.96,251.17,1,20.0,Floor-stack,0,29,0,0,0,0,0.0,0.306,0.186,0.0
2023-07-22,S000,SKU013,Dairy,North,Metro,259.91,259.91,0,0.0,,6,6,18,1,0,0,1559.46,0.325,0.325,506.82
2023-07-22,S000,SKU014,Dairy,North,Metro,273.65,273.65,0,0.0,,0,13,0,1,0,0,0.0,0.32,0.32,0.0
2023-07-22,S000,SKU023,Dairy,North,Metro,124.66,99.73,1,20.0,Shelf-talker,82,84,0,1,0,0,8177.86,0.255,0.135,1104.01
2023-07-22,S000,SKU035,Dairy,North,Metro,313.96,251.17,1,20.0,,0,34,0,1,0,0,0.0,0.306,0.186,0.0
2023-07-23,S000,SKU013,Dairy,North,Metro,259.91,259.91,0,0.0,,9,9,54,1,0,0,2339.19,0.325,0.325,760.24
2023-07-23,S000,SKU014,Dairy,North,Metro,273.65,273.65,0,0.0,,12,13,76,1,0,0,3283.8,0.32,0.32,1050.82
2023-07-23,S000,SKU023,Dairy,North,Metro,124.66,99.73,1,20.0,,64,64,135,1,0,0,6382.72,0.255,0.135,861.67
2023-07-23,S000,SKU035,Dairy,North,Metro,313.96,313.96,0,0.0,Shelf-talker,20,21,106,1,0,0,6279.2,0.306,0.306,1921.44
2023-07-24,S000,SKU013,Dairy,North,Metro,259.91,259.91,0,0.0,End-cap,7,7,47,0,0,0,1819.37,0.325,0.325,591.3
2023-07-24,S000,SKU014,Dairy,North,Metro,273.65,273.65,0,0.0,Floor-stack,16,17,59,0,0,0,4378.4,0.32,0.32,1401.09
2023-07-24,S000,SKU023,Dairy,North,Metro,124.66,99.73,1,20.0,,71,71,64,0,0,0,7080.83,0.255,0.135,955.91
2023-07-24,S000,SKU035,Dairy,North,Metro,313.96,313.96,0,0.0,,11,12,93,0,0,0,3453.56,0.306,0.306,1056.79
2023-07-25,S000,SKU013,Dairy,North,Metro,259.91,259.91,0,0.0,,6,6,40,0,0,0,1559.46,0.325,0.325,506.82
2023-07-25,S000,SKU014,Dairy,North,Metro,273.65,273.65,0,0.0,,10,11,48,0,0,0,2736.5,0.32,0.32,875.68
2023-07-25,S000,SKU023,Dairy,North,Metro,124.66,99.73,1,20.0,End-cap,41,41,22,0,0,0,4088.93,0.255,0.135,552.01
2023-07-25,S000,SKU035,Dairy,North,Metro,313.96,313.96,0,0.0,Shelf-talker,16,17,76,0,0,0,5023.36,0.306,0.306,1537.15
2023-07-26,S000,SKU013,Dairy,North,Metro,259.91,259.91,0,0.0,,9,9,32,0,0,0,2339.19,0.325,0.325,760.24
2023-07-26,S000,SKU014,Dairy,North,Metro,273.65,273.65,0,0.0,,11,12,35,0,0,0,3010.15,0.32,0.32,963.25
2023-07-26,S000,SKU023,Dairy,North,Metro,124.66,99.73,1,20.0,Shelf-talker,22,60,0,0,0,0,2194.06,0.255,0.135,296.2
2023-07-26,S000,SKU035,Dairy,North,Metro,313.96,313.96,0,0.0,Shelf-talker,14,15,61,0,0,0,4395.44,0.306,0.306,1345.0
2023-07-27,S000,SKU013,Dairy,North,Metro,259.91,259.91,0,0.0,,7,7,25,0,0,0,1819.37,0.325,0.325,591.3
2023-07-27,S000,SKU014,Dairy,North,Metro,273.65,273.65,0,0.0,,12,12,23,0,0,0,3283.8,0.32,0.32,1050.82
2023-07-27,S000,SKU023,Dairy,North,Metro,124.66,93.5,1,25.0,End-cap,0,43,0,0,0,0,0.0,0.255,0.105,0.0
2023-07-27,S000,SKU035,Dairy,North,Metro,313.96,313.96,0,0.0,,14,14,47,0,0,0,4395.44,0.306,0.306,1345.0
2023-07-28,S000,SKU013,Dairy,North,Metro,259.91,259.91,0,0.0,,6,6,19,0,1,0,1559.46,0.325,0.325,506.82
2023-07-28,S000,SKU014,Dairy,North,Metro,273.65,273.65,0,0.0,Floor-stack,15,15,8,0,1,0,4104.75,0.32,0.32,1313.52
2023-07-28,S000,SKU023,Dairy,North,Metro,124.66,93.5,1,25.0,,0,70,0,0,1,0,0.0,0.255,0.105,0.0
2023-07-28,S000,SKU035,Dairy,North,Metro,313.96,313.96,0,0.0,,20,20,27,0,1,0,6279.2,0.306,0.306,1921.44
2023-07-29,S000,SKU013,Dairy,North,Metro,259.91,259.91,0,0.0,,10,10,9,1,1,0,2599.1,0.325,0.325,844.71
2023-07-29,S000,SKU014,Dairy,North,Metro,273.65,273.65,0,0.0,,8,15,0,1,1,0,2189.2,0.32,0.32,700.54
2023-07-29,S000,SKU023,Dairy,North,Metro,124.66,124.66,0,0.0,,0,38,0,1,1,0,0.0,0.255,0.255,0.0
2023-07-29,S000,SKU035,Dairy,North,Metro,313.96,313.96,0,0.0,,27,27,0,1,1,0,8476.92,0.306,0.306,2593.94
2023-07-30,S000,SKU013,Dairy,North,Metro,259.91,259.91,0,0.0,End-cap,8,8,47,1,1,0,2079.28,0.325,0.325,675.77
2023-07-30,S000,SKU014,Dairy,North,Metro,273.65,273.65,0,0.0,End-cap,21,21,88,1,1,0,5746.65,0.32,0.32,1838.93
2023-07-30,S000,SKU023,Dairy,North,Metro,124.66,124.66,0,0.0,Shelf-talker,36,36,210,1,1,0,4487.76,0.255,0.255,1144.38
2023-07-30,S000,SKU035,Dairy,North,Metro,313.96,313.96,0,0.0,Shelf-talker,19,19,88,1,1,0,5965.24,0.306,0.306,1825.36
2023-07-31,S000,SKU013,Dairy,North,Metro,259.91,259.91,0,0.0,Floor-stack,9,9,39,0,1,0,2339.19,0.325,0.325,760.24
2023-07-31,S000,SKU014,Dairy,North,Metro,273.65,273.65,0,0.0,,15,15,73,0,1,0,4104.75,0.32,0.32,1313.52
2023-07-31,S000,SKU023,Dairy,North,Metro,124.66,124.66,0,0.0,Floor-stack,30,30,180,0,1,0,3739.8,0.255,0.255,953.65
2023-07-31,S000,SKU035,Dairy,North,Metro,313.96,313.96,0,0.0,,14,14,73,0,1,0,4395.44,0.306,0.306,1345.0
2023-08-01,S000,SKU013,Dairy,North,Metro,259.91,259.91,0,0.0,,8,8,31,0,1,0,2079.28,0.325,0.325,675.77
2023-08-01,S000,SKU014,Dairy,North,Metro,273.65,273.65,0,0.0,,10,10,62,0,1,0,2736.5,0.32,0.32,875.68
2023-08-01,S000,SKU023,Dairy,North,Metro,124.66,124.66,0,0.0,End-cap,38,38,142,0,1,0,4737.08,0.255,0.255,1207.96
2023-08-01,S000,SKU035,Dairy,North,Metro,313.96,313.96,0,0.0,,18,18,56,0,1,0,5651.28,0.306,0.306,1729.29
2023-08-02,S000,SKU013,Dairy,North,Metro,259.91,259.91,0,0.0,,8,8,23,0,1,0,2079.28,0.325,0.325,675.77
2023-08-02,S000,SKU014,Dairy,North,Metro,273.65,273.65,0,0.0,End-cap,13,13,49,0,1,0,3557.45,0.32,0.32,1138.38
2023-08-02,S000,SKU023,Dairy,North,Metro,124.66,124.66,0,0.0,End-cap,45,45,97,0,1,0,5609.7,0.255,0.255,1430.47
2023-08-02,S000,SKU035,Dairy,North,Metro,313.96,313.96,0,0.0,End-cap,12,12,44,0,1,0,3767.52,0.306,0.306,1152.86
2023-08-03,S000,SKU013,Dairy,North,Metro,259.91,259.91,0,0.0,,4,4,19,0,0,0,1039.64,0.325,0.325,337.88
2023-08-03,S000,SKU014,Dairy,North,Metro,273.65,273.65,0,0.0,End-cap,10,11,38,0,0,0,2736.5,0.32,0.32,875.68
2023-08-03,S000,SKU023,Dairy,North,Metro,124.66,112.19,1,10.0,,53,53,43,0,0,0,5946.07,0.255,0.195,1159.48
2023-08-03,S000,SKU035,Dairy,North,Metro,313.96,313.96,0,0.0,End-cap,9,10,33,0,0,0,2825.64,0.306,0.306,864.65
2023-08-04,S000,SKU013,Dairy,North,Metro,259.91,259.91,0,0.0,,6,6,13,0,0,0,1559.46,0.325,0.325,506.82
2023-08-04,S000,SKU014,Dairy,North,Metro,273.65,273.65,0,0.0,End-cap,11,11,27,0,0,0,3010.15,0.32,0.32,963.25
2023-08-04,S000,SKU023,Dairy,North,Metro,124.66,112.19,1,10.0,,43,43,1,0,0,0,4824.17,0.255,0.195,940.71
2023-08-04,S000,SKU035,Dairy,North,Metro,313.96,313.96,0,0.0,,16,17,16,0,0,0,5023.36,0.306,0.306,1537.15
2023-08-05,S000,SKU013,Dairy,North,Metro,259.91,259.91,0,0.0,End-cap,8,8,5,1,0,0,2079.28,0.325,0.325,675.77
2023-08-05,S000,SKU014,Dairy,North,Metro,273.65,273.65,0,0.0,,15,16,11,1,0,0,4104.75,0.32,0.32,1313.52
2023-08-05,S000,SKU023,Dairy,North,Metro,124.66,112.19,1,10.0,,1,64,0,1,0,0,112.19,0.255,0.195,21.88
2023-08-05,S000,SKU035,Dairy,North,Metro,313.96,313.96,0,0.0,,15,19,0,1,0,0,4709.4,0.306,0.306,1441.08
2023-08-06,S000,SKU013,Dairy,North,Metro,259.91,259.91,0,0.0,,6,6,53,1,0,0,1559.46,0.325,0.325,506.82
2023-08-06,S000,SKU014,Dairy,North,Metro,273.65,273.65,0,0.0,Floor-stack,16,16,92,1,0,0,4378.4,0.32,0.32,1401.09
2023-08-06,S000,SKU023,Dairy,North,Metro,124.66,124.66,0,0.0,,32,32,171,1,0,0,3989.12,0.255,0.255,1017.23
2023-08-06,S000,SKU035,Dairy,North,Metro,313.96,313.96,0,0.0,,15,15,85,1,0,0,4709.4,0.306,0.306,1441.08
2023-08-07,S000,SKU013,Dairy,North,Metro,259.91,259.91,0,0.0,Floor-stack,8,8,45,0,0,1,2079.28,0.325,0.325,675.77
2023-08-07,S000,SKU014,Dairy,North,Metro,273.65,273.65,0,0.0,End-cap,17,17,75,0,0,1,4652.05,0.32,0.32,1488.66
2023-08-07,S000,SKU023,Dairy,North,Metro,124.66,124.66,0,0.0,,43,43,127,0,0,1,5360.38,0.255,0.255,1366.9
2023-08-07,S000,SKU035,Dairy,North,Metro,313.96,313.96,0,0.0,,29,29,55,0,0,1,9104.84,0.306,0.306,2786.08
2023-08-08,S000,SKU013,Dairy,North,Metro,259.91,259.91,0,0.0,Shelf-talker,7,7,38,0,0,0,1819.37,0.325,0.325,591.3
2023-08-08,S000,SKU014,Dairy,North,Metro,273.65,273.65,0,0.0,Floor-stack,12,12,63,0,0,0,3283.8,0.32,0.32,1050.82
2023-08-08,S000,SKU023,Dairy,North,Metro,124.66,124.66,0,0.0,End-cap,29,29,98,0,0,0,3615.14,0.255,0.255,921.86
2023-08-08,S000,SKU035,Dairy,North,Metro,313.96,313.96,0,0.0,,10,10,45,0,0,0,3139.6,0.306,0.306,960.72
2023-08-09,S000,SKU013,Dairy,North,Metro,259.91,259.91,0,0.0,,6,6,32,0,0,0,1559.46,0.325,0.325,506.82
2023-08-09,S000,SKU014,Dairy,North,Metro,273.65,273.65,0,0.0,,12,12,52,0,0,0,3283.8,0.32,0.32,1050.82
2023-08-09,S000,SKU023,Dairy,North,Metro,124.66,124.66,0,0.0,,20,20,79,0,0,0,2493.2,0.255,0.255,635.77
2023-08-09,S000,SKU035,Dairy,North,Metro,313.96,313.96,0,0.0,Shelf-talker,15,15,30,0,0,0,4709.4,0.306,0.306,1441.08
2023-08-10,S000,SKU013,Dairy,North,Metro,259.91,259.91,0,0.0,Floor-stack,4,4,28,0,0,0,1039.64,0.325,0.325,337.88
2023-08-10,S000,SKU014,Dairy,North,Metro,273.65,273.65,0,0.0,,7,7,45,0,0,0,1915.55,0.32,0.32,612.98
2023-08-10,S000,SKU023,Dairy,North,Metro,124.66,124.66,0,0.0,,33,33,46,0,0,0,4113.78,0.255,0.255,1049.01
2023-08-10,S000,SKU035,Dairy,North,Metro,313.96,313.96,0,0.0,Floor-stack,12,12,18,0,0,0,3767.52,0.306,0.306,1152.86
2023-08-11,S000,SKU013,Dairy,North,Metro,259.91,259.91,0,0.0,End-cap,6,6,22,0,0,0,1559.46,0.325,0.325,506.82
2023-08-11,S000,SKU014,Dairy,North,Metro,273.65,273.65,0,0.0,,13,13,32,0,0,0,3557.45,0.32,0.32,1138.38
2023-08-11,S000,SKU023,Dairy,North,Metro,124.66,124.66,0,0.0,Shelf-talker,32,32,14,0,0,0,3989.12,0.255,0.255,1017.23
2023-08-11,S000,SKU035,Dairy,North,Metro,313.96,313.96,0,0.0,Shelf-talker,18,18,0,0,0,0,5651.28,0.306,0.306,1729.29
2023-08-12,S000,SKU013,Dairy,North,Metro,259.91,259.91,0,0.0,Floor-stack,9,9,13,1,0,1,2339.19,0.325,0.325,760.24
2023-08-12,S000,SKU014,Dairy,North,Metro,273.65,273.65,0,0.0,Shelf-talker,20,20,11,1,0,1,5473.0,0.32,0.32,1751.36
2023-08-12,S000,SKU023,Dairy,North,Metro,124.66,124.66,0,0.0,,14,57,0,1,0,1,1745.24,0.255,0.255,445.04
2023-08-12,S000,SKU035,Dairy,North,Metro,313.96,313.96,0,0.0,,0,20,0,1,0,1,0.0,0.306,0.306,0.0
2023-08-13,S000,SKU013,Dairy,North,Metro,259.91,259.91,0,0.0,,8,8,58,1,0,0,2079.28,0.325,0.325,675.77
2023-08-13,S000,SKU014,Dairy,North,Metro,273.65,273.65,0,0.0,End-cap,12,12,78,1,0,0,3283.8,0.32,0.32,1050.82
2023-08-13,S000,SKU023,Dairy,North,Metro,124.66,124.66,0,0.0,End-cap,31,31,208,1,0,0,3864.46,0.255,0.255,985.44
2023-08-13,S000,SKU035,Dairy,North,Metro,313.96,313.96,0,0.0,,16,16,89,1,0,0,5023.36,0.306,0.306,1537.15
2023-08-14,S000,SKU013,Dairy,North,Metro,259.91,259.91,0,0.0,Floor-stack,6,6,52,0,0,0,1559.46,0.325,0.325,506.82
2023-08-14,S000,SKU014,Dairy,North,Metro,273.65,273.65,0,0.0,,12,12,66,0,0,0,3283.8,0.32,0.32,1050.82
2023-08-14,S000,SKU023,Dairy,North,Metro,124.66,124.66,0,0.0,Shelf-talker,29,29,179,0,0,0,3615.14,0.255,0.255,921.86
2023-08-14,S000,SKU035,Dairy,North,Metro,313.96,313.96,0,0.0,,9,9,80,0,0,0,2825.64,0.306,0.306,864.65
2023-08-15,S000,SKU013,Dairy,North,Metro,259.91,259.91,0,0.0,,6,6,46,0,0,0,1559.46,0.325,0.325,506.82
2023-08-15,S000,SKU014,Dairy,North,Metro,273.65,273.65,0,0.0,,13,13,54,0,0,0,3557.45,0.32,0.32,1138.38
2023-08-15,S000,SKU023,Dairy,North,Metro,124.66,124.66,0,0.0,Shelf-talker,22,22,157,0,0,0,2742.52,0.255,0.255,699.34
2023-08-15,S000,SKU035,Dairy,North,Metro,313.96,313.96,0,0.0,,19,19,61,0,0,0,5965.24,0.306,0.306,1825.36
2023-08-16,S000,SKU013,Dairy,North,Metro,259.91,259.91,0,0.0,,8,8,38,0,0,1,2079.28,0.325,0.325,675.77
2023-08-16,S000,SKU014,Dairy,North,Metro,273.65,273.65,0,0.0,,19,19,35,0,0,1,5199.35,0.32,0.32,1663.79
2023-08-16,S000,SKU023,Dairy,North,Metro,124.66,124.66,0,0.0,Shelf-talker,37,37,120,0,0,1,4612.42,0.255,0.255,1176.17
2023-08-16,S000,SKU035,Dairy,North,Metro,313.96,313.96,0,0.0,Floor-stack,17,17,45,0,0,1,5337.32,0.306,0.306,1633.22
2023-08-17,S000,SKU013,Dairy,North,Metro,259.91,259.91,0,0.0,Floor-stack,6,6,32,0,0,0,1559.46,0.325,0.325,506.82
2023-08-17,S000,SKU014,Dairy,North,Metro,273.65,273.65,0,0.0,,12,12,22,0,0,0,3283.8,0.32,0.32,1050.82
2023-08-17,S000,SKU023,Dairy,North,Metro,124.66,124.66,0,0.0,Shelf-talker,29,29,91,0,0,0,3615.14,0.255,0.255,921.86
2023-08-17,S000,SKU035,Dairy,North,Metro,313.96,313.96,0,0.0,Shelf-talker,15,15,30,0,0,0,4709.4,0.306,0.306,1441.08
2023-08-18,S000,SKU013,Dairy,North,Metro,259.91,259.91,0,0.0,,7,7,25,0,0,0,1819.37,0.325,0.325,591.3
2023-08-18,S000,SKU014,Dairy,North,Metro,273.65,273.65,0,0.0,Shelf-talker,12,12,10,0,0,0,3283.8,0.32,0.32,1050.82
2023-08-18,S000,SKU023,Dairy,North,Metro,124.66,124.66,0,0.0,,24,24,67,0,0,0,2991.84,0.255,0.255,762.92
2023-08-18,S000,SKU035,Dairy,North,Metro,313.96,313.96,0,0.0,Floor-stack,14,14,16,0,0,0,4395.44,0.306,0.306,1345.0
2023-08-19,S000,SKU013,Dairy,North,Metro,259.91,259.91,0,0.0,,8,8,17,1,0,0,2079.28,0.325,0.325,675.77
2023-08-19,S000,SKU014,Dairy,North,Metro,273.65,273.65,0,0.0,,9,17,0,1,0,0,2462.85,0.32,0.32,788.11
2023-08-19,S000,SKU023,Dairy,North,Metro,124.66,124.66,0,0.0,End-cap,35,37,30,1,0,0,4363.1,0.255,0.255,1112.59
2023-08-19,S000,SKU035,Dairy,North,Metro,313.96,282.56,1,10.0,Shelf-talker,16,27,0,1,0,0,4520.96,0.306,0.246,1112.16
2023-08-20,S000,SKU013,Dairy,North,Metro,259.91,259.91,0,0.0,,10,10,65,1,0,0,2599.1,0.325,0.325,844.71
2023-08-20,S000,SKU014,Dairy,North,Metro,273.65,273.65,0,0.0,,13,14,86,1,0,0,3557.45,0.32,0.32,1138.38
2023-08-20,S000,SKU023,Dairy,North,Metro,124.66,124.66,0,0.0,Shelf-talker,35,36,219,1,0,0,4363.1,0.255,0.255,1112.59
2023-08-20,S000,SKU035,Dairy,North,Metro,313.96,282.56,1,10.0,,18,18,89,1,0,0,5086.08,0.306,0.246,1251.18
2023-08-21,S000,SKU013,Dairy,North,Metro,259.91,259.91,0,0.0,,7,7,58,0,0,0,1819.37,0.325,0.325,591.3
2023-08-21,S000,SKU014,Dairy,North,Metro,273.65,273.65,0,0.0,,11,12,74,0,0,0,3010.15,0.32,0.32,963.25
2023-08-21,S000,SKU023,Dairy,North,Metro,124.66,124.66,0,0.0,,23,25,193,0,0,0,2867.18,0.255,0.255,731.13
2023-08-21,S000,SKU035,Dairy,North,Metro,313.96,282.56,1,10.0,,23,23,66,0,0,0,6498.88,0.306,0.246,1598.72
2023-08-22,S000,SKU013,Dairy,North,Metro,259.91,259.91,0,0.0,,8,8,50,0,0,0,2079.28,0.325,0.325,675.77
2023-08-22,S000,SKU014,Dairy,North,Metro,273.65,273.65,0,0.0,,10,10,63,0,0,0,2736.5,0.32,0.32,875.68
2023-08-22,S000,SKU023,Dairy,North,Metro,124.66,124.66,0,0.0,End-cap,32,34,159,0,0,0,3989.12,0.255,0.255,1017.23
2023-08-22,S000,SKU035,Dairy,North,Metro,313.96,282.56,1,10.0,Shelf-talker,23,23,43,0,0,0,6498.88,0.306,0.246,1598.72
2023-08-23,S000,SKU013,Dairy,North,Metro,259.91,259.91,0,0.0,,7,8,43,0,0,0,1819.37,0.325,0.325,591.3
2023-08-23,S000,SKU014,Dairy,North,Metro,273.65,273.65,0,0.0,Floor-stack,13,14,50,0,0,0,3557.45,0.32,0.32,1138.38
2023-08-23,S000,SKU023,Dairy,North,Metro,124.66,124.66,0,0.0,,25,26,133,0,0,0,3116.5,0.255,0.255,794.71
2023-08-23,S000,SKU035,Dairy,North,Metro,313.96,282.56,1,10.0,End-cap,25,25,18,0,0,0,7064.0,0.306,0.246,1737.74
2023-08-24,S000,SKU013,Dairy,North,Metro,259.91,259.91,0,0.0,,7,8,35,0,0,0,1819.37,0.325,0.325,591.3
2023-08-24,S000,SKU014,Dairy,North,Metro,273.65,273.65,0,0.0,,8,8,42,0,0,0,2189.2,0.32,0.32,700.54
2023-08-24,S000,SKU023,Dairy,North,Metro,124.66,124.66,0,0.0,End-cap,26,28,105,0,0,0,3241.16,0.255,0.255,826.5
2023-08-24,S000,SKU035,Dairy,North,Metro,313.96,282.56,1,10.0,Shelf-talker,18,33,0,0,0,0,5086.08,0.306,0.246,1251.18
2023-08-25,S000,SKU013,Dairy,North,Metro,259.91,259.91,0,0.0,Shelf-talker,5,5,30,0,0,0,1299.55,0.325,0.325,422.35
2023-08-25,S000,SKU014,Dairy,North,Metro,273.65,273.65,0,0.0,Floor-stack,13,13,29,0,0,0,3557.45,0.32,0.32,1138.38
2023-08-25,S000,SKU023,Dairy,North,Metro,124.66,124.66,0,0.0,,20,20,85,0,0,0,2493.2,0.255,0.255,635.77
2023-08-25,S000,SKU035,Dairy,North,Metro,313.96,282.56,1,10.0,,0,26,0,0,0,0,0.0,0.306,0.246,0.0
2023-08-26,S000,SKU013,Dairy,North,Metro,259.91,259.91,0,0.0,,9,9,22,1,0,0,2339.19,0.325,0.325,760.24
2023-08-26,S000,SKU014,Dairy,North,Metro,273.65,273.65,0,0.0,End-cap,14,14,14,1,0,0,3831.1,0.32,0.32,1225.95
2023-08-26,S000,SKU023,Dairy,North,Metro,124.66,124.66,0,0.0,End-cap,38,38,47,1,0,0,4737.08,0.255,0.255,1207.96
2023-08-26,S000,SKU035,Dairy,North,Metro,313.96,282.56,1,10.0,,0,35,0,1,0,0,0.0,0.306,0.246,0.0
2023-08-27,S000,SKU013,Dairy,North,Metro,259.91,259.91,0,0.0,Shelf-talker,9,9,64,1,0,0,2339.19,0.325,0.325,760.24
2023-08-27,S000,SKU014,Dairy,North,Metro,273.65,273.65,0,0.0,End-cap,17,17,80,1,0,0,4652.05,0.32,0.32,1488.66
2023-08-27,S000,SKU023,Dairy,North,Metro,124.66,124.66,0,0.0,,32,32,265,1,0,0,3989.12,0.255,0.255,1017.23
2023-08-27,S000,SKU035,Dairy,North,Metro,313.96,313.96,0,0.0,,16,16,93,1,0,0,5023.36,0.306,0.306,1537.15
2023-08-28,S000,SKU013,Dairy,North,Metro,259.91,259.91,0,0.0,End-cap,9,9,55,0,1,0,2339.19,0.325,0.325,760.24
2023-08-28,S000,SKU014,Dairy,North,Metro,273.65,273.65,0,0.0,,12,12,68,0,1,0,3283.8,0.32,0.32,1050.82
2023-08-28,S000,SKU023,Dairy,North,Metro,124.66,124.66,0,0.0,,38,38,227,0,1,0,4737.08,0.255,0.255,1207.96
2023-08-28,S000,SKU035,Dairy,North,Metro,313.96,313.96,0,0.0,,12,12,81,0,1,0,3767.52,0.306,0.306,1152.86
2023-08-29,S000,SKU013,Dairy,North,Metro,259.91,259.91,0,0.0,Shelf-talker,6,6,49,0,1,0,1559.46,0.325,0.325,506.82
2023-08-29,S000,SKU014,Dairy,North,Metro,273.65,273.65,0,0.0,End-cap,14,14,54,0,1,0,3831.1,0.32,0.32,1225.95
2023-08-29,S000,SKU023,Dairy,North,Metro,124.66,124.66,0,0.0,,25,25,202,0,1,0,3116.5,0.255,0.255,794.71
2023-08-29,S000,SKU035,Dairy,North,Metro,313.96,313.96,0,0.0,,15,15,65,0,1,0,4709.4,0.306,0.306,1441.08
2023-08-30,S000,SKU013,Dairy,North,Metro,259.91,259.91,0,0.0,Shelf-talker,8,8,41,0,1,0,2079.28,0.325,0.325,675.77
2023-08-30,S000,SKU014,Dairy,North,Metro,273.65,273.65,0,0.0,End-cap,14,14,40,0,1,0,3831.1,0.32,0.32,1225.95
2023-08-30,S000,SKU023,Dairy,North,Metro,124.66,124.66,0,0.0,End-cap,35,35,167,0,1,0,4363.1,0.255,0.255,1112.59
2023-08-30,S000,SKU035,Dairy,North,Metro,313.96,313.96,0,0.0,,14,14,51,0,1,0,4395.44,0.306,0.306,1345.0
2023-08-31,S000,SKU013,Dairy,North,Metro,259.91,259.91,0,0.0,Floor-stack,7,7,34,0,1,0,1819.37,0.325,0.325,591.3
2023-08-31,S000,SKU014,Dairy,North,Metro,273.65,273.65,0,0.0,,15,15,26,0,1,0,4104.75,0.32,0.32,1313.52
2023-08-31,S000,SKU023,Dairy,North,Metro,124.66,124.66,0,0.0,Floor-stack,20,20,147,0,1,0,2493.2,0.255,0.255,635.77
2023-08-31,S000,SKU035,Dairy,North,Metro,313.96,313.96,0,0.0,,16,16,35,0,1,0,5023.36,0.306,0.306,1537.15
2023-09-01,S000,SKU013,Dairy,North,Metro,259.91,259.91,0,0.0,,9,9,24,0,1,0,2339.19,0.325,0.325,760.24
2023-09-01,S000,SKU014,Dairy,North,Metro,273.65,273.65,0,0.0,Floor-stack,11,11,15,0,1,0,3010.15,0.32,0.32,963.25
2023-09-01,S000,SKU023,Dairy,North,Metro,124.66,124.66,0,0.0,,36,36,111,0,1,0,4487.76,0.255,0.255,1144.38
2023-09-01,S000,SKU035,Dairy,North,Metro,313.96,313.96,0,0.0,,15,15,20,0,1,0,4709.4,0.306,0.306,1441.08
2023-09-02,S000,SKU013,Dairy,North,Metro,259.91,259.91,0,0.0,End-cap,7,7,18,1,1,0,1819.37,0.325,0.325,591.3
2023-09-02,S000,SKU014,Dairy,North,Metro,273.65,273.65,0,0.0,,15,18,0,1,1,0,4104.75,0.32,0.32,1313.52
2023-09-02,S000,SKU023,Dairy,North,Metro,124.66,124.66,0,0.0,,38,38,73,1,1,0,4737.08,0.255,0.255,1207.96
2023-09-02,S000,SKU035,Dairy,North,Metro,313.96,313.96,0,0.0,,14,14,6,1,1,0,4395.44,0.306,0.306,1345.0
2023-09-03,S000,SKU013,Dairy,North,Metro,259.91,259.91,0,0.0,Floor-stack,8,8,55,1,0,1,2079.28,0.325,0.325,675.77
2023-09-03,S000,SKU014,Dairy,North,Metro,273.65,273.65,0,0.0,,12,12,73,1,0,1,3283.8,0.32,0.32,1050.82
2023-09-03,S000,SKU023,Dairy,North,Metro,124.66,124.66,0,0.0,End-cap,48,48,248,1,0,1,5983.68,0.255,0.255,1525.84
2023-09-03,S000,SKU035,Dairy,North,Metro,313.96,313.96,0,0.0,Shelf-talker,27,27,88,1,0,1,8476.92,0.306,0.306,2593.94
2023-09-04,S000,SKU013,Dairy,North,Metro,259.91,259.91,0,0.0,End-cap,4,4,51,0,0,0,1039.64,0.325,0.325,337.88
2023-09-04,S000,SKU014,Dairy,North,Metro,273.65,273.65,0,0.0,,10,10,63,0,0,0,2736.5,0.32,0.32,875.68
2023-09-04,S000,SKU023,Dairy,North,Metro,124.66,124.66,0,0.0,End-cap,24,24,224,0,0,0,2991.84,0.255,0.255,762.92
2023-09-04,S000,SKU035,Dairy,North,Metro,313.96,313.96,0,0.0,,13,13,75,0,0,0,4081.48,0.306,0.306,1248.93
2023-09-05,S000,SKU013,Dairy,North,Metro,259.91,259.91,0,0.0,,6,6,45,0,0,0,1559.46,0.325,0.325,506.82
2023-09-05,S000,SKU014,Dairy,North,Metro,273.65,273.65,0,0.0,End-cap,8,8,55,0,0,0,2189.2,0.32,0.32,700.54
2023-09-05,S000,SKU023,Dairy,North,Metro,124.66,124.66,0,0.0,,23,23,202,0,0,0,2867.18,0.255,0.255,731.13
2023-09-05,S000,SKU035,Dairy,North,Metro,313.96,313.96,0,0.0,End-cap,13,13,62,0,0,0,4081.48,0.306,0.306,1248.93
2023-09-06,S000,SKU013,Dairy,North,Metro,259.91,181.94,1,30.0,End-cap,20,20,25,0,0,0,3638.8,0.325,0.145,527.63
2023-09-06,S000,SKU014,Dairy,North,Metro,273.65,273.65,0,0.0,,12,13,42,0,0,0,3283.8,0.32,0.32,1050.82
2023-09-06,S000,SKU023,Dairy,North,Metro,124.66,124.66,0,0.0,End-cap,24,25,177,0,0,0,2991.84,0.255,0.255,762.92
2023-09-06,S000,SKU035,Dairy,North,Metro,313.96,313.96,0,0.0,,10,11,51,0,0,0,3139.6,0.306,0.306,960.72
2023-09-07,S000,SKU013,Dairy,North,Metro,259.91,181.94,1,30.0,Shelf-talker,14,14,10,0,0,0,2547.16,0.325,0.145,369.34
2023-09-07,S000,SKU014,Dairy,North,Metro,273.65,273.65,0,0.0,,11,12,30,0,0,0,3010.15,0.32,0.32,963.25
2023-09-07,S000,SKU023,Dairy,North,Metro,124.66,124.66,0,0.0,Shelf-talker,27,28,148,0,0,0,3365.82,0.255,0.255,858.28
2023-09-07,S000,SKU035,Dairy,North,Metro,313.96,313.96,0,0.0,End-cap,11,12,39,0,0,0,3453.56,0.306,0.306,1056.79
2023-09-08,S000,SKU013,Dairy,North,Metro,259.91,181.94,1,30.0,,10,14,0,0,0,0,1819.4,0.325,0.145,263.81
2023-09-08,S000,SKU014,Dairy,North,Metro,273.65,273.65,0,0.0,,12,12,18,0,0,0,3283.8,0.32,0.32,1050.82
2023-09-08,S000,SKU023,Dairy,North,Metro,124.66,124.66,0,0.0,,28,30,118,0,0,0,3490.48,0.255,0.255,890.07
2023-09-08,S000,SKU035,Dairy,North,Metro,313.96,313.96,0,0.0,,11,11,27,0,0,0,3453.56,0.306,0.306,1056.79
2023-09-09,S000,SKU013,Dairy,North,Metro,259.91,181.94,1,30.0,End-cap,0,20,0,1,0,0,0.0,0.325,0.145,0.0
2023-09-09,S000,SKU014,Dairy,North,Metro,273.65,273.65,0,0.0,,18,18,0,1,0,0,4925.7,0.32,0.32,1576.22
2023-09-09,S000,SKU023,Dairy,North,Metro,124.66,124.66,0,0.0,,36,36,82,1,0,0,4487.76,0.255,0.255,1144.38
2023-09-09,S000,SKU035,Dairy,North,Metro,313.96,313.96,0,0.0,Shelf-talker,13,13,14,1,0,0,4081.48,0.306,0.306,1248.93
2023-09-10,S000,SKU013,Dairy,North,Metro,259.91,181.94,1,30.0,Shelf-talker,18,18,30,1,0,0,3274.92,0.325,0.145,474.86
2023-09-10,S000,SKU014,Dairy,North,Metro,273.65,273.65,0,0.0,,13,14,75,1,0,0,3557.45,0.32,0.32,1138.38
2023-09-10,S000,SKU023,Dairy,North,Metro,124.66,124.66,0,0.0,,28,29,283,1,0,0,3490.48,0.255,0.255,890.07
2023-09-10,S000,SKU035,Dairy,North,Metro,313.96,313.96,0,0.0,End-cap,17,18,99,1,0,0,5337.32,0.306,0.306,1633.22
2023-09-11,S000,SKU013,Dairy,North,Metro,259.91,259.91,0,0.0,,6,6,23,0,0,0,1559.46,0.325,0.325,506.82
2023-09-11,S000,SKU014,Dairy,North,Metro,273.65,273.65,0,0.0,Shelf-talker,13,13,63,0,0,0,3557.45,0.32,0.32,1138.38
2023-09-11,S000,SKU023,Dairy,North,Metro,124.66,124.66,0,0.0,Floor-stack,36,36,247,0,0,0,4487.76,0.255,0.255,1144.38
2023-09-11,S000,SKU035,Dairy,North,Metro,313.96,313.96,0,0.0,,12,12,87,0,0,0,3767.52,0.306,0.306,1152.86
2023-09-12,S000,SKU013,Dairy,North,Metro,259.91,259.91,0,0.0,,9,9,14,0,0,1,2339.19,0.325,0.325,760.24
2023-09-12,S000,SKU014,Dairy,North,Metro,273.65,273.65,0,0.0,,16,16,47,0,0,1,4378.4,0.32,0.32,1401.09
2023-09-12,S000,SKU023,Dairy,North,Metro,124.66,124.66,0,0.0,Shelf-talker,39,39,207,0,0,1,4861.74,0.255,0.255,1239.74
2023-09-12,S000,SKU035,Dairy,North,Metro,313.96,313.96,0,0.0,End-cap,21,21,66,0,0,1,6593.16,0.306,0.306,2017.51
2023-09-13,S000,SKU013,Dairy,North,Metro,259.91,259.91,0,0.0,,5,5,9,0,0,0,1299.55,0.325,0.325,422.35
2023-09-13,S000,SKU014,Dairy,North,Metro,273.65,273.65,0,0.0,Floor-stack,11,11,36,0,0,0,3010.15,0.32,0.32,963.25
2023-09-13,S000,SKU023,Dairy,North,Metro,124.66,124.66,0,0.0,,24,24,183,0,0,0,2991.84,0.255,0.255,762.92
2023-09-13,S000,SKU035,Dairy,North,Metro,313.96,313.96,0,0.0,,13,13,53,0,0,0,4081.48,0.306,0.306,1248.93
2023-09-14,S000,SKU013,Dairy,North,Metro,259.91,259.91,0,0.0,End-cap,6,6,3,0,0,0,1559.46,0.325,0.325,506.82
2023-09-14,S000,SKU014,Dairy,North,Metro,273.65,273.65,0,0.0,End-cap,14,14,22,0,0,0,3831.1,0.32,0.32,1225.95
2023-09-14,S000,SKU023,Dairy,North,Metro,124.66,124.66,0,0.0,Floor-stack,29,29,154,0,0,0,3615.14,0.255,0.255,921.86
2023-09-14,S000,SKU035,Dairy,North,Metro,313.96,313.96,0,0.0,,14,14,39,0,0,0,4395.44,0.306,0.306,1345.0
2023-09-15,S000,SKU013,Dairy,North,Metro,259.91,259.91,0,0.0,,3,7,0,0,0,0,779.73,0.325,0.325,253.41
2023-09-15,S000,SKU014,Dairy,North,Metro,273.65,273.65,0,0.0,Shelf-talker,16,16,6,0,0,0,4378.4,0.32,0.32,1401.09
2023-09-15,S000,SKU023,Dairy,North,Metro,124.66,124.66,0,0.0,,28,28,126,0,0,0,3490.48,0.255,0.255,890.07
2023-09-15,S000,SKU035,Dairy,North,Metro,313.96,313.96,0,0.0,,14,14,25,0,0,0,4395.44,0.306,0.306,1345.0
2023-09-16,S000,SKU013,Dairy,North,Metro,259.91,259.91,0,0.0,End-cap,0,9,0,1,0,0,0.0,0.325,0.325,0.0
2023-09-16,S000,SKU014,Dairy,North,Metro,273.65,273.65,0,0.0,Floor-stack,6,13,0,1,0,0,1641.9,0.32,0.32,525.41
2023-09-16,S000,SKU023,Dairy,North,Metro,124.66,124.66,0,0.0,End-cap,33,33,92,1,0,0,4113.78,0.255,0.255,1049.01
2023-09-16,S000,SKU035,Dairy,North,Metro,313.96,313.96,0,0.0,End-cap,18,18,7,1,0,0,5651.28,0.306,0.306,1729.29
2023-09-17,S000,SKU013,Dairy,North,Metro,259.91,259.91,0,0.0,,12,12,30,1,0,1,3118.92,0.325,0.325,1013.65
2023-09-17,S000,SKU014,Dairy,North,Metro,273.65,273.65,0,0.0,,21,21,81,1,0,1,5746.65,0.32,0.32,1838.93
2023-09-17,S000,SKU023,Dairy,North,Metro,124.66,124.66,0,0.0,Shelf-talker,42,42,247,1,0,1,5235.72,0.255,0.255,1335.11
2023-09-17,S000,SKU035,Dairy,North,Metro,313.96,313.96,0,0.0,End-cap,19,19,91,1,0,1,5965.24,0.306,0.306,1825.36
2023-09-18,S000,SKU013,Dairy,North,Metro,259.91,259.91,0,0.0,Shelf-talker,6,6,23,0,0,0,1559.46,0.325,0.325,506.82
2023-09-18,S000,SKU014,Dairy,North,Metro,273.65,273.65,0,0.0,End-cap,12,12,69,0,0,0,3283.8,0.32,0.32,1050.82
2023-09-18,S000,SKU023,Dairy,North,Metro,124.66,124.66,0,0.0,Shelf-talker,32,32,215,0,0,0,3989.12,0.255,0.255,1017.23
2023-09-18,S000,SKU035,Dairy,North,Metro,313.96,313.96,0,0.0,Floor-stack,16,16,75,0,0,0,5023.36,0.306,0.306,1537.15
2023-09-19,S000,SKU013,Dairy,North,Metro,259.91,259.91,0,0.0,Shelf-talker,6,6,17,0,0,0,1559.46,0.325,0.325,506.82
2023-09-19,S000,SKU014,Dairy,North,Metro,273.65,273.65,0,0.0,,12,12,57,0,0,0,3283.8,0.32,0.32,1050.82
2023-09-19,S000,SKU023,Dairy,North,Metro,124.66,124.66,0,0.0,End-cap,36,36,179,0,0,0,4487.76,0.255,0.255,1144.38
2023-09-19,S000,SKU035,Dairy,North,Metro,313.96,313.96,0,0.0,,11,11,65,0,0,0,3453.56,0.306,0.306,1056.79
2023-09-20,S000,SKU013,Dairy,North,Metro,259.91,259.91,0,0.0,Shelf-talker,7,7,10,0,0,0,1819.37,0.325,0.325,591.3
2023-09-20,S000,SKU014,Dairy,North,Metro,273.65,273.65,0,0.0,,12,12,45,0,0,0,3283.8,0.32,0.32,1050.82
2023-09-20,S000,SKU023,Dairy,North,Metro,124.66,124.66,0,0.0,,17,17,162,0,0,0,2119.22,0.255,0.255,540.4
2023-09-20,S000,SKU035,Dairy,North,Metro,313.96,313.96,0,0.0,,14,14,51,0,0,0,4395.44,0.306,0.306,1345.0
2023-09-21,S000,SKU013,Dairy,North,Metro,259.91,259.91,0,0.0,,5,5,5,0,0,0,1299.55,0.325,0.325,422.35
2023-09-21,S000,SKU014,Dairy,North,Metro,273.65,273.65,0,0.0,,11,11,34,0,0,0,3010.15,0.32,0.32,963.25
2023-09-21,S000,SKU023,Dairy,North,Metro,124.66,124.66,0,0.0,,33,33,129,0,0,0,4113.78,0.255,0.255,1049.01
2023-09-21,S000,SKU035,Dairy,North,Metro,313.96,313.96,0,0.0,,11,11,40,0,0,0,3453.56,0.306,0.306,1056.79
2023-09-22,S000,SKU013,Dairy,North,Metro,259.91,259.91,0,0.0,,5,5,0,0,0,0,1299.55,0.325,0.325,422.35
2023-09-22,S000,SKU014,Dairy,North,Metro,273.65,273.65,0,0.0,End-cap,4,4,30,0,0,0,1094.6,0.32,0.32,350.27
2023-09-22,S000,SKU023,Dairy,North,Metro,124.66,124.66,0,0.0,,27,27,102,0,0,0,3365.82,0.255,0.255,858.28
2023-09-22,S000,SKU035,Dairy,North,Metro,313.96,313.96,0,0.0,End-cap,13,13,27,0,0,0,4081.48,0.306,0.306,1248.93
2023-09-23,S000,SKU013,Dairy,North,Metro,259.91,259.91,0,0.0,End-cap,0,7,0,1,0,0,0.0,0.325,0.325,0.0
2023-09-23,S000,SKU014,Dairy,North,Metro,273.65,273.65,0,0.0,Shelf-talker,18,18,12,1,0,0,4925.7,0.32,0.32,1576.22
2023-09-23,S000,SKU023,Dairy,North,Metro,124.66,124.66,0,0.0,Shelf-talker,36,36,66,1,0,0,4487.76,0.255,0.255,1144.38
2023-09-23,S000,SKU035,Dairy,North,Metro,313.96,313.96,0,0.0,,20,20,7,1,0,0,6279.2,0.306,0.306,1921.44
2023-09-24,S000,SKU013,Dairy,North,Metro,259.91,259.91,0,0.0,,6,6,51,1,0,0,1559.46,0.325,0.325,506.82
2023-09-24,S000,SKU014,Dairy,North,Metro,273.65,273.65,0,0.0,,13,13,107,1,0,0,3557.45,0.32,0.32,1138.38
2023-09-24,S000,SKU023,Dairy,North,Metro,124.66,124.66,0,0.0,,43,43,270,1,0,0,5360.38,0.255,0.255,1366.9
2023-09-24,S000,SKU035,Dairy,North,Metro,313.96,313.96,0,0.0,,19,19,112,1,0,0,5965.24,0.306,0.306,1825.36
2023-09-25,S000,SKU013,Dairy,North,Metro,259.91,259.91,0,0.0,,9,9,42,0,0,1,2339.19,0.325,0.325,760.24
2023-09-25,S000,SKU014,Dairy,North,Metro,273.65,273.65,0,0.0,End-cap,15,15,92,0,0,1,4104.75,0.32,0.32,1313.52
2023-09-25,S000,SKU023,Dairy,North,Metro,124.66,124.66,0,0.0,,19,19,251,0,0,1,2368.54,0.255,0.255,603.98
2023-09-25,S000,SKU035,Dairy,North,Metro,313.96,313.96,0,0.0,Floor-stack,22,22,89,0,0,1,6907.12,0.306,0.306,2113.58
2023-09-26,S000,SKU013,Dairy,North,Metro,259.91,259.91,0,0.0,,7,7,35,0,0,0,1819.37,0.325,0.325,591.3
2023-09-26,S000,SKU014,Dairy,North,Metro,273.65,273.65,0,0.0,,11,11,81,0,0,0,3010.15,0.32,0.32,963.25
2023-09-26,S000,SKU023,Dairy,North,Metro,124.66,124.66,0,0.0,,31,31,220,0,0,0,3864.46,0.255,0.255,985.44
2023-09-26,S000,SKU035,Dairy,North,Metro,313.96,313.96,0,0.0,,13,13,77,0,0,0,4081.48,0.306,0.306,1248.93
2023-09-27,S000,SKU013,Dairy,North,Metro,259.91,259.91,0,0.0,,5,5,30,0,0,0,1299.55,0.325,0.325,422.35
2023-09-27,S000,SKU014,Dairy,North,Metro,273.65,273.65,0,0.0,,10,10,72,0,0,0,2736.5,0.32,0.32,875.68
2023-09-27,S000,SKU023,Dairy,North,Metro,124.66,124.66,0,0.0,,33,33,186,0,0,0,4113.78,0.255,0.255,1049.01
2023-09-27,S000,SKU035,Dairy,North,Metro,313.96,313.96,0,0.0,,16,16,61,0,0,0,5023.36,0.306,0.306,1537.15
2023-09-28,S000,SKU013,Dairy,North,Metro,259.91,259.91,0,0.0,End-cap,8,8,22,0,1,0,2079.28,0.325,0.325,675.77
2023-09-28,S000,SKU014,Dairy,North,Metro,273.65,273.65,0,0.0,,14,14,58,0,1,0,3831.1,0.32,0.32,1225.95
2023-09-28,S000,SKU023,Dairy,North,Metro,124.66,124.66,0,0.0,,28,28,158,0,1,0,3490.48,0.255,0.255,890.07
2023-09-28,S000,SKU035,Dairy,North,Metro,313.96,313.96,0,0.0,,14,14,47,0,1,0,4395.44,0.306,0.306,1345.0
2023-09-29,S000,SKU013,Dairy,North,Metro,259.91,259.91,0,0.0,,6,6,16,0,1,0,1559.46,0.325,0.325,506.82
2023-09-29,S000,SKU014,Dairy,North,Metro,273.65,273.65,0,0.0,End-cap,13,13,44,0,1,0,3557.45,0.32,0.32,1138.38
2023-09-29,S000,SKU023,Dairy,North,Metro,124.66,124.66,0,0.0,,24,24,134,0,1,0,2991.84,0.255,0.255,762.92
2023-09-29,S000,SKU035,Dairy,North,Metro,313.96,313.96,0,0.0,,15,15,32,0,1,0,4709.4,0.306,0.306,1441.08
2023-09-30,S000,SKU013,Dairy,North,Metro,259.91,259.91,0,0.0,,7,7,8,1,1,0,1819.37,0.325,0.325,591.3
2023-09-30,S000,SKU014,Dairy,North,Metro,273.65,273.65,0,0.0,,14,14,30,1,1,0,3831.1,0.32,0.32,1225.95
2023-09-30,S000,SKU023,Dairy,North,Metro,124.66,124.66,0,0.0,,51,51,83,1,1,0,6357.66,0.255,0.255,1621.2
2023-09-30,S000,SKU035,Dairy,North,Metro,313.96,313.96,0,0.0,,20,20,12,1,1,0,6279.2,0.306,0.306,1921.44
2023-10-01,S000,SKU013,Dairy,North,Metro,259.91,259.91,0,0.0,,11,12,39,1,1,0,2859.01,0.325,0.325,929.18
2023-10-01,S000,SKU014,Dairy,North,Metro,273.65,191.55,1,30.0,,38,38,98,1,1,0,7278.9,0.32,0.14,1019.05
2023-10-01,S000,SKU023,Dairy,North,Metro,124.66,124.66,0,0.0,,25,27,270,1,1,0,3116.5,0.255,0.255,794.71
2023-10-01,S000,SKU035,Dairy,North,Metro,313.96,313.96,0,0.0,,22,23,106,1,1,0,6907.12,0.306,0.306,2113.58
2023-10-02,S000,SKU013,Dairy,North,Metro,259.91,259.91,0,0.0,,6,6,33,0,1,0,1559.46,0.325,0.325,506.82
2023-10-02,S000,SKU014,Dairy,North,Metro,273.65,191.55,1,30.0,,30,30,68,0,1,0,5746.5,0.32,0.14,804.51
2023-10-02,S000,SKU023,Dairy,North,Metro,124.66,124.66,0,0.0,,33,35,235,0,1,0,4113.78,0.255,0.255,1049.01
2023-10-02,S000,SKU035,Dairy,North,Metro,313.96,266.87,1,15.0,,28,28,79,0,1,0,7472.36,0.306,0.216,1614.03
2023-10-03,S000,SKU013,Dairy,North,Metro,259.91,259.91,0,0.0,,5,5,28,0,0,0,1299.55,0.325,0.325,422.35
2023-10-03,S000,SKU014,Dairy,North,Metro,273.65,191.55,1,30.0,End-cap,30,30,38,0,0,0,5746.5,0.32,0.14,804.51
2023-10-03,S000,SKU023,Dairy,North,Metro,124.66,124.66,0,0.0,Floor-stack,30,32,202,0,0,0,3739.8,0.255,0.255,953.65
2023-10-03,S000,SKU035,Dairy,North,Metro,313.96,266.87,1,15.0,,29,29,49,0,0,0,7739.23,0.306,0.216,1671.67
2023-10-04,S000,SKU013,Dairy,North,Metro,259.91,259.91,0,0.0,Shelf-talker,6,6,22,0,0,0,1559.46,0.325,0.325,506.82
2023-10-04,S000,SKU014,Dairy,North,Metro,273.65,191.55,1,30.0,Shelf-talker,20,20,18,0,0,0,3831.0,0.32,0.14,536.34
2023-10-04,S000,SKU023,Dairy,North,Metro,124.66,124.66,0,0.0,End-cap,28,29,173,0,0,0,3490.48,0.255,0.255,890.07
2023-10-04,S000,SKU035,Dairy,North,Metro,313.96,266.87,1,15.0,,27,27,22,0,0,0,7205.49,0.306,0.216,1556.39
2023-10-05,S000,SKU013,Dairy,North,Metro,259.91,259.91,0,0.0,Shelf-talker,6,6,16,0,0,0,1559.46,0.325,0.325,506.82
2023-10-05,S000,SKU014,Dairy,North,Metro,273.65,273.65,0,0.0,,10,10,9,0,0,0,2736.5,0.32,0.32,875.68
2023-10-05,S000,SKU023,Dairy,North,Metro,124.66,124.66,0,0.0,End-cap,28,30,143,0,0,0,3490.48,0.255,0.255,890.07
2023-10-05,S000,SKU035,Dairy,North,Metro,313.96,235.47,1,25.0,,22,31,0,0,0,0,5180.34,0.306,0.156,808.13
2023-10-06,S000,SKU013,Dairy,North,Metro,259.91,259.91,0,0.0,Floor-stack,7,7,9,0,0,0,1819.37,0.325,0.325,591.3
2023-10-06,S000,SKU014,Dairy,North,Metro,273.65,273.65,0,0.0,End-cap,9,13,0,0,0,0,2462.85,0.32,0.32,788.11
2023-10-06,S000,SKU023,Dairy,North,Metro,124.66,124.66,0,0.0,Floor-stack,26,26,117,0,0,0,3241.16,0.255,0.255,826.5
2023-10-06,S000,SKU035,Dairy,North,Metro,313.96,235.47,1,25.0,Floor-stack,0,25,0,0,0,0,0.0,0.306,0.156,0.0
2023-10-07,S000,SKU013,Dairy,North,Metro,259.91,259.91,0,0.0,,9,10,0,1,0,0,2339.19,0.325,0.325,760.24
2023-10-07,S000,SKU014,Dairy,North,Metro,273.65,273.65,0,0.0,End-cap,0,13,0,1,0,0,0.0,0.32,0.32,0.0
2023-10-07,S000,SKU023,Dairy,North,Metro,124.66,124.66,0,0.0,End-cap,37,37,79,1,0,0,4612.42,0.255,0.255,1176.17
2023-10-07,S000,SKU035,Dairy,North,Metro,313.96,235.47,1,25.0,,0,35,0,1,0,0,0.0,0.306,0.156,0.0
2023-10-08,S000,SKU013,Dairy,North,Metro,259.91,259.91,0,0.0,,7,8,41,1,0,1,1819.37,0.325,0.325,591.3
2023-10-08,S000,SKU014,Dairy,North,Metro,273.65,273.65,0,0.0,,15,16,66,1,0,1,4104.75,0.32,0.32,1313.52
2023-10-08,S000,SKU023,Dairy,North,Metro,124.66,124.66,0,0.0,End-cap,38,39,269,1,0,1,4737.08,0.255,0.255,1207.96
2023-10-08,S000,SKU035,Dairy,North,Metro,313.96,188.38,1,40.0,,54,54,64,1,0,1,10172.52,0.306,0.066,671.39
2023-10-09,S000,SKU013,Dairy,North,Metro,259.91,259.91,0,0.0,,5,5,36,0,0,0,1299.55,0.325,0.325,422.35
2023-10-09,S000,SKU014,Dairy,North,Metro,273.65,273.65,0,0.0,,10,10,56,0,0,0,2736.5,0.32,0.32,875.68
2023-10-09,S000,SKU023,Dairy,North,Metro,124.66,124.66,0,0.0,,23,25,245,0,0,0,2867.18,0.255,0.255,731.13
2023-10-09,S000,SKU035,Dairy,North,Metro,313.96,188.38,1,40.0,Shelf-talker,36,36,29,0,0,0,6781.68,0.306,0.066,447.59
2023-10-10,S000,SKU013,Dairy,North,Metro,259.91,259.91,0,0.0,End-cap,8,8,28,0,0,0,2079.28,0.325,0.325,675.77
2023-10-10,S000,SKU014,Dairy,North,Metro,273.65,273.65,0,0.0,Floor-stack,11,11,45,0,0,0,3010.15,0.32,0.32,963.25
2023-10-10,S000,SKU023,Dairy,North,Metro,124.66,124.66,0,0.0,,27,28,217,0,0,0,3365.82,0.255,0.255,858.28
2023-10-10,S000,SKU035,Dairy,North,Metro,313.96,188.38,1,40.0,Shelf-talker,29,29,0,0,0,0,5463.02,0.306,0.066,360.56
2023-10-11,S000,SKU013,Dairy,North,Metro,259.91,259.91,0,0.0,End-cap,7,7,21,0,0,0,1819.37,0.325,0.325,591.3
2023-10-11,S000,SKU014,Dairy,North,Metro,273.65,273.65,0,0.0,,11,11,33,0,0,0,3010.15,0.32,0.32,963.25
2023-10-11,S000,SKU023,Dairy,North,Metro,124.66,124.66,0,0.0,,20,20,197,0,0,0,2493.2,0.255,0.255,635.77
2023-10-11,S000,SKU035,Dairy,North,Metro,313.96,188.38,1,40.0,End-cap,0,26,0,0,0,0,0.0,0.306,0.066,0.0
2023-10-12,S000,SKU013,Dairy,North,Metro,259.91,259.91,0,0.0,Shelf-talker,7,7,14,0,0,0,1819.37,0.325,0.325,591.3
2023-10-12,S000,SKU014,Dairy,North,Metro,273.65,273.65,0,0.0,,11,11,22,0,0,0,3010.15,0.32,0.32,963.25
2023-10-12,S000,SKU023,Dairy,North,Metro,124.66,124.66,0,0.0,Shelf-talker,30,30,167,0,0,0,3739.8,0.255,0.255,953.65
2023-10-12,S000,SKU035,Dairy,North,Metro,313.96,235.47,1,25.0,,0,18,0,0,0,0,0.0,0.306,0.156,0.0
2023-10-13,S000,SKU013,Dairy,North,Metro,259.91,259.91,0,0.0,,5,5,9,0,0,0,1299.55,0.325,0.325,422.35
2023-10-13,S000,SKU014,Dairy,North,Metro,273.65,273.65,0,0.0,Shelf-talker,9,9,13,0,0,0,2462.85,0.32,0.32,788.11
2023-10-13,S000,SKU023,Dairy,North,Metro,124.66,124.66,0,0.0,,15,15,152,0,0,0,1869.9,0.255,0.255,476.82
2023-10-13,S000,SKU035,Dairy,North,Metro,313.96,313.96,0,0.0,Shelf-talker,0,16,0,0,0,0,0.0,0.306,0.306,0.0
2023-10-14,S000,SKU013,Dairy,North,Metro,259.91,259.91,0,0.0,End-cap,9,9,0,1,0,0,2339.19,0.325,0.325,760.24
2023-10-14,S000,SKU014,Dairy,North,Metro,273.65,273.65,0,0.0,Shelf-talker,13,16,0,1,0,0,3557.45,0.32,0.32,1138.38
2023-10-14,S000,SKU023,Dairy,North,Metro,124.66,124.66,0,0.0,,37,37,115,1,0,0,4612.42,0.255,0.255,1176.17
2023-10-14,S000,SKU035,Dairy,North,Metro,313.96,313.96,0,0.0,End-cap,0,20,0,1,0,0,0.0,0.306,0.306,0.0
2023-10-15,S000,SKU013,Dairy,North,Metro,259.91,259.91,0,0.0,Floor-stack,9,9,39,1,0,0,2339.19,0.325,0.325,760.24
2023-10-15,S000,SKU014,Dairy,North,Metro,273.65,273.65,0,0.0,End-cap,18,18,60,1,0,0,4925.7,0.32,0.32,1576.22
2023-10-15,S000,SKU023,Dairy,North,Metro,124.66,124.66,0,0.0,Shelf-talker,37,37,328,1,0,0,4612.42,0.255,0.255,1176.17
2023-10-15,S000,SKU035,Dairy,North,Metro,313.96,313.96,0,0.0,,11,11,88,1,0,0,3453.56,0.306,0.306,1056.79
2023-10-16,S000,SKU013,Dairy,North,Metro,259.91,259.91,0,0.0,,6,6,32,0,0,0,1559.46,0.325,0.325,506.82
2023-10-16,S000,SKU014,Dairy,North,Metro,273.65,273.65,0,0.0,Shelf-talker,7,7,53,0,0,0,1915.55,0.32,0.32,612.98
2023-10-16,S000,SKU023,Dairy,North,Metro,124.66,124.66,0,0.0,,23,23,305,0,0,0,2867.18,0.255,0.255,731.13
2023-10-16,S000,SKU035,Dairy,North,Metro,313.96,313.96,0,0.0,,14,14,74,0,0,0,4395.44,0.306,0.306,1345.0
2023-10-17,S000,SKU013,Dairy,North,Metro,259.91,259.91,0,0.0,Shelf-talker,5,5,27,0,0,0,1299.55,0.325,0.325,422.35
2023-10-17,S000,SKU014,Dairy,North,Metro,273.65,273.65,0,0.0,,8,8,44,0,0,0,2189.2,0.32,0.32,700.54
2023-10-17,S000,SKU023,Dairy,North,Metro,124.66,124.66,0,0.0,End-cap,21,21,283,0,0,0,2617.86,0.255,0.255,667.55
2023-10-17,S000,SKU035,Dairy,North,Metro,313.96,313.96,0,0.0,,13,13,61,0,0,0,4081.48,0.306,0.306,1248.93
2023-10-18,S000,SKU013,Dairy,North,Metro,259.91,259.91,0,0.0,End-cap,6,6,21,0,0,0,1559.46,0.325,0.325,506.82
2023-10-18,S000,SKU014,Dairy,North,Metro,273.65,273.65,0,0.0,Shelf-talker,13,13,31,0,0,0,3557.45,0.32,0.32,1138.38
2023-10-18,S000,SKU023,Dairy,North,Metro,124.66,124.66,0,0.0,End-cap,25,25,258,0,0,0,3116.5,0.255,0.255,794.71
2023-10-18,S000,SKU035,Dairy,North,Metro,313.96,313.96,0,0.0,,17,17,44,0,0,0,5337.32,0.306,0.306,1633.22
2023-10-19,S000,SKU013,Dairy,North,Metro,259.91,259.91,0,0.0,,8,8,13,0,0,0,2079.28,0.325,0.325,675.77
2023-10-19,S000,SKU014,Dairy,North,Metro,273.65,273.65,0,0.0,,15,15,16,0,0,0,4104.75,0.32,0.32,1313.52
2023-10-19,S000,SKU023,Dairy,North,Metro,124.66,124.66,0,0.0,,31,31,227,0,0,0,3864.46,0.255,0.255,985.44
2023-10-19,S000,SKU035,Dairy,North,Metro,313.96,313.96,0,0.0,,13,13,31,0,0,0,4081.48,0.306,0.306,1248.93
2023-10-20,S000,SKU013,Dairy,North,Metro,259.91,259.91,0,0.0,Floor-stack,5,5,8,0,0,0,1299.55,0.325,0.325,422.35
2023-10-20,S000,SKU014,Dairy,North,Metro,273.65,273.65,0,0.0,Shelf-talker,7,7,9,0,0,0,1915.55,0.32,0.32,612.98
2023-10-20,S000,SKU023,Dairy,North,Metro,124.66,124.66,0,0.0,,29,29,198,0,0,0,3615.14,0.255,0.255,921.86
2023-10-20,S000,SKU035,Dairy,North,Metro,313.96,313.96,0,0.0,,15,15,16,0,0,0,4709.4,0.306,0.306,1441.08
2023-10-21,S000,SKU013,Dairy,North,Metro,259.91,259.91,0,0.0,Shelf-talker,7,7,2,1,0,0,1819.37,0.325,0.325,591.3
2023-10-21,S000,SKU014,Dairy,North,Metro,273.65,273.65,0,0.0,,9,17,0,1,0,0,2462.85,0.32,0.32,788.11
2023-10-21,S000,SKU023,Dairy,North,Metro,124.66,124.66,0,0.0,,28,28,171,1,0,0,3490.48,0.255,0.255,890.07
2023-10-21,S000,SKU035,Dairy,North,Metro,313.96,313.96,0,0.0,Floor-stack,16,16,0,1,0,0,5023.36,0.306,0.306,1537.15
2023-10-22,S000,SKU013,Dairy,North,Metro,259.91,233.92,1,10.0,Shelf-talker,12,12,32,1,0,0,2807.04,0.325,0.265,743.87
2023-10-22,S000,SKU014,Dairy,North,Metro,273.65,273.65,0,0.0,,18,19,85,1,0,0,4925.7,0.32,0.32,1576.22
2023-10-22,S000,SKU023,Dairy,North,Metro,124.66,124.66,0,0.0,Shelf-talker,34,35,356,1,0,0,4238.44,0.255,0.255,1080.8
2023-10-22,S000,SKU035,Dairy,North,Metro,313.96,313.96,0,0.0,Shelf-talker,14,15,116,1,0,0,4395.44,0.306,0.306,1345.0
2023-10-23,S000,SKU013,Dairy,North,Metro,259.91,233.92,1,10.0,,10,10,22,0,0,0,2339.2,0.325,0.265,619.89
2023-10-23,S000,SKU014,Dairy,North,Metro,273.65,273.65,0,0.0,,9,10,75,0,0,0,2462.85,0.32,0.32,788.11
2023-10-23,S000,SKU023,Dairy,North,Metro,124.66,124.66,0,0.0,Shelf-talker,27,29,327,0,0,0,3365.82,0.255,0.255,858.28
2023-10-23,S000,SKU035,Dairy,North,Metro,313.96,313.96,0,0.0,,15,16,100,0,0,0,4709.4,0.306,0.306,1441.08
2023-10-24,S000,SKU013,Dairy,North,Metro,259.91,233.92,1,10.0,,11,11,11,0,0,0,2573.12,0.325,0.265,681.88
2023-10-24,S000,SKU014,Dairy,North,Metro,273.65,273.65,0,0.0,Shelf-talker,14,15,61,0,0,0,3831.1,0.32,0.32,1225.95
2023-10-24,S000,SKU023,Dairy,North,Metro,124.66,124.66,0,0.0,Shelf-talker,27,28,299,0,0,0,3365.82,0.255,0.255,858.28
2023-10-24,S000,SKU035,Dairy,North,Metro,313.96,313.96,0,0.0,,15,16,84,0,0,0,4709.4,0.306,0.306,1441.08
2023-10-25,S000,SKU013,Dairy,North,Metro,259.91,233.92,1,10.0,End-cap,11,13,0,0,0,0,2573.12,0.325,0.265,681.88
2023-10-25,S000,SKU014,Dairy,North,Metro,273.65,273.65,0,0.0,,11,11,50,0,0,0,3010.15,0.32,0.32,963.25
2023-10-25,S000,SKU023,Dairy,North,Metro,124.66,124.66,0,0.0,,22,23,276,0,0,0,2742.52,0.255,0.255,699.34
2023-10-25,S000,SKU035,Dairy,North,Metro,313.96,313.96,0,0.0,End-cap,10,11,74,0,0,0,3139.6,0.306,0.306,960.72
2023-10-26,S000,SKU013,Dairy,North,Metro,259.91,233.92,1,10.0,,0,12,0,0,0,0,0.0,0.325,0.265,0.0
2023-10-26,S000,SKU014,Dairy,North,Metro,273.65,273.65,0,0.0,Shelf-talker,12,12,38,0,0,0,3283.8,0.32,0.32,1050.82
2023-10-26,S000,SKU023,Dairy,North,Metro,124.66,124.66,0,0.0,,28,28,248,0,0,0,3490.48,0.255,0.255,890.07
2023-10-26,S000,SKU035,Dairy,North,Metro,313.96,313.96,0,0.0,,17,17,57,0,0,0,5337.32,0.306,0.306,1633.22
2023-10-27,S000,SKU013,Dairy,North,Metro,259.91,233.92,1,10.0,,0,11,0,0,0,0,0.0,0.325,0.265,0.0
2023-10-27,S000,SKU014,Dairy,North,Metro,273.65,273.65,0,0.0,,10,10,28,0,0,0,2736.5,0.32,0.32,875.68
2023-10-27,S000,SKU023,Dairy,North,Metro,124.66,124.66,0,0.0,End-cap,32,32,216,0,0,0,3989.12,0.255,0.255,1017.23
2023-10-27,S000,SKU035,Dairy,North,Metro,313.96,313.96,0,0.0,Shelf-talker,11,11,46,0,0,0,3453.56,0.306,0.306,1056.79
2023-10-28,S000,SKU013,Dairy,North,Metro,259.91,233.92,1,10.0,,0,21,0,1,1,1,0.0,0.325,0.265,0.0
2023-10-28,S000,SKU014,Dairy,North,Metro,273.65,273.65,0,0.0,,25,25,3,1,1,1,6841.25,0.32,0.32,2189.2
2023-10-28,S000,SKU023,Dairy,North,Metro,124.66,124.66,0,0.0,End-cap,55,55,162,1,1,1,6856.3,0.255,0.255,1748.36
2023-10-28,S000,SKU035,Dairy,North,Metro,313.96,313.96,0,0.0,Floor-stack,14,14,31,1,1,1,4395.44,0.306,0.306,1345.0
2023-10-29,S000,SKU013,Dairy,North,Metro,259.91,233.92,1,10.0,,17,17,28,1,1,0,3976.64,0.325,0.265,1053.81
2023-10-29,S000,SKU014,Dairy,North,Metro,273.65,273.65,0,0.0,End-cap,18,19,70,1,1,0,4925.7,0.32,0.32,1576.22
2023-10-29,S000,SKU023,Dairy,North,Metro,124.66,124.66,0,0.0,,41,43,323,1,1,0,5111.06,0.255,0.255,1303.32
2023-10-29,S000,SKU035,Dairy,North,Metro,313.96,313.96,0,0.0,,19,20,106,1,1,0,5965.24,0.306,0.306,1825.36
2023-10-30,S000,SKU013,Dairy,North,Metro,259.91,233.92,1,10.0,End-cap,9,9,19,0,1,0,2105.28,0.325,0.265,557.9
2023-10-30,S000,SKU014,Dairy,North,Metro,273.65,273.65,0,0.0,,17,18,52,0,1,0,4652.05,0.32,0.32,1488.66
2023-10-30,S000,SKU023,Dairy,North,Metro,124.66,124.66,0,0.0,,39,42,281,0,1,0,4861.74,0.255,0.255,1239.74
2023-10-30,S000,SKU035,Dairy,North,Metro,313.96,313.96,0,0.0,,17,18,88,0,1,0,5337.32,0.306,0.306,1633.22
2023-10-31,S000,SKU013,Dairy,North,Metro,259.91,259.91,0,0.0,,9,9,10,0,1,0,2339.19,0.325,0.325,760.24
2023-10-31,S000,SKU014,Dairy,North,Metro,273.65,273.65,0,0.0,End-cap,17,17,35,0,1,0,4652.05,0.32,0.32,1488.66
2023-10-31,S000,SKU023,Dairy,North,Metro,124.66,124.66,0,0.0,,34,34,247,0,1,0,4238.44,0.255,0.255,1080.8
2023-10-31,S000,SKU035,Dairy,North,Metro,313.96,313.96,0,0.0,Shelf-talker,12,12,76,0,1,0,3767.52,0.306,0.306,1152.86
2023-11-01,S000,SKU013,Dairy,North,Metro,259.91,259.91,0,0.0,,6,6,4,0,1,0,1559.46,0.325,0.325,506.82
2023-11-01,S000,SKU014,Dairy,North,Metro,273.65,273.65,0,0.0,Floor-stack,14,14,21,0,1,0,3831.1,0.32,0.32,1225.95
2023-11-01,S000,SKU023,Dairy,North,Metro,124.66,124.66,0,0.0,,28,28,219,0,1,0,3490.48,0.255,0.255,890.07
2023-11-01,S000,SKU035,Dairy,North,Metro,313.96,313.96,0,0.0,,11,11,66,0,1,0,3453.56,0.306,0.306,1056.79
2023-11-02,S000,SKU013,Dairy,North,Metro,259.91,259.91,0,0.0,,4,7,0,0,1,0,1039.64,0.325,0.325,337.88
2023-11-02,S000,SKU014,Dairy,North,Metro,273.65,273.65,0,0.0,End-cap,21,22,0,0,1,0,5746.65,0.32,0.32,1838.93
2023-11-02,S000,SKU023,Dairy,North,Metro,124.66,124.66,0,0.0,End-cap,28,28,191,0,1,0,3490.48,0.255,0.255,890.07
2023-11-02,S000,SKU035,Dairy,North,Metro,313.96,313.96,0,0.0,,15,15,50,0,1,0,4709.4,0.306,0.306,1441.08
2023-11-03,S000,SKU013,Dairy,North,Metro,259.91,259.91,0,0.0,,0,7,0,0,0,0,0.0,0.325,0.325,0.0
2023-11-03,S000,SKU014,Dairy,North,Metro,273.65,273.65,0,0.0,,0,15,0,0,0,0,0.0,0.32,0.32,0.0
2023-11-03,S000,SKU023,Dairy,North,Metro,124.66,124.66,0,0.0,Floor-stack,29,29,162,0,0,0,3615.14,0.255,0.255,921.86
2023-11-03,S000,SKU035,Dairy,North,Metro,313.96,313.96,0,0.0,End-cap,12,12,38,0,0,0,3767.52,0.306,0.306,1152.86
2023-11-04,S000,SKU013,Dairy,North,Metro,259.91,259.91,0,0.0,,0,8,0,1,0,0,0.0,0.325,0.325,0.0
2023-11-04,S000,SKU014,Dairy,North,Metro,273.65,273.65,0,0.0,,0,16,0,1,0,0,0.0,0.32,0.32,0.0
2023-11-04,S000,SKU023,Dairy,North,Metro,124.66,124.66,0,0.0,,26,26,136,1,0,0,3241.16,0.255,0.255,826.5
2023-11-04,S000,SKU035,Dairy,North,Metro,313.96,313.96,0,0.0,,22,22,16,1,0,0,6907.12,0.306,0.306,2113.58
2023-11-05,S000,SKU013,Dairy,North,Metro,259.91,259.91,0,0.0,,8,8,43,1,0,0,2079.28,0.325,0.325,675.77
2023-11-05,S000,SKU014,Dairy,North,Metro,273.65,273.65,0,0.0,Floor-stack,12,12,83,1,0,0,3283.8,0.32,0.32,1050.82
2023-11-05,S000,SKU023,Dairy,North,Metro,124.66,124.66,0,0.0,,33,33,306,1,0,0,4113.78,0.255,0.255,1049.01
2023-11-05,S000,SKU035,Dairy,North,Metro,313.96,313.96,0,0.0,,18,18,117,1,0,0,5651.28,0.306,0.306,1729.29
2023-11-06,S000,SKU013,Dairy,North,Metro,259.91,259.91,0,0.0,,6,6,37,0,0,0,1559.46,0.325,0.325,506.82
2023-11-06,S000,SKU014,Dairy,North,Metro,273.65,273.65,0,0.0,End-cap,8,8,75,0,0,0,2189.2,0.32,0.32,700.54
2023-11-06,S000,SKU023,Dairy,North,Metro,124.66,124.66,0,0.0,,30,30,276,0,0,0,3739.8,0.255,0.255,953.65
2023-11-06,S000,SKU035,Dairy,North,Metro,313.96,313.96,0,0.0,End-cap,16,16,101,0,0,0,5023.36,0.306,0.306,1537.15
2023-11-07,S000,SKU013,Dairy,North,Metro,259.91,259.91,0,0.0,,6,6,31,0,0,0,1559.46,0.325,0.325,506.82
2023-11-07,S000,SKU014,Dairy,North,Metro,273.65,273.65,0,0.0,Shelf-talker,9,9,66,0,0,0,2462.85,0.32,0.32,788.11
2023-11-07,S000,SKU023,Dairy,North,Metro,124.66,124.66,0,0.0,,34,34,242,0,0,0,4238.44,0.255,0.255,1080.8
2023-11-07,S000,SKU035,Dairy,North,Metro,313.96,313.96,0,0.0,,15,15,87,0,0,0,4709.4,0.306,0.306,1441.08
2023-11-08,S000,SKU013,Dairy,North,Metro,259.91,259.91,0,0.0,End-cap,8,8,23,0,0,0,2079.28,0.325,0.325,675.77
2023-11-08,S000,SKU014,Dairy,North,Metro,273.65,273.65,0,0.0,,10,10,57,0,0,0,2736.5,0.32,0.32,875.68
2023-11-08,S000,SKU023,Dairy,North,Metro,124.66,124.66,0,0.0,,20,20,221,0,0,0,2493.2,0.255,0.255,635.77
2023-11-08,S000,SKU035,Dairy,North,Metro,313.96,313.96,0,0.0,,18,18,69,0,0,0,5651.28,0.306,0.306,1729.29
2023-11-09,S000,SKU013,Dairy,North,Metro,259.91,259.91,0,0.0,,7,7,16,0,0,0,1819.37,0.325,0.325,591.3
2023-11-09,S000,SKU014,Dairy,North,Metro,273.65,273.65,0,0.0,End-cap,15,15,42,0,0,0,4104.75,0.32,0.32,1313.52
2023-11-09,S000,SKU023,Dairy,North,Metro,124.66,124.66,0,0.0,,29,29,193,0,0,0,3615.14,0.255,0.255,921.86
2023-11-09,S000,SKU035,Dairy,North,Metro,313.96,313.96,0,0.0,,12,12,57,0,0,0,3767.52,0.306,0.306,1152.86
2023-11-10,S000,SKU013,Dairy,North,Metro,259.91,259.91,0,0.0,End-cap,7,7,9,0,0,0,1819.37,0.325,0.325,591.3
2023-11-10,S000,SKU014,Dairy,North,Metro,273.65,273.65,0,0.0,,13,13,29,0,0,0,3557.45,0.32,0.32,1138.38
2023-11-10,S000,SKU023,Dairy,North,Metro,124.66,124.66,0,0.0,,28,28,165,0,0,0,3490.48,0.255,0.255,890.07
2023-11-10,S000,SKU035,Dairy,North,Metro,313.96,313.96,0,0.0,,14,14,43,0,0,0,4395.44,0.306,0.306,1345.0
2023-11-11,S000,SKU013,Dairy,North,Metro,259.91,259.91,0,0.0,,9,9,1,1,0,0,2339.19,0.325,0.325,760.24
2023-11-11,S000,SKU014,Dairy,North,Metro,273.65,273.65,0,0.0,End-cap,13,13,16,1,0,0,3557.45,0.32,0.32,1138.38
2023-11-11,S000,SKU023,Dairy,North,Metro,124.66,124.66,0,0.0,End-cap,35,35,130,1,0,0,4363.1,0.255,0.255,1112.59
2023-11-11,S000,SKU035,Dairy,North,Metro,313.96,313.96,0,0.0,Shelf-talker,13,13,30,1,0,0,4081.48,0.306,0.306,1248.93
2023-11-12,S000,SKU013,Dairy,North,Metro,259.91,259.91,0,0.0,End-cap,7,7,35,1,0,0,1819.37,0.325,0.325,591.3
2023-11-12,S000,SKU014,Dairy,North,Metro,273.65,273.65,0,0.0,Shelf-talker,14,14,111,1,0,0,3831.1,0.32,0.32,1225.95
2023-11-12,S000,SKU023,Dairy,North,Metro,124.66,124.66,0,0.0,End-cap,36,36,321,1,0,0,4487.76,0.255,0.255,1144.38
2023-11-12,S000,SKU035,Dairy,North,Metro,313.96,313.96,0,0.0,Floor-stack,20,20,131,1,0,0,6279.2,0.306,0.306,1921.44
2023-11-13,S000,SKU013,Dairy,North,Metro,259.91,259.91,0,0.0,End-cap,9,9,26,0,0,0,2339.19,0.325,0.325,760.24
2023-11-13,S000,SKU014,Dairy,North,Metro,273.65,273.65,0,0.0,Floor-stack,11,11,100,0,0,0,3010.15,0.32,0.32,963.25
2023-11-13,S000,SKU023,Dairy,North,Metro,124.66,124.66,0,0.0,End-cap,28,28,294,0,0,0,3490.48,0.255,0.255,890.07
2023-11-13,S000,SKU035,Dairy,North,Metro,313.96,313.96,0,0.0,Floor-stack,17,17,114,0,0,0,5337.32,0.306,0.306,1633.22
2023-11-14,S000,SKU013,Dairy,North,Metro,259.91,259.91,0,0.0,,5,5,21,0,0,0,1299.55,0.325,0.325,422.35
2023-11-14,S000,SKU014,Dairy,North,Metro,273.65,273.65,0,0.0,,13,13,86,0,0,0,3557.45,0.32,0.32,1138.38
2023-11-14,S000,SKU023,Dairy,North,Metro,124.66,124.66,0,0.0,,35,35,259,0,0,0,4363.1,0.255,0.255,1112.59
2023-11-14,S000,SKU035,Dairy,North,Metro,313.96,313.96,0,0.0,,16,16,98,0,0,0,5023.36,0.306,0.306,1537.15
2023-11-15,S000,SKU013,Dairy,North,Metro,259.91,259.91,0,0.0,End-cap,6,6,15,0,0,0,1559.46,0.325,0.325,506.82
2023-11-15,S000,SKU014,Dairy,North,Metro,273.65,273.65,0,0.0,Shelf-talker,10,10,76,0,0,0,2736.5,0.32,0.32,875.68
2023-11-15,S000,SKU023,Dairy,North,Metro,124.66,124.66,0,0.0,,34,34,224,0,0,0,4238.44,0.255,0.255,1080.8
2023-11-15,S000,SKU035,Dairy,North,Metro,313.96,313.96,0,0.0,Floor-stack,14,14,85,0,0,0,4395.44,0.306,0.306,1345.0
2023-11-16,S000,SKU013,Dairy,North,Metro,259.91,259.91,0,0.0,Shelf-talker,6,6,9,0,0,0,1559.46,0.325,0.325,506.82
2023-11-16,S000,SKU014,Dairy,North,Metro,273.65,273.65,0,0.0,,12,12,64,0,0,0,3283.8,0.32,0.32,1050.82
2023-11-16,S000,SKU023,Dairy,North,Metro,124.66,124.66,0,0.0,,39,39,185,0,0,0,4861.74,0.255,0.255,1239.74
2023-11-16,S000,SKU035,Dairy,North,Metro,313.96,313.96,0,0.0,,10,10,74,0,0,0,3139.6,0.306,0.306,960.72
2023-11-17,S000,SKU013,Dairy,North,Metro,259.91,259.91,0,0.0,,6,6,3,0,0,0,1559.46,0.325,0.325,506.82
2023-11-17,S000,SKU014,Dairy,North,Metro,273.65,273.65,0,0.0,,12,12,52,0,0,0,3283.8,0.32,0.32,1050.82
2023-11-17,S000,SKU023,Dairy,North,Metro,124.66,124.66,0,0.0,,28,28,157,0,0,0,3490.48,0.255,0.255,890.07
2023-11-17,S000,SKU035,Dairy,North,Metro,313.96,313.96,0,0.0,,14,14,60,0,0,0,4395.44,0.306,0.306,1345.0
2023-11-18,S000,SKU013,Dairy,North,Metro,259.91,259.91,0,0.0,End-cap,3,7,0,1,0,0,779.73,0.325,0.325,253.41
2023-11-18,S000,SKU014,Dairy,North,Metro,273.65,273.65,0,0.0,End-cap,12,12,39,1,0,0,3283.8,0.32,0.32,1050.82
2023-11-18,S000,SKU023,Dairy,North,Metro,124.66,124.66,0,0.0,,33,33,125,1,0,0,4113.78,0.255,0.255,1049.01
2023-11-18,S000,SKU035,Dairy,North,Metro,313.96,313.96,0,0.0,,15,15,45,1,0,0,4709.4,0.306,0.306,1441.08
2023-11-19,S000,SKU013,Dairy,North,Metro,259.91,259.91,0,0.0,Shelf-talker,7,7,51,1,0,0,1819.37,0.325,0.325,591.3
2023-11-19,S000,SKU014,Dairy,North,Metro,273.65,273.65,0,0.0,,19,19,103,1,0,0,5199.35,0.32,0.32,1663.79
2023-11-19,S000,SKU023,Dairy,North,Metro,124.66,124.66,0,0.0,,29,29,301,1,0,0,3615.14,0.255,0.255,921.86
2023-11-19,S000,SKU035,Dairy,North,Metro,313.96,313.96,0,0.0,Shelf-talker,21,21,126,1,0,0,6593.16,0.306,0.306,2017.51
2023-11-20,S000,SKU013,Dairy,North,Metro,259.91,259.91,0,0.0,,7,7,43,0,0,0,1819.37,0.325,0.325,591.3
2023-11-20,S000,SKU014,Dairy,North,Metro,273.65,273.65,0,0.0,,11,11,91,0,0,0,3010.15,0.32,0.32,963.25
2023-11-20,S000,SKU023,Dairy,North,Metro,124.66,124.66,0,0.0,Floor-stack,25,25,276,0,0,0,3116.5,0.255,0.255,794.71
2023-11-20,S000,SKU035,Dairy,North,Metro,313.96,313.96,0,0.0,,13,13,113,0,0,0,4081.48,0.306,0.306,1248.93
2023-11-21,S000,SKU013,Dairy,North,Metro,259.91,259.91,0,0.0,Floor-stack,5,5,38,0,0,0,1299.55,0.325,0.325,422.35
2023-11-21,S000,SKU014,Dairy,North,Metro,273.65,273.65,0,0.0,End-cap,10,10,82,0,0,0,2736.5,0.32,0.32,875.68
2023-11-21,S000,SKU023,Dairy,North,Metro,124.66,124.66,0,0.0,Floor-stack,32,32,244,0,0,0,3989.12,0.255,0.255,1017.23
2023-11-21,S000,SKU035,Dairy,North,Metro,313.96,313.96,0,0.0,End-cap,13,13,100,0,0,0,4081.48,0.306,0.306,1248.93
2023-11-22,S000,SKU013,Dairy,North,Metro,259.91,259.91,0,0.0,,7,7,31,0,0,0,1819.37,0.325,0.325,591.3
2023-11-22,S000,SKU014,Dairy,North,Metro,273.65,164.19,1,40.0,End-cap,33,33,49,0,0,0,5418.27,0.32,0.08,433.46
2023-11-22,S000,SKU023,Dairy,North,Metro,124.66,124.66,0,0.0,Shelf-talker,30,32,212,0,0,0,3739.8,0.255,0.255,953.65
2023-11-22,S000,SKU035,Dairy,North,Metro,313.96,313.96,0,0.0,Shelf-talker,18,19,81,0,0,0,5651.28,0.306,0.306,1729.29
2023-11-23,S000,SKU013,Dairy,North,Metro,259.91,259.91,0,0.0,End-cap,7,7,24,0,0,0,1819.37,0.325,0.325,591.3
2023-11-23,S000,SKU014,Dairy,North,Metro,273.65,164.19,1,40.0,End-cap,29,29,20,0,0,0,4761.51,0.32,0.08,380.92
2023-11-23,S000,SKU023,Dairy,North,Metro,124.66,124.66,0,0.0,End-cap,30,31,180,0,0,0,3739.8,0.255,0.255,953.65
2023-11-23,S000,SKU035,Dairy,North,Metro,313.96,313.96,0,0.0,,15,16,65,0,0,0,4709.4,0.306,0.306,1441.08
2023-11-24,S000,SKU013,Dairy,North,Metro,259.91,259.91,0,0.0,Shelf-talker,6,6,18,0,0,0,1559.46,0.325,0.325,506.82
2023-11-24,S000,SKU014,Dairy,North,Metro,273.65,164.19,1,40.0,,20,31,0,0,0,0,3283.8,0.32,0.08,262.7
2023-11-24,S000,SKU023,Dairy,North,Metro,124.66,124.66,0,0.0,End-cap,24,25,156,0,0,0,2991.84,0.255,0.255,762.92
2023-11-24,S000,SKU035,Dairy,North,Metro,313.96,313.96,0,0.0,Shelf-talker,16,17,48,0,0,0,5023.36,0.306,0.306,1537.15
2023-11-25,S000,SKU013,Dairy,North,Metro,259.91,259.91,0,0.0,Floor-stack,9,9,10,1,0,0,2339.19,0.325,0.325,760.24
2023-11-25,S000,SKU014,Dairy,North,Metro,273.65,164.19,1,40.0,End-cap,0,28,0,1,0,0,0.0,0.32,0.08,0.0
2023-11-25,S000,SKU023,Dairy,North,Metro,124.66,124.66,0,0.0,End-cap,31,31,125,1,0,0,3864.46,0.255,0.255,985.44
2023-11-25,S000,SKU035,Dairy,North,Metro,313.96,313.96,0,0.0,,16,16,32,1,0,0,5023.36,0.306,0.306,1537.15
2023-11-26,S000,SKU013,Dairy,North,Metro,259.91,259.91,0,0.0,End-cap,8,8,59,1,0,0,2079.28,0.325,0.325,675.77
2023-11-26,S000,SKU014,Dairy,North,Metro,273.65,273.65,0,0.0,,17,17,72,1,0,0,4652.05,0.32,0.32,1488.66
2023-11-26,S000,SKU023,Dairy,North,Metro,124.66,124.66,0,0.0,End-cap,48,48,286,1,0,0,5983.68,0.255,0.255,1525.84
2023-11-26,S000,SKU035,Dairy,North,Metro,313.96,313.96,0,0.0,,14,14,112,1,0,0,4395.44,0.306,0.306,1345.0
2023-11-27,S000,SKU013,Dairy,North,Metro,259.91,259.91,0,0.0,End-cap,5,5,54,0,0,0,1299.55,0.325,0.325,422.35
2023-11-27,S000,SKU014,Dairy,North,Metro,273.65,273.65,0,0.0,,16,16,55,0,0,0,4378.4,0.32,0.32,1401.09
2023-11-27,S000,SKU023,Dairy,North,Metro,124.66,124.66,0,0.0,,24,24,263,0,0,0,2991.84,0.255,0.255,762.92
2023-11-27,S000,SKU035,Dairy,North,Metro,313.96,313.96,0,0.0,,17,17,95,0,0,0,5337.32,0.306,0.306,1633.22
2023-11-28,S000,SKU013,Dairy,North,Metro,259.91,259.91,0,0.0,,6,6,48,0,1,0,1559.46,0.325,0.325,506.82
2023-11-28,S000,SKU014,Dairy,North,Metro,273.65,273.65,0,0.0,,11,11,45,0,1,0,3010.15,0.32,0.32,963.25
2023-11-28,S000,SKU023,Dairy,North,Metro,124.66,124.66,0,0.0,Floor-stack,42,42,221,0,1,0,5235.72,0.255,0.255,1335.11
2023-11-28,S000,SKU035,Dairy,North,Metro,313.96,313.96,0,0.0,End-cap,21,21,74,0,1,0,6593.16,0.306,0.306,2017.51
2023-11-29,S000,SKU013,Dairy,North,Metro,259.91,259.91,0,0.0,,8,8,40,0,1,0,2079.28,0.325,0.325,675.77
2023-11-29,S000,SKU014,Dairy,North,Metro,273.65,273.65,0,0.0,End-cap,15,15,30,0,1,0,4104.75,0.32,0.32,1313.52
2023-11-29,S000,SKU023,Dairy,North,Metro,124.66,124.66,0,0.0,Shelf-talker,36,36,185,0,1,0,4487.76,0.255,0.255,1144.38
2023-11-29,S000,SKU035,Dairy,North,Metro,313.96,313.96,0,0.0,,13,13,62,0,1,0,4081.48,0.306,0.306,1248.93
2023-11-30,S000,SKU013,Dairy,North,Metro,259.91,259.91,0,0.0,Shelf-talker,8,8,31,0,1,0,2079.28,0.325,0.325,675.77
2023-11-30,S000,SKU014,Dairy,North,Metro,273.65,273.65,0,0.0,,12,12,18,0,1,0,3283.8,0.32,0.32,1050.82
2023-11-30,S000,SKU023,Dairy,North,Metro,124.66,124.66,0,0.0,,29,29,156,0,1,0,3615.14,0.255,0.255,921.86
2023-11-30,S000,SKU035,Dairy,North,Metro,313.96,313.96,0,0.0,Shelf-talker,15,15,47,0,1,0,4709.4,0.306,0.306,1441.08
2023-12-01,S000,SKU013,Dairy,North,Metro,259.91,259.91,0,0.0,,8,8,24,0,1,0,2079.28,0.325,0.325,675.77
2023-12-01,S000,SKU014,Dairy,North,Metro,273.65,273.65,0,0.0,,18,21,0,0,1,0,4925.7,0.32,0.32,1576.22
2023-12-01,S000,SKU023,Dairy,North,Metro,124.66,124.66,0,0.0,,27,27,130,0,1,0,3365.82,0.255,0.255,858.28
2023-12-01,S000,SKU035,Dairy,North,Metro,313.96,313.96,0,0.0,,14,14,32,0,1,0,4395.44,0.306,0.306,1345.0
2023-12-02,S000,SKU013,Dairy,North,Metro,259.91,259.91,0,0.0,Shelf-talker,8,8,15,1,1,0,2079.28,0.325,0.325,675.77
2023-12-02,S000,SKU014,Dairy,North,Metro,273.65,273.65,0,0.0,Floor-stack,0,21,0,1,1,0,0.0,0.32,0.32,0.0
2023-12-02,S000,SKU023,Dairy,North,Metro,124.66,124.66,0,0.0,Shelf-talker,36,36,93,1,1,0,4487.76,0.255,0.255,1144.38
2023-12-02,S000,SKU035,Dairy,North,Metro,313.96,313.96,0,0.0,End-cap,22,22,10,1,1,0,6907.12,0.306,0.306,2113.58
2023-12-03,S000,SKU013,Dairy,North,Metro,259.91,259.91,0,0.0,,8,8,49,1,0,0,2079.28,0.325,0.325,675.77
2023-12-03,S000,SKU014,Dairy,North,Metro,273.65,273.65,0,0.0,Shelf-talker,16,16,89,1,0,0,4378.4,0.32,0.32,1401.09
2023-12-03,S000,SKU023,Dairy,North,Metro,124.66,124.66,0,0.0,Floor-stack,39,39,256,1,0,0,4861.74,0.255,0.255,1239.74
2023-12-03,S000,SKU035,Dairy,North,Metro,313.96,313.96,0,0.0,,22,22,109,1,0,0,6907.12,0.306,0.306,2113.58
2023-12-04,S000,SKU013,Dairy,North,Metro,259.91,259.91,0,0.0,,6,6,43,0,0,0,1559.46,0.325,0.325,506.82
2023-12-04,S000,SKU014,Dairy,North,Metro,273.65,273.65,0,0.0,End-cap,9,9,80,0,0,0,2462.85,0.32,0.32,788.11
2023-12-04,S000,SKU023,Dairy,North,Metro,124.66,124.66,0,0.0,,24,24,231,0,0,0,2991.84,0.255,0.255,762.92
2023-12-04,S000,SKU035,Dairy,North,Metro,313.96,313.96,0,0.0,,13,13,96,0,0,0,4081.48,0.306,0.306,1248.93
2023-12-05,S000,SKU013,Dairy,North,Metro,259.91,259.91,0,0.0,,4,4,39,0,0,0,1039.64,0.325,0.325,337.88
2023-12-05,S000,SKU014,Dairy,North,Metro,273.65,273.65,0,0.0,Shelf-talker,10,10,70,0,0,0,2736.5,0.32,0.32,875.68
2023-12-05,S000,SKU023,Dairy,North,Metro,124.66,124.66,0,0.0,,37,37,194,0,0,0,4612.42,0.255,0.255,1176.17
2023-12-05,S000,SKU035,Dairy,North,Metro,313.96,313.96,0,0.0,,13,13,82,0,0,0,4081.48,0.306,0.306,1248.93
2023-12-06,S000,SKU013,Dairy,North,Metro,259.91,259.91,0,0.0,,6,6,32,0,0,0,1559.46,0.325,0.325,506.82
2023-12-06,S000,SKU014,Dairy,North,Metro,273.65,273.65,0,0.0,Floor-stack,14,14,56,0,0,0,3831.1,0.32,0.32,1225.95
2023-12-06,S000,SKU023,Dairy,North,Metro,124.66,124.66,0,0.0,,28,28,167,0,0,0,3490.48,0.255,0.255,890.07
2023-12-06,S000,SKU035,Dairy,North,Metro,313.96,313.96,0,0.0,,9,9,73,0,0,0,2825.64,0.306,0.306,864.65
2023-12-07,S000,SKU013,Dairy,North,Metro,259.91,259.91,0,0.0,,7,7,25,0,0,0,1819.37,0.325,0.325,591.3
2023-12-07,S000,SKU014,Dairy,North,Metro,273.65,273.65,0,0.0,End-cap,9,9,47,0,0,0,2462.85,0.32,0.32,788.11
2023-12-07,S000,SKU023,Dairy,North,Metro,124.66,124.66,0,0.0,,33,33,134,0,0,0,4113.78,0.255,0.255,1049.01
2023-12-07,S000,SKU035,Dairy,North,Metro,313.96,313.96,0,0.0,,12,12,61,0,0,0,3767.52,0.306,0.306,1152.86
2023-12-08,S000,SKU013,Dairy,North,Metro,259.91,259.91,0,0.0,,6,6,19,0,0,0,1559.46,0.325,0.325,506.82
2023-12-08,S000,SKU014,Dairy,North,Metro,273.65,273.65,0,0.0,,9,9,38,0,0,0,2462.85,0.32,0.32,788.11
2023-12-08,S000,SKU023,Dairy,North,Metro,124.66,124.66,0,0.0,,32,32,102,0,0,0,3989.12,0.255,0.255,1017.23
2023-12-08,S000,SKU035,Dairy,North,Metro,313.96,313.96,0,0.0,,18,18,43,0,0,0,5651.28,0.306,0.306,1729.29
2023-12-09,S000,SKU013,Dairy,North,Metro,259.91,259.91,0,0.0,Floor-stack,10,10,8,1,0,0,2599.1,0.325,0.325,844.71
2023-12-09,S000,SKU014,Dairy,North,Metro,273.65,273.65,0,0.0,End-cap,15,15,23,1,0,0,4104.75,0.32,0.32,1313.52
2023-12-09,S000,SKU023,Dairy,North,Metro,124.66,124.66,0,0.0,,47,47,55,1,0,0,5859.02,0.255,0.255,1494.05
2023-12-09,S000,SKU035,Dairy,North,Metro,313.96,313.96,0,0.0,,20,20,23,1,0,0,6279.2,0.306,0.306,1921.44
2023-12-10,S000,SKU013,Dairy,North,Metro,259.91,259.91,0,0.0,Shelf-talker,7,7,57,1,0,0,1819.37,0.325,0.325,591.3
2023-12-10,S000,SKU014,Dairy,North,Metro,273.65,273.65,0,0.0,Floor-stack,15,15,105,1,0,0,4104.75,0.32,0.32,1313.52
2023-12-10,S000,SKU023,Dairy,North,Metro,124.66,124.66,0,0.0,,33,33,240,1,0,0,4113.78,0.255,0.255,1049.01
2023-12-10,S000,SKU035,Dairy,North,Metro,313.96,313.96,0,0.0,,21,21,116,1,0,0,6593.16,0.306,0.306,2017.51
2023-12-11,S000,SKU013,Dairy,North,Metro,259.91,259.91,0,0.0,Shelf-talker,6,6,52,0,0,0,1559.46,0.325,0.325,506.82
2023-12-11,S000,SKU014,Dairy,North,Metro,273.65,273.65,0,0.0,End-cap,13,13,92,0,0,0,3557.45,0.32,0.32,1138.38
2023-12-11,S000,SKU023,Dairy,North,Metro,124.66,124.66,0,0.0,,29,29,211,0,0,0,3615.14,0.255,0.255,921.86
2023-12-11,S000,SKU035,Dairy,North,Metro,313.96,313.96,0,0.0,,13,13,102,0,0,0,4081.48,0.306,0.306,1248.93
2023-12-12,S000,SKU013,Dairy,North,Metro,259.91,259.91,0,0.0,,7,7,45,0,0,0,1819.37,0.325,0.325,591.3
2023-12-12,S000,SKU014,Dairy,North,Metro,273.65,273.65,0,0.0,,11,11,81,0,0,0,3010.15,0.32,0.32,963.25
2023-12-12,S000,SKU023,Dairy,North,Metro,124.66,124.66,0,0.0,Shelf-talker,22,22,189,0,0,0,2742.52,0.255,0.255,699.34
2023-12-12,S000,SKU035,Dairy,North,Metro,313.96,313.96,0,0.0,Shelf-talker,14,14,88,0,0,0,4395.44,0.306,0.306,1345.0
2023-12-13,S000,SKU013,Dairy,North,Metro,259.91,259.91,0,0.0,,7,7,39,0,0,0,1819.37,0.325,0.325,591.3
2023-12-13,S000,SKU014,Dairy,North,Metro,273.65,273.65,0,0.0,Floor-stack,14,14,67,0,0,0,3831.1,0.32,0.32,1225.95
2023-12-13,S000,SKU023,Dairy,North,Metro,124.66,124.66,0,0.0,,29,29,160,0,0,0,3615.14,0.255,0.255,921.86
2023-12-13,S000,SKU035,Dairy,North,Metro,313.96,313.96,0,0.0,,14,14,74,0,0,0,4395.44,0.306,0.306,1345.0
2023-12-14,S000,SKU013,Dairy,North,Metro,259.91,259.91,0,0.0,End-cap,4,4,35,0,0,0,1039.64,0.325,0.325,337.88
2023-12-14,S000,SKU014,Dairy,North,Metro,273.65,273.65,0,0.0,Shelf-talker,10,10,57,0,0,0,2736.5,0.32,0.32,875.68
2023-12-14,S000,SKU023,Dairy,North,Metro,124.66,124.66,0,0.0,,35,35,125,0,0,0,4363.1,0.255,0.255,1112.59
2023-12-14,S000,SKU035,Dairy,North,Metro,313.96,313.96,0,0.0,,15,15,59,0,0,0,4709.4,0.306,0.306,1441.08
2023-12-15,S000,SKU013,Dairy,North,Metro,259.91,259.91,0,0.0,,7,7,27,0,0,0,1819.37,0.325,0.325,591.3
2023-12-15,S000,SKU014,Dairy,North,Metro,273.65,273.65,0,0.0,,13,13,44,0,0,0,3557.45,0.32,0.32,1138.38
2023-12-15,S000,SKU023,Dairy,North,Metro,124.66,124.66,0,0.0,,30,30,95,0,0,0,3739.8,0.255,0.255,953.65
2023-12-15,S000,SKU035,Dairy,North,Metro,313.96,313.96,0,0.0,,18,18,41,0,0,0,5651.28,0.306,0.306,1729.29
2023-12-16,S000,SKU013,Dairy,North,Metro,259.91,259.91,0,0.0,,8,8,19,1,0,0,2079.28,0.325,0.325,675.77
2023-12-16,S000,SKU014,Dairy,North,Metro,273.65,273.65,0,0.0,Floor-stack,16,16,28,1,0,0,4378.4,0.32,0.32,1401.09
2023-12-16,S000,SKU023,Dairy,North,Metro,124.66,124.66,0,0.0,Shelf-talker,51,51,44,1,0,0,6357.66,0.255,0.255,1621.2
2023-12-16,S000,SKU035,Dairy,North,Metro,313.96,313.96,0,0.0,End-cap,16,16,25,1,0,0,5023.36,0.306,0.306,1537.15
2023-12-17,S000,SKU013,Dairy,North,Metro,259.91,259.91,0,0.0,Floor-stack,5,5,60,1,0,0,1299.55,0.325,0.325,422.35
2023-12-17,S000,SKU014,Dairy,North,Metro,273.65,273.65,0,0.0,End-cap,17,17,119,1,0,0,4652.05,0.32,0.32,1488.66
2023-12-17,S000,SKU023,Dairy,North,Metro,124.66,124.66,0,0.0,,39,39,224,1,0,0,4861.74,0.255,0.255,1239.74
2023-12-17,S000,SKU035,Dairy,North,Metro,313.96,313.96,0,0.0,,18,18,137,1,0,0,5651.28,0.306,0.306,1729.29
2023-12-18,S000,SKU013,Dairy,North,Metro,259.91,259.91,0,0.0,,6,6,54,0,0,0,1559.46,0.325,0.325,506.82
2023-12-18,S000,SKU014,Dairy,North,Metro,273.65,273.65,0,0.0,Shelf-talker,15,15,104,0,0,0,4104.75,0.32,0.32,1313.52
2023-12-18,S000,SKU023,Dairy,North,Metro,124.66,124.66,0,0.0,End-cap,26,26,198,0,0,0,3241.16,0.255,0.255,826.5
2023-12-18,S000,SKU035,Dairy,North,Metro,313.96,313.96,0,0.0,,12,12,125,0,0,0,3767.52,0.306,0.306,1152.86
2023-12-19,S000,SKU013,Dairy,North,Metro,259.91,259.91,0,0.0,Floor-stack,5,5,49,0,0,0,1299.55,0.325,0.325,422.35
2023-12-19,S000,SKU014,Dairy,North,Metro,273.65,273.65,0,0.0,Floor-stack,11,11,93,0,0,0,3010.15,0.32,0.32,963.25
2023-12-19,S000,SKU023,Dairy,North,Metro,124.66,124.66,0,0.0,,31,31,167,0,0,0,3864.46,0.255,0.255,985.44
2023-12-19,S000,SKU035,Dairy,North,Metro,313.96,313.96,0,0.0,Floor-stack,9,9,115,0,0,0,2825.64,0.306,0.306,864.65
2023-12-20,S000,SKU013,Dairy,North,Metro,259.91,259.91,0,0.0,,6,6,43,0,0,0,1559.46,0.325,0.325,506.82
2023-12-20,S000,SKU014,Dairy,North,Metro,273.65,273.65,0,0.0,,11,11,83,0,0,0,3010.15,0.32,0.32,963.25
2023-12-20,S000,SKU023,Dairy,North,Metro,124.66,124.66,0,0.0,,21,21,145,0,0,0,2617.86,0.255,0.255,667.55
2023-12-20,S000,SKU035,Dairy,North,Metro,313.96,313.96,0,0.0,Floor-stack,17,17,99,0,0,0,5337.32,0.306,0.306,1633.22
2023-12-21,S000,SKU013,Dairy,North,Metro,259.91,259.91,0,0.0,,5,5,38,0,0,0,1299.55,0.325,0.325,422.35
2023-12-21,S000,SKU014,Dairy,North,Metro,273.65,273.65,0,0.0,Shelf-talker,8,8,74,0,0,0,2189.2,0.32,0.32,700.54
2023-12-21,S000,SKU023,Dairy,North,Metro,124.66,124.66,0,0.0,Floor-stack,25,25,121,0,0,0,3116.5,0.255,0.255,794.71
2023-12-21,S000,SKU035,Dairy,North,Metro,313.96,313.96,0,0.0,,19,19,80,0,0,0,5965.24,0.306,0.306,1825.36
2023-12-22,S000,SKU013,Dairy,North,Metro,259.91,259.91,0,0.0,,7,7,31,0,0,0,1819.37,0.325,0.325,591.3
2023-12-22,S000,SKU014,Dairy,North,Metro,273.65,273.65,0,0.0,,8,8,67,0,0,0,2189.2,0.32,0.32,700.54
2023-12-22,S000,SKU023,Dairy,North,Metro,124.66,124.66,0,0.0,,23,23,98,0,0,0,2867.18,0.255,0.255,731.13
2023-12-22,S000,SKU035,Dairy,North,Metro,313.96,313.96,0,0.0,End-cap,16,16,63,0,0,0,5023.36,0.306,0.306,1537.15
2023-12-23,S000,SKU013,Dairy,North,Metro,259.91,259.91,0,0.0,Floor-stack,10,10,21,1,0,0,2599.1,0.325,0.325,844.71
2023-12-23,S000,SKU014,Dairy,North,Metro,273.65,273.65,0,0.0,Shelf-talker,15,15,52,1,0,0,4104.75,0.32,0.32,1313.52
2023-12-23,S000,SKU023,Dairy,North,Metro,124.66,124.66,0,0.0,,36,36,62,1,0,0,4487.76,0.255,0.255,1144.38
2023-12-23,S000,SKU035,Dairy,North,Metro,313.96,313.96,0,0.0,Shelf-talker,19,19,44,1,0,0,5965.24,0.306,0.306,1825.36
2023-12-24,S000,SKU013,Dairy,North,Metro,259.91,259.91,0,0.0,End-cap,11,11,51,1,0,1,2859.01,0.325,0.325,929.18
2023-12-24,S000,SKU014,Dairy,North,Metro,273.65,273.65,0,0.0,Shelf-talker,19,19,130,1,0,1,5199.35,0.32,0.32,1663.79
2023-12-24,S000,SKU023,Dairy,North,Metro,124.66,124.66,0,0.0,,46,46,241,1,0,1,5734.36,0.255,0.255,1462.26
2023-12-24,S000,SKU035,Dairy,North,Metro,313.96,313.96,0,0.0,Floor-stack,31,31,134,1,0,1,9732.76,0.306,0.306,2978.22
2023-12-25,S000,SKU013,Dairy,North,Metro,259.91,259.91,0,0.0,Shelf-talker,4,4,47,0,0,0,1039.64,0.325,0.325,337.88
2023-12-25,S000,SKU014,Dairy,North,Metro,273.65,273.65,0,0.0,Shelf-talker,10,10,121,0,0,0,2736.5,0.32,0.32,875.68
2023-12-25,S000,SKU023,Dairy,North,Metro,124.66,124.66,0,0.0,,35,35,205,0,0,0,4363.1,0.255,0.255,1112.59
2023-12-25,S000,SKU035,Dairy,North,Metro,313.96,313.96,0,0.0,,16,16,118,0,0,0,5023.36,0.306,0.306,1537.15
2023-12-26,S000,SKU013,Dairy,North,Metro,259.91,259.91,0,0.0,,7,7,41,0,0,0,1819.37,0.325,0.325,591.3
2023-12-26,S000,SKU014,Dairy,North,Metro,273.65,273.65,0,0.0,Shelf-talker,10,10,110,0,0,0,2736.5,0.32,0.32,875.68
2023-12-26,S000,SKU023,Dairy,North,Metro,124.66,124.66,0,0.0,End-cap,28,28,177,0,0,0,3490.48,0.255,0.255,890.07
2023-12-26,S000,SKU035,Dairy,North,Metro,313.96,313.96,0,0.0,Shelf-talker,17,17,102,0,0,0,5337.32,0.306,0.306,1633.22
2023-12-27,S000,SKU013,Dairy,North,Metro,259.91,259.91,0,0.0,Shelf-talker,6,6,34,0,0,0,1559.46,0.325,0.325,506.82
2023-12-27,S000,SKU014,Dairy,North,Metro,273.65,273.65,0,0.0,Shelf-talker,15,15,95,0,0,0,4104.75,0.32,0.32,1313.52
2023-12-27,S000,SKU023,Dairy,North,Metro,124.66,124.66,0,0.0,End-cap,24,24,153,0,0,0,2991.84,0.255,0.255,762.92
2023-12-27,S000,SKU035,Dairy,North,Metro,313.96,313.96,0,0.0,,15,15,87,0,0,0,4709.4,0.306,0.306,1441.08
2023-12-28,S000,SKU013,Dairy,North,Metro,259.91,259.91,0,0.0,End-cap,6,6,28,0,1,0,1559.46,0.325,0.325,506.82
2023-12-28,S000,SKU014,Dairy,North,Metro,273.65,273.65,0,0.0,,16,16,79,0,1,0,4378.4,0.32,0.32,1401.09
2023-12-28,S000,SKU023,Dairy,North,Metro,124.66,124.66,0,0.0,Shelf-talker,44,44,110,0,1,0,5485.04,0.255,0.255,1398.69
2023-12-28,S000,SKU035,Dairy,North,Metro,313.96,313.96,0,0.0,End-cap,18,18,69,0,1,0,5651.28,0.306,0.306,1729.29
2023-12-29,S000,SKU013,Dairy,North,Metro,259.91,259.91,0,0.0,End-cap,8,8,20,0,1,0,2079.28,0.325,0.325,675.77
2023-12-29,S000,SKU014,Dairy,North,Metro,273.65,273.65,0,0.0,,11,11,68,0,1,0,3010.15,0.32,0.32,963.25
2023-12-29,S000,SKU023,Dairy,North,Metro,124.66,124.66,0,0.0,,16,16,94,0,1,0,1994.56,0.255,0.255,508.61
2023-12-29,S000,SKU035,Dairy,North,Metro,313.96,313.96,0,0.0,,17,17,52,0,1,0,5337.32,0.306,0.306,1633.22
2023-12-30,S000,SKU013,Dairy,North,Metro,259.91,259.91,0,0.0,Shelf-talker,11,11,10,1,1,0,2859.01,0.325,0.325,929.18
2023-12-30,S000,SKU014,Dairy,North,Metro,273.65,273.65,0,0.0,,16,16,52,1,1,0,4378.4,0.32,0.32,1401.09
2023-12-30,S000,SKU023,Dairy,North,Metro,124.66,124.66,0,0.0,,42,42,52,1,1,0,5235.72,0.255,0.255,1335.11
2023-12-30,S000,SKU035,Dairy,North,Metro,313.96,313.96,0,0.0,End-cap,24,24,29,1,1,0,7535.04,0.306,0.306,2305.72
2023-12-31,S000,SKU013,Dairy,North,Metro,259.91,259.91,0,0.0,Shelf-talker,8,8,47,1,1,0,2079.28,0.325,0.325,675.77
2023-12-31,S000,SKU014,Dairy,North,Metro,273.65,273.65,0,0.0,Shelf-talker,18,18,119,1,1,0,4925.7,0.32,0.32,1576.22
2023-12-31,S000,SKU023,Dairy,North,Metro,124.66,124.66,0,0.0,Floor-stack,43,43,239,1,1,0,5360.38,0.255,0.255,1366.9
2023-12-31,S000,SKU035,Dairy,North,Metro,313.96,313.96,0,0.0,Floor-stack,17,17,141,1,1,0,5337.32,0.306,0.306,1633.22
2024-01-01,S000,SKU013,Dairy,North,Metro,259.91,259.91,0,0.0,End-cap,5,5,42,0,1,0,1299.55,0.325,0.325,422.35
2024-01-01,S000,SKU014,Dairy,North,Metro,273.65,273.65,0,0.0,End-cap,13,13,107,0,1,0,3557.45,0.32,0.32,1138.38
2024-01-01,S000,SKU023,Dairy,North,Metro,124.66,124.66,0,0.0,,35,35,204,0,1,0,4363.1,0.255,0.255,1112.59
2024-01-01,S000,SKU035,Dairy,North,Metro,313.96,313.96,0,0.0,,19,19,122,0,1,0,5965.24,0.306,0.306,1825.36
2024-01-02,S000,SKU013,Dairy,North,Metro,259.91,259.91,0,0.0,,5,5,37,0,1,0,1299.55,0.325,0.325,422.35
2024-01-02,S000,SKU014,Dairy,North,Metro,273.65,273.65,0,0.0,End-cap,12,12,94,0,1,0,3283.8,0.32,0.32,1050.82
2024-01-02,S000,SKU023,Dairy,North,Metro,124.66,124.66,0,0.0,Shelf-talker,38,38,166,0,1,0,4737.08,0.255,0.255,1207.96
2024-01-02,S000,SKU035,Dairy,North,Metro,313.96,313.96,0,0.0,,15,15,107,0,1,0,4709.4,0.306,0.306,1441.08
2024-01-03,S000,SKU013,Dairy,North,Metro,259.91,259.91,0,0.0,Shelf-talker,6,6,31,0,0,0,1559.46,0.325,0.325,506.82
2024-01-03,S000,SKU014,Dairy,North,Metro,273.65,273.65,0,0.0,,12,12,82,0,0,0,3283.8,0.32,0.32,1050.82
2024-01-03,S000,SKU023,Dairy,North,Metro,124.66,124.66,0,0.0,End-cap,30,30,136,0,0,0,3739.8,0.255,0.255,953.65
2024-01-03,S000,SKU035,Dairy,North,Metro,313.96,313.96,0,0.0,End-cap,16,16,91,0,0,0,5023.36,0.306,0.306,1537.15
2024-01-04,S000,SKU013,Dairy,North,Metro,259.91,259.91,0,0.0,,6,6,25,0,0,0,1559.46,0.325,0.325,506.82
2024-01-04,S000,SKU014,Dairy,North,Metro,273.65,273.65,0,0.0,End-cap,15,15,68,0,0,0,4104.75,0.32,0.32,1313.52
2024-01-04,S000,SKU023,Dairy,North,Metro,124.66,124.66,0,0.0,,32,32,103,0,0,0,3989.12,0.255,0.255,1017.23
2024-01-04,S000,SKU035,Dairy,North,Metro,313.96,313.96,0,0.0,,21,21,70,0,0,0,6593.16,0.306,0.306,2017.51
2024-01-05,S000,SKU013,Dairy,North,Metro,259.91,259.91,0,0.0,Floor-stack,6,6,19,0,0,0,1559.46,0.325,0.325,506.82
2024-01-05,S000,SKU014,Dairy,North,Metro,273.65,273.65,0,0.0,,15,15,53,0,0,0,4104.75,0.32,0.32,1313.52
2024-01-05,S000,SKU023,Dairy,North,Metro,124.66,124.66,0,0.0,Floor-stack,27,27,77,0,0,0,3365.82,0.255,0.255,858.28
2024-01-05,S000,SKU035,Dairy,North,Metro,313.96,313.96,0,0.0,End-cap,17,17,53,0,0,0,5337.32,0.306,0.306,1633.22
2024-01-06,S000,SKU013,Dairy,North,Metro,259.91,259.91,0,0.0,,7,7,12,1,0,0,1819.37,0.325,0.325,591.3
2024-01-06,S000,SKU014,Dairy,North,Metro,273.65,273.65,0,0.0,Floor-stack,13,13,39,1,0,0,3557.45,0.32,0.32,1138.38
2024-01-06,S000,SKU023,Dairy,North,Metro,124.66,124.66,0,0.0,,27,27,50,1,0,0,3365.82,0.255,0.255,858.28
2024-01-06,S000,SKU035,Dairy,North,Metro,313.96,313.96,0,0.0,Shelf-talker,22,22,30,1,0,0,6907.12,0.306,0.306,2113.58
2024-01-07,S000,SKU013,Dairy,North,Metro,259.91,259.91,0,0.0,,9,9,57,1,0,0,2339.19,0.325,0.325,760.24
2024-01-07,S000,SKU014,Dairy,North,Metro,273.65,273.65,0,0.0,Shelf-talker,17,17,126,1,0,0,4652.05,0.32,0.32,1488.66
2024-01-07,S000,SKU023,Dairy,North,Metro,124.66,124.66,0,0.0,End-cap,37,37,242,1,0,0,4612.42,0.255,0.255,1176.17
2024-01-07,S000,SKU035,Dairy,North,Metro,313.96,313.96,0,0.0,End-cap,21,21,126,1,0,0,6593.16,0.306,0.306,2017.51
2024-01-08,S000,SKU013,Dairy,North,Metro,259.91,259.91,0,0.0,,10,10,48,0,0,1,2599.1,0.325,0.325,844.71
2024-01-08,S000,SKU014,Dairy,North,Metro,273.65,273.65,0,0.0,,17,17,109,0,0,1,4652.05,0.32,0.32,1488.66
2024-01-08,S000,SKU023,Dairy,North,Metro,124.66,124.66,0,0.0,,32,32,210,0,0,1,3989.12,0.255,0.255,1017.23
2024-01-08,S000,SKU035,Dairy,North,Metro,313.96,313.96,0,0.0,Shelf-talker,12,12,114,0,0,1,3767.52,0.306,0.306,1152.86
2024-01-09,S000,SKU013,Dairy,North,Metro,259.91,259.91,0,0.0,End-cap,7,7,41,0,0,0,1819.37,0.325,0.325,591.3
2024-01-09,S000,SKU014,Dairy,North,Metro,273.65,273.65,0,0.0,Shelf-talker,10,10,99,0,0,0,2736.5,0.32,0.32,875.68
2024-01-09,S000,SKU023,Dairy,North,Metro,124.66,124.66,0,0.0,End-cap,26,26,184,0,0,0,3241.16,0.255,0.255,826.5
2024-01-09,S000,SKU035,Dairy,North,Metro,313.96,313.96,0,0.0,,15,15,99,0,0,0,4709.4,0.306,0.306,1441.08
2024-01-10,S000,SKU013,Dairy,North,Metro,259.91,259.91,0,0.0,,8,8,34,0,0,0,2079.28,0.325,0.325,675.77
2024-01-10,S000,SKU014,Dairy,North,Metro,273.65,273.65,0,0.0,,12,12,87,0,0,0,3283.8,0.32,0.32,1050.82
2024-01-10,S000,SKU023,Dairy,North,Metro,124.66,124.66,0,0.0,,36,36,148,0,0,0,4487.76,0.255,0.255,1144.38
2024-01-10,S000,SKU035,Dairy,North,Metro,313.96,313.96,0,0.0,,16,16,83,0,0,0,5023.36,0.306,0.306,1537.15
2024-01-11,S000,SKU013,Dairy,North,Metro,259.91,259.91,0,0.0,Shelf-talker,6,6,28,0,0,0,1559.46,0.325,0.325,506.82
2024-01-11,S000,SKU014,Dairy,North,Metro,273.65,273.65,0,0.0,,10,10,77,0,0,0,2736.5,0.32,0.32,875.68
2024-01-11,S000,SKU023,Dairy,North,Metro,124.66,124.66,0,0.0,,38,38,110,0,0,0,4737.08,0.255,0.255,1207.96
2024-01-11,S000,SKU035,Dairy,North,Metro,313.96,313.96,0,0.0,Shelf-talker,9,9,74,0,0,0,2825.64,0.306,0.306,864.65
2024-01-12,S000,SKU013,Dairy,North,Metro,259.91,259.91,0,0.0,End-cap,5,5,23,0,0,0,1299.55,0.325,0.325,422.35
2024-01-12,S000,SKU014,Dairy,North,Metro,273.65,273.65,0,0.0,End-cap,15,15,62,0,0,0,4104.75,0.32,0.32,1313.52
2024-01-12,S000,SKU023,Dairy,North,Metro,124.66,124.66,0,0.0,Floor-stack,36,36,74,0,0,0,4487.76,0.255,0.255,1144.38
2024-01-12,S000,SKU035,Dairy,North,Metro,313.96,313.96,0,0.0,,14,14,60,0,0,0,4395.44,0.306,0.306,1345.0
2024-01-13,S000,SKU013,Dairy,North,Metro,259.91,259.91,0,0.0,,7,7,15,1,0,0,1819.37,0.325,0.325,591.3
2024-01-13,S000,SKU014,Dairy,North,Metro,273.65,273.65,0,0.0,End-cap,20,20,43,1,0,0,5473.0,0.32,0.32,1751.36
2024-01-13,S000,SKU023,Dairy,North,Metro,124.66,124.66,0,0.0,,43,43,31,1,0,0,5360.38,0.255,0.255,1366.9
2024-01-13,S000,SKU035,Dairy,North,Metro,313.96,313.96,0,0.0,End-cap,18,18,42,1,0,0,5651.28,0.306,0.306,1729.29
2024-01-14,S000,SKU013,Dairy,North,Metro,259.91,259.91,0,0.0,,7,7,60,1,0,0,1819.37,0.325,0.325,591.3
2024-01-14,S000,SKU014,Dairy,North,Metro,273.65,273.65,0,0.0,,14,14,130,1,0,0,3831.1,0.32,0.32,1225.95
2024-01-14,S000,SKU023,Dairy,North,Metro,124.66,124.66,0,0.0,,37,37,205,1,0,0,4612.42,0.255,0.255,1176.17
2024-01-14,S000,SKU035,Dairy,North,Metro,313.96,313.96,0,0.0,,14,14,139,1,0,0,4395.44,0.306,0.306,1345.0
2024-01-15,S000,SKU013,Dairy,North,Metro,259.91,259.91,0,0.0,Shelf-talker,4,4,56,0,0,0,1039.64,0.325,0.325,337.88
2024-01-15,S000,SKU014,Dairy,North,Metro,273.65,273.65,0,0.0,,11,11,119,0,0,0,3010.15,0.32,0.32,963.25
2024-01-15,S000,SKU023,Dairy,North,Metro,124.66,124.66,0,0.0,,35,35,170,0,0,0,4363.1,0.255,0.255,1112.59
2024-01-15,S000,SKU035,Dairy,North,Metro,313.96,313.96,0,0.0,End-cap,12,12,126,0,0,0,3767.52,0.306,0.306,1152.86
2024-01-16,S000,SKU013,Dairy,North,Metro,259.91,259.91,0,0.0,Shelf-talker,6,6,50,0,0,0,1559.46,0.325,0.325,506.82
2024-01-16,S000,SKU014,Dairy,North,Metro,273.65,273.65,0,0.0,,15,15,104,0,0,0,4104.75,0.32,0.32,1313.52
2024-01-16,S000,SKU023,Dairy,North,Metro,124.66,124.66,0,0.0,End-cap,32,32,138,0,0,0,3989.12,0.255,0.255,1017.23
2024-01-16,S000,SKU035,Dairy,North,Metro,313.96,313.96,0,0.0,,18,18,108,0,0,0,5651.28,0.306,0.306,1729.29
2024-01-17,S000,SKU013,Dairy,North,Metro,259.91,259.91,0,0.0,,8,8,42,0,0,0,2079.28,0.325,0.325,675.77
2024-01-17,S000,SKU014,Dairy,North,Metro,273.65,273.65,0,0.0,,15,15,89,0,0,0,4104.75,0.32,0.32,1313.52
2024-01-17,S000,SKU023,Dairy,North,Metro,124.66,124.66,0,0.0,,40,40,98,0,0,0,4986.4,0.255,0.255,1271.53
2024-01-17,S000,SKU035,Dairy,North,Metro,313.96,313.96,0,0.0,Shelf-talker,5,5,103,0,0,0,1569.8,0.306,0.306,480.36
2024-01-18,S000,SKU013,Dairy,North,Metro,259.91,259.91,0,0.0,Floor-stack,7,7,34,0,0,0,1819.37,0.325,0.325,591.3
2024-01-18,S000,SKU014,Dairy,North,Metro,273.65,273.65,0,0.0,,10,10,79,0,0,0,2736.5,0.32,0.32,875.68
2024-01-18,S000,SKU023,Dairy,North,Metro,124.66,124.66,0,0.0,End-cap,25,25,73,0,0,0,3116.5,0.255,0.255,794.71
2024-01-18,S000,SKU035,Dairy,North,Metro,313.96,313.96,0,0.0,,16,16,87,0,0,0,5023.36,0.306,0.306,1537.15
2024-01-19,S000,SKU013,Dairy,North,Metro,259.91,259.91,0,0.0,,7,7,27,0,0,0,1819.37,0.325,0.325,591.3
2024-01-19,S000,SKU014,Dairy,North,Metro,273.65,273.65,0,0.0,,12,12,67,0,0,0,3283.8,0.32,0.32,1050.82
2024-01-19,S000,SKU023,Dairy,North,Metro,124.66,124.66,0,0.0,End-cap,33,33,40,0,0,0,4113.78,0.255,0.255,1049.01
2024-01-19,S000,SKU035,Dairy,North,Metro,313.96,313.96,0,0.0,,18,18,69,0,0,0,5651.28,0.306,0.306,1729.29
2024-01-20,S000,SKU013,Dairy,North,Metro,259.91,259.91,0,0.0,End-cap,8,8,19,1,0,0,2079.28,0.325,0.325,675.77
2024-01-20,S000,SKU014,Dairy,North,Metro,273.65,273.65,0,0.0,Floor-stack,15,15,52,1,0,0,4104.75,0.32,0.32,1313.52
2024-01-20,S000,SKU023,Dairy,North,Metro,124.66,124.66,0,0.0,Shelf-talker,29,29,11,1,0,0,3615.14,0.255,0.255,921.86
2024-01-20,S000,SKU035,Dairy,North,Metro,313.96,313.96,0,0.0,,18,18,51,1,0,0,5651.28,0.306,0.306,1729.29
2024-01-21,S000,SKU013,Dairy,North,Metro,259.91,259.91,0,0.0,Shelf-talker,10,10,53,1,0,0,2599.1,0.325,0.325,844.71
2024-01-21,S000,SKU014,Dairy,North,Metro,273.65,273.65,0,0.0,,13,13,146,1,0,0,3557.45,0.32,0.32,1138.38
2024-01-21,S000,SKU023,Dairy,North,Metro,124.66,124.66,0,0.0,Floor-stack,41,41,225,1,0,0,5111.06,0.255,0.255,1303.32
2024-01-21,S000,SKU035,Dairy,North,Metro,313.96,313.96,0,0.0,,23,23,157,1,0,0,7221.08,0.306,0.306,2209.65
2024-01-22,S000,SKU013,Dairy,North,Metro,259.91,259.91,0,0.0,,5,5,48,0,0,0,1299.55,0.325,0.325,422.35
2024-01-22,S000,SKU014,Dairy,North,Metro,273.65,273.65,0,0.0,,13,13,133,0,0,0,3557.45,0.32,0.32,1138.38
2024-01-22,S000,SKU023,Dairy,North,Metro,124.66,124.66,0,0.0,Shelf-talker,21,21,204,0,0,0,2617.86,0.255,0.255,667.55
2024-01-22,S000,SKU035,Dairy,North,Metro,313.96,313.96,0,0.0,Floor-stack,14,14,143,0,0,0,4395.44,0.306,0.306,1345.0
2024-01-23,S000,SKU013,Dairy,North,Metro,259.91,259.91,0,0.0,,5,5,42,0,0,0,1299.55,0.325,0.325,422.35
2024-01-23,S000,SKU014,Dairy,North,Metro,273.65,273.65,0,0.0,,11,11,122,0,0,0,3010.15,0.32,0.32,963.25
2024-01-23,S000,SKU023,Dairy,North,Metro,124.66,124.66,0,0.0,,23,23,181,0,0,0,2867.18,0.255,0.255,731.13
2024-01-23,S000,SKU035,Dairy,North,Metro,313.96,313.96,0,0.0,,12,12,130,0,0,0,3767.52,0.306,0.306,1152.86
2024-01-24,S000,SKU013,Dairy,North,Metro,259.91,259.91,0,0.0,End-cap,8,8,34,0,0,0,2079.28,0.325,0.325,675.77
2024-01-24,S000,SKU014,Dairy,North,Metro,273.65,273.65,0,0.0,,11,11,111,0,0,0,3010.15,0.32,0.32,963.25
2024-01-24,S000,SKU023,Dairy,North,Metro,124.66,124.66,0,0.0,End-cap,23,23,158,0,0,0,2867.18,0.255,0.255,731.13
2024-01-24,S000,SKU035,Dairy,North,Metro,313.96,313.96,0,0.0,,15,15,116,0,0,0,4709.4,0.306,0.306,1441.08
2024-01-25,S000,SKU013,Dairy,North,Metro,259.91,259.91,0,0.0,,7,7,28,0,0,0,1819.37,0.325,0.325,591.3
2024-01-25,S000,SKU014,Dairy,North,Metro,273.65,273.65,0,0.0,Shelf-talker,12,12,98,0,0,0,3283.8,0.32,0.32,1050.82
2024-01-25,S000,SKU023,Dairy,North,Metro,124.66,124.66,0,0.0,,31,31,127,0,0,0,3864.46,0.255,0.255,985.44
2024-01-25,S000,SKU035,Dairy,North,Metro,313.96,313.96,0,0.0,,14,14,102,0,0,0,4395.44,0.306,0.306,1345.0
2024-01-26,S000,SKU013,Dairy,North,Metro,259.91,259.91,0,0.0,,6,6,22,0,0,0,1559.46,0.325,0.325,506.82
2024-01-26,S000,SKU014,Dairy,North,Metro,273.65,273.65,0,0.0,,9,9,89,0,0,0,2462.85,0.32,0.32,788.11
2024-01-26,S000,SKU023,Dairy,North,Metro,124.66,124.66,0,0.0,,32,32,95,0,0,0,3989.12,0.255,0.255,1017.23
2024-01-26,S000,SKU035,Dairy,North,Metro,313.96,313.96,0,0.0,,13,13,88,0,0,0,4081.48,0.306,0.306,1248.93
2024-01-27,S000,SKU013,Dairy,North,Metro,259.91,259.91,0,0.0,,9,9,13,1,0,0,2339.19,0.325,0.325,760.24
2024-01-27,S000,SKU014,Dairy,North,Metro,273.65,273.65,0,0.0,,10,10,80,1,0,0,2736.5,0.32,0.32,875.68
2024-01-27,S000,SKU023,Dairy,North,Metro,124.66,124.66,0,0.0,,53,53,42,1,0,0,6606.98,0.255,0.255,1684.78
2024-01-27,S000,SKU035,Dairy,North,Metro,313.96,313.96,0,0.0,,18,18,70,1,0,0,5651.28,0.306,0.306,1729.29
2024-01-28,S000,SKU013,Dairy,North,Metro,259.91,259.91,0,0.0,Shelf-talker,9,9,57,1,1,0,2339.19,0.325,0.325,760.24
2024-01-28,S000,SKU014,Dairy,North,Metro,273.65,273.65,0,0.0,Floor-stack,20,20,151,1,1,0,5473.0,0.32,0.32,1751.36
2024-01-28,S000,SKU023,Dairy,North,Metro,124.66,124.66,0,0.0,,41,41,224,1,1,0,5111.06,0.255,0.255,1303.32
2024-01-28,S000,SKU035,Dairy,North,Metro,313.96,313.96,0,0.0,End-cap,18,18,176,1,1,0,5651.28,0.306,0.306,1729.29
2024-01-29,S000,SKU013,Dairy,North,Metro,259.91,259.91,0,0.0,,7,7,51,0,1,0,1819.37,0.325,0.325,591.3
2024-01-29,S000,SKU014,Dairy,North,Metro,273.65,273.65,0,0.0,Shelf-talker,13,13,138,0,1,0,3557.45,0.32,0.32,1138.38
2024-01-29,S000,SKU023,Dairy,North,Metro,124.66,124.66,0,0.0,,40,40,184,0,1,0,4986.4,0.255,0.255,1271.53
2024-01-29,S000,SKU035,Dairy,North,Metro,313.96,313.96,0,0.0,Floor-stack,15,15,162,0,1,0,4709.4,0.306,0.306,1441.08
2024-01-30,S000,SKU013,Dairy,North,Metro,259.91,259.91,0,0.0,,6,6,44,0,1,0,1559.46,0.325,0.325,506.82
2024-01-30,S000,SKU014,Dairy,North,Metro,273.65,273.65,0,0.0,,20,20,118,0,1,0,5473.0,0.32,0.32,1751.36
2024-01-30,S000,SKU023,Dairy,North,Metro,124.66,124.66,0,0.0,,36,36,148,0,1,0,4487.76,0.255,0.255,1144.38
2024-01-30,S000,SKU035,Dairy,North,Metro,313.96,313.96,0,0.0,,14,14,148,0,1,0,4395.44,0.306,0.306,1345.0
2024-01-31,S000,SKU013,Dairy,North,Metro,259.91,259.91,0,0.0,Floor-stack,8,8,36,0,1,0,2079.28,0.325,0.325,675.77
2024-01-31,S000,SKU014,Dairy,North,Metro,273.65,273.65,0,0.0,,20,20,99,0,1,0,5473.0,0.32,0.32,1751.36
2024-01-31,S000,SKU023,Dairy,North,Metro,124.66,124.66,0,0.0,End-cap,39,39,109,0,1,0,4861.74,0.255,0.255,1239.74
2024-01-31,S000,SKU035,Dairy,North,Metro,313.96,313.96,0,0.0,Shelf-talker,19,19,129,0,1,0,5965.24,0.306,0.306,1825.36
2024-02-01,S000,SKU013,Dairy,North,Metro,259.91,259.91,0,0.0,Shelf-talker,8,8,28,0,1,0,2079.28,0.325,0.325,675.77
2024-02-01,S000,SKU014,Dairy,North,Metro,273.65,273.65,0,0.0,Shelf-talker,13,13,85,0,1,0,3557.45,0.32,0.32,1138.38
2024-02-01,S000,SKU023,Dairy,North,Metro,124.66,124.66,0,0.0,Floor-stack,37,37,72,0,1,0,4612.42,0.255,0.255,1176.17
2024-02-01,S000,SKU035,Dairy,North,Metro,313.96,313.96,0,0.0,Floor-stack,15,15,114,0,1,0,4709.4,0.306,0.306,1441.08
2024-02-02,S000,SKU013,Dairy,North,Metro,259.91,259.91,0,0.0,,10,10,18,0,1,0,2599.1,0.325,0.325,844.71
2024-02-02,S000,SKU014,Dairy,North,Metro,273.65,273.65,0,0.0,End-cap,21,21,64,0,1,0,5746.65,0.32,0.32,1838.93
2024-02-02,S000,SKU023,Dairy,North,Metro,124.66,124.66,0,0.0,,43,43,30,0,1,0,5360.38,0.255,0.255,1366.9
2024-02-02,S000,SKU035,Dairy,North,Metro,313.96,313.96,0,0.0,Floor-stack,14,14,100,0,1,0,4395.44,0.306,0.306,1345.0
2024-02-03,S000,SKU013,Dairy,North,Metro,259.91,259.91,0,0.0,,10,10,8,1,0,1,2599.1,0.325,0.325,844.71
2024-02-03,S000,SKU014,Dairy,North,Metro,273.65,273.65,0,0.0,Floor-stack,23,23,41,1,0,1,6293.95,0.32,0.32,2014.06
2024-02-03,S000,SKU023,Dairy,North,Metro,124.66,124.66,0,0.0,,30,39,0,1,0,1,3739.8,0.255,0.255,953.65
2024-02-03,S000,SKU035,Dairy,North,Metro,313.96,313.96,0,0.0,End-cap,19,19,81,1,0,1,5965.24,0.306,0.306,1825.36
2024-02-04,S000,SKU013,Dairy,North,Metro,259.91,259.91,0,0.0,,8,8,53,1,0,0,2079.28,0.325,0.325,675.77
2024-02-04,S000,SKU014,Dairy,North,Metro,273.65,273.65,0,0.0,,14,14,120,1,0,0,3831.1,0.32,0.32,1225.95
2024-02-04,S000,SKU023,Dairy,North,Metro,124.66,124.66,0,0.0,,21,21,228,1,0,0,2617.86,0.255,0.255,667.55
2024-02-04,S000,SKU035,Dairy,North,Metro,313.96,313.96,0,0.0,Shelf-talker,19,19,154,1,0,0,5965.24,0.306,0.306,1825.36
2024-02-05,S000,SKU013,Dairy,North,Metro,259.91,259.91,0,0.0,,8,8,45,0,0,0,2079.28,0.325,0.325,675.77
2024-02-05,S000,SKU014,Dairy,North,Metro,273.65,273.65,0,0.0,Shelf-talker,7,7,113,0,0,0,1915.55,0.32,0.32,612.98
2024-02-05,S000,SKU023,Dairy,North,Metro,124.66,124.66,0,0.0,,33,33,196,0,0,0,4113.78,0.255,0.255,1049.01
2024-02-05,S000,SKU035,Dairy,North,Metro,313.96,313.96,0,0.0,,17,17,137,0,0,0,5337.32,0.306,0.306,1633.22
2024-02-06,S000,SKU013,Dairy,North,Metro,259.91,259.91,0,0.0,,7,8,37,0,0,0,1819.37,0.325,0.325,591.3
2024-02-06,S000,SKU014,Dairy,North,Metro,273.65,273.65,0,0.0,,13,14,99,0,0,0,3557.45,0.32,0.32,1138.38
2024-02-06,S000,SKU023,Dairy,North,Metro,124.66,124.66,0,0.0,Floor-stack,20,21,175,0,0,0,2493.2,0.255,0.255,635.77
2024-02-06,S000,SKU035,Dairy,North,Metro,313.96,251.17,1,20.0,End-cap,35,35,102,0,0,0,8790.95,0.306,0.186,1635.12
2024-02-07,S000,SKU013,Dairy,North,Metro,259.91,181.94,1,30.0,,16,16,20,0,0,0,2911.04,0.325,0.145,422.1
2024-02-07,S000,SKU014,Dairy,North,Metro,273.65,273.65,0,0.0,,12,13,86,0,0,0,3283.8,0.32,0.32,1050.82
2024-02-07,S000,SKU023,Dairy,North,Metro,124.66,124.66,0,0.0,,37,38,137,0,0,0,4612.42,0.255,0.255,1176.17
2024-02-07,S000,SKU035,Dairy,North,Metro,313.96,251.17,1,20.0,End-cap,32,32,70,0,0,0,8037.44,0.306,0.186,1494.96
2024-02-08,S000,SKU013,Dairy,North,Metro,259.91,181.94,1,30.0,,11,11,9,0,0,0,2001.34,0.325,0.145,290.19
2024-02-08,S000,SKU014,Dairy,North,Metro,273.65,273.65,0,0.0,Shelf-talker,14,14,72,0,0,0,3831.1,0.32,0.32,1225.95
2024-02-08,S000,SKU023,Dairy,North,Metro,124.66,124.66,0,0.0,,25,27,110,0,0,0,3116.5,0.255,0.255,794.71
2024-02-08,S000,SKU035,Dairy,North,Metro,313.96,251.17,1,20.0,,34,34,36,0,0,0,8539.78,0.306,0.186,1588.4
2024-02-09,S000,SKU013,Dairy,North,Metro,259.91,181.94,1,30.0,End-cap,9,14,0,0,0,0,1637.46,0.325,0.145,237.43
2024-02-09,S000,SKU014,Dairy,North,Metro,273.65,273.65,0,0.0,End-cap,11,12,60,0,0,0,3010.15,0.32,0.32,963.25
2024-02-09,S000,SKU023,Dairy,North,Metro,124.66,124.66,0,0.0,,23,25,85,0,0,0,2867.18,0.255,0.255,731.13
2024-02-09,S000,SKU035,Dairy,North,Metro,313.96,313.96,0,0.0,,15,15,21,0,0,0,4709.4,0.306,0.306,1441.08
2024-02-10,S000,SKU013,Dairy,North,Metro,259.91,181.94,1,30.0,,0,16,0,1,0,0,0.0,0.325,0.145,0.0
2024-02-10,S000,SKU014,Dairy,North,Metro,273.65,273.65,0,0.0,,12,12,48,1,0,0,3283.8,0.32,0.32,1050.82
2024-02-10,S000,SKU023,Dairy,North,Metro,124.66,124.66,0,0.0,,56,56,30,1,0,0,6980.96,0.255,0.255,1780.14
2024-02-10,S000,SKU035,Dairy,North,Metro,313.96,313.96,0,0.0,,20,20,1,1,0,0,6279.2,0.306,0.306,1921.44
2024-02-11,S000,SKU013,Dairy,North,Metro,259.91,259.91,0,0.0,,8,8,45,1,0,0,2079.28,0.325,0.325,675.77
2024-02-11,S000,SKU014,Dairy,North,Metro,273.65,273.65,0,0.0,,14,14,120,1,0,0,3831.1,0.32,0.32,1225.95
2024-02-11,S000,SKU023,Dairy,North,Metro,124.66,124.66,0,0.0,,37,37,219,1,0,0,4612.42,0.255,0.255,1176.17
2024-02-11,S000,SKU035,Dairy,North,Metro,313.96,313.96,0,0.0,,20,20,95,1,0,0,6279.2,0.306,0.306,1921.44
2024-02-12,S000,SKU013,Dairy,North,Metro,259.91,259.91,0,0.0,Shelf-talker,6,6,39,0,0,0,1559.46,0.325,0.325,506.82
2024-02-12,S000,SKU014,Dairy,North,Metro,273.65,273.65,0,0.0,Shelf-talker,14,14,106,0,0,0,3831.1,0.32,0.32,1225.95
2024-02-12,S000,SKU023,Dairy,North,Metro,124.66,124.66,0,0.0,Floor-stack,29,29,190,0,0,0,3615.14,0.255,0.255,921.86
2024-02-12,S000,SKU035,Dairy,North,Metro,313.96,313.96,0,0.0,,13,13,82,0,0,0,4081.48,0.306,0.306,1248.93
2024-02-13,S000,SKU013,Dairy,North,Metro,259.91,259.91,0,0.0,,9,9,30,0,0,0,2339.19,0.325,0.325,760.24
2024-02-13,S000,SKU014,Dairy,North,Metro,273.65,273.65,0,0.0,,12,12,94,0,0,0,3283.8,0.32,0.32,1050.82
2024-02-13,S000,SKU023,Dairy,North,Metro,124.66,124.66,0,0.0,End-cap,34,34,155,0,0,0,4238.44,0.255,0.255,1080.8
2024-02-13,S000,SKU035,Dairy,North,Metro,313.96,313.96,0,0.0,Shelf-talker,12,12,69,0,0,0,3767.52,0.306,0.306,1152.86
2024-02-14,S000,SKU013,Dairy,North,Metro,259.91,259.91,0,0.0,End-cap,5,5,25,0,0,0,1299.55,0.325,0.325,422.35
2024-02-14,S000,SKU014,Dairy,North,Metro,273.65,273.65,0,0.0,,12,12,82,0,0,0,3283.8,0.32,0.32,1050.82
2024-02-14,S000,SKU023,Dairy,North,Metro,124.66,124.66,0,0.0,,35,35,121,0,0,0,4363.1,0.255,0.255,1112.59
2024-02-14,S000,SKU035,Dairy,North,Metro,313.96,313.96,0,0.0,End-cap,19,19,51,0,0,0,5965.24,0.306,0.306,1825.36
2024-02-15,S000,SKU013,Dairy,North,Metro,259.91,259.91,0,0.0,,5,5,20,0,0,0,1299.55,0.325,0.325,422.35
2024-02-15,S000,SKU014,Dairy,North,Metro,273.65,273.65,0,0.0,,9,9,73,0,0,0,2462.85,0.32,0.32,788.11
2024-02-15,S000,SKU023,Dairy,North,Metro,124.66,124.66,0,0.0,End-cap,37,37,84,0,0,0,4612.42,0.255,0.255,1176.17
2024-02-15,S000,SKU035,Dairy,North,Metro,313.96,313.96,0,0.0,End-cap,16,16,35,0,0,0,5023.36,0.306,0.306,1537.15
2024-02-16,S000,SKU013,Dairy,North,Metro,259.91,259.91,0,0.0,End-cap,7,7,13,0,0,0,1819.37,0.325,0.325,591.3
2024-02-16,S000,SKU014,Dairy,North,Metro,273.65,273.65,0,0.0,,13,13,60,0,0,0,3557.45,0.32,0.32,1138.38
2024-02-16,S000,SKU023,Dairy,North,Metro,124.66,124.66,0,0.0,Shelf-talker,23,23,61,0,0,0,2867.18,0.255,0.255,731.13
2024-02-16,S000,SKU035,Dairy,North,Metro,313.96,313.96,0,0.0,End-cap,18,18,17,0,0,0,5651.28,0.306,0.306,1729.29
2024-02-17,S000,SKU013,Dairy,North,Metro,259.91,259.91,0,0.0,,9,9,4,1,0,0,2339.19,0.325,0.325,760.24
2024-02-17,S000,SKU014,Dairy,North,Metro,273.65,273.65,0,0.0,Shelf-talker,13,13,47,1,0,0,3557.45,0.32,0.32,1138.38
2024-02-17,S000,SKU023,Dairy,North,Metro,124.66,124.66,0,0.0,,41,41,20,1,0,0,5111.06,0.255,0.255,1303.32
2024-02-17,S000,SKU035,Dairy,North,Metro,313.96,313.96,0,0.0,,15,15,2,1,0,0,4709.4,0.306,0.306,1441.08
2024-02-18,S000,SKU013,Dairy,North,Metro,259.91,259.91,0,0.0,,4,4,49,1,0,0,1039.64,0.325,0.325,337.88
2024-02-18,S000,SKU014,Dairy,North,Metro,273.65,273.65,0,0.0,,18,18,114,1,0,0,4925.7,0.32,0.32,1576.22
2024-02-18,S000,SKU023,Dairy,North,Metro,124.66,124.66,0,0.0,End-cap,36,36,196,1,0,0,4487.76,0.255,0.255,1144.38
2024-02-18,S000,SKU035,Dairy,North,Metro,313.96,313.96,0,0.0,,17,17,81,1,0,0,5337.32,0.306,0.306,1633.22
2024-02-19,S000,SKU013,Dairy,North,Metro,259.91,259.91,0,0.0,Shelf-talker,5,5,45,0,0,0,1299.55,0.325,0.325,422.35
2024-02-19,S000,SKU014,Dairy,North,Metro,273.65,273.65,0,0.0,,11,11,103,0,0,0,3010.15,0.32,0.32,963.25
2024-02-19,S000,SKU023,Dairy,North,Metro,124.66,124.66,0,0.0,End-cap,25,25,171,0,0,0,3116.5,0.255,0.255,794.71
2024-02-19,S000,SKU035,Dairy,North,Metro,313.96,313.96,0,0.0,,11,11,70,0,0,0,3453.56,0.306,0.306,1056.79
2024-02-20,S000,SKU013,Dairy,North,Metro,259.91,259.91,0,0.0,,6,6,38,0,0,0,1559.46,0.325,0.325,506.82
2024-02-20,S000,SKU014,Dairy,North,Metro,273.65,273.65,0,0.0,End-cap,12,12,91,0,0,0,3283.8,0.32,0.32,1050.82
2024-02-20,S000,SKU023,Dairy,North,Metro,124.66,124.66,0,0.0,End-cap,31,31,140,0,0,0,3864.46,0.255,0.255,985.44
2024-02-20,S000,SKU035,Dairy,North,Metro,313.96,313.96,0,0.0,Floor-stack,17,17,53,0,0,0,5337.32,0.306,0.306,1633.22
2024-02-21,S000,SKU013,Dairy,North,Metro,259.91,259.91,0,0.0,,8,8,30,0,0,0,2079.28,0.325,0.325,675.77
2024-02-21,S000,SKU014,Dairy,North,Metro,273.65,273.65,0,0.0,,18,18,73,0,0,0,4925.7,0.32,0.32,1576.22
2024-02-21,S000,SKU023,Dairy,North,Metro,124.66,124.66,0,0.0,,20,20,119,0,0,0,2493.2,0.255,0.255,635.77
2024-02-21,S000,SKU035,Dairy,North,Metro,313.96,313.96,0,0.0,Shelf-talker,14,14,40,0,0,0,4395.44,0.306,0.306,1345.0
2024-02-22,S000,SKU013,Dairy,North,Metro,259.91,259.91,0,0.0,,9,9,21,0,0,0,2339.19,0.325,0.325,760.24
2024-02-22,S000,SKU014,Dairy,North,Metro,273.65,273.65,0,0.0,End-cap,12,12,62,0,0,0,3283.8,0.32,0.32,1050.82
2024-02-22,S000,SKU023,Dairy,North,Metro,124.66,124.66,0,0.0,End-cap,35,35,84,0,0,0,4363.1,0.255,0.255,1112.59
2024-02-22,S000,SKU035,Dairy,North,Metro,313.96,313.96,0,0.0,End-cap,14,14,26,0,0,0,4395.44,0.306,0.306,1345.0
2024-02-23,S000,SKU013,Dairy,North,Metro,259.91,259.91,0,0.0,,6,6,15,0,0,0,1559.46,0.325,0.325,506.82
2024-02-23,S000,SKU014,Dairy,North,Metro,273.65,273.65,0,0.0,,12,12,50,0,0,0,3283.8,0.32,0.32,1050.82
2024-02-23,S000,SKU023,Dairy,North,Metro,124.66,124.66,0,0.0,Shelf-talker,29,29,55,0,0,0,3615.14,0.255,0.255,921.86
2024-02-23,S000,SKU035,Dairy,North,Metro,313.96,313.96,0,0.0,,21,21,5,0,0,0,6593.16,0.306,0.306,2017.51
2024-02-24,S000,SKU013,Dairy,North,Metro,259.91,259.91,0,0.0,,8,8,7,1,0,0,2079.28,0.325,0.325,675.77
2024-02-24,S000,SKU014,Dairy,North,Metro,273.65,273.65,0,0.0,Shelf-talker,17,17,33,1,0,0,4652.05,0.32,0.32,1488.66
2024-02-24,S000,SKU023,Dairy,North,Metro,124.66,124.66,0,0.0,End-cap,34,34,21,1,0,0,4238.44,0.255,0.255,1080.8
2024-02-24,S000,SKU035,Dairy,North,Metro,313.96,313.96,0,0.0,Floor-stack,5,21,0,1,0,0,1569.8,0.306,0.306,480.36
2024-02-25,S000,SKU013,Dairy,North,Metro,259.91,259.91,0,0.0,,7,7,55,1,0,0,1819.37,0.325,0.325,591.3
2024-02-25,S000,SKU014,Dairy,North,Metro,273.65,273.65,0,0.0,Shelf-talker,11,11,131,1,0,0,3010.15,0.32,0.32,963.25
2024-02-25,S000,SKU023,Dairy,North,Metro,124.66,124.66,0,0.0,,37,37,226,1,0,0,4612.42,0.255,0.255,1176.17
2024-02-25,S000,SKU035,Dairy,North,Metro,313.96,313.96,0,0.0,,21,21,108,1,0,0,6593.16,0.306,0.306,2017.51
2024-02-26,S000,SKU013,Dairy,North,Metro,259.91,259.91,0,0.0,,7,7,47,0,0,0,1819.37,0.325,0.325,591.3
2024-02-26,S000,SKU014,Dairy,North,Metro,273.65,273.65,0,0.0,Shelf-talker,16,16,116,0,0,0,4378.4,0.32,0.32,1401.09
2024-02-26,S000,SKU023,Dairy,North,Metro,124.66,124.66,0,0.0,,29,29,196,0,0,0,3615.14,0.255,0.255,921.86
2024-02-26,S000,SKU035,Dairy,North,Metro,313.96,313.96,0,0.0,,12,12,96,0,0,0,3767.52,0.306,0.306,1152.86
2024-02-27,S000,SKU013,Dairy,North,Metro,259.91,259.91,0,0.0,End-cap,9,9,39,0,0,0,2339.19,0.325,0.325,760.24
2024-02-27,S000,SKU014,Dairy,North,Metro,273.65,273.65,0,0.0,,15,15,101,0,0,0,4104.75,0.32,0.32,1313.52
2024-02-27,S000,SKU023,Dairy,North,Metro,124.66,124.66,0,0.0,End-cap,37,37,160,0,0,0,4612.42,0.255,0.255,1176.17
2024-02-27,S000,SKU035,Dairy,North,Metro,313.96,313.96,0,0.0,End-cap,10,10,86,0,0,0,3139.6,0.306,0.306,960.72
2024-02-28,S000,SKU013,Dairy,North,Metro,259.91,259.91,0,0.0,Shelf-talker,10,10,29,0,1,0,2599.1,0.325,0.325,844.71
2024-02-28,S000,SKU014,Dairy,North,Metro,273.65,273.65,0,0.0,Shelf-talker,16,16,85,0,1,0,4378.4,0.32,0.32,1401.09
2024-02-28,S000,SKU023,Dairy,North,Metro,124.66,124.66,0,0.0,End-cap,29,29,131,0,1,0,3615.14,0.255,0.255,921.86
2024-02-28,S000,SKU035,Dairy,North,Metro,313.96,313.96,0,0.0,,21,21,65,0,1,0,6593.16,0.306,0.306,2017.51
2024-02-29,S000,SKU013,Dairy,North,Metro,259.91,259.91,0,0.0,,8,8,21,0,1,0,2079.28,0.325,0.325,675.77
2024-02-29,S000,SKU014,Dairy,North,Metro,273.65,273.65,0,0.0,End-cap,6,6,79,0,1,0,1641.9,0.32,0.32,525.41
2024-02-29,S000,SKU023,Dairy,North,Metro,124.66,124.66,0,0.0,Floor-stack,33,33,98,0,1,0,4113.78,0.255,0.255,1049.01
2024-02-29,S000,SKU035,Dairy,North,Metro,313.96,313.96,0,0.0,Floor-stack,11,11,55,0,1,0,3453.56,0.306,0.306,1056.79
2024-03-01,S000,SKU013,Dairy,North,Metro,259.91,259.91,0,0.0,Shelf-talker,7,7,14,0,1,0,1819.37,0.325,0.325,591.3
2024-03-01,S000,SKU014,Dairy,North,Metro,273.65,273.65,0,0.0,,14,14,65,0,1,0,3831.1,0.32,0.32,1225.95
2024-03-01,S000,SKU023,Dairy,North,Metro,124.66,124.66,0,0.0,,34,34,64,0,1,0,4238.44,0.255,0.255,1080.8
2024-03-01,S000,SKU035,Dairy,North,Metro,313.96,313.96,0,0.0,Shelf-talker,16,16,38,0,1,0,5023.36,0.306,0.306,1537.15
2024-03-02,S000,SKU013,Dairy,North,Metro,259.91,259.91,0,0.0,,9,9,5,1,1,0,2339.19,0.325,0.325,760.24
2024-03-02,S000,SKU014,Dairy,North,Metro,273.65,273.65,0,0.0,,14,14,51,1,1,0,3831.1,0.32,0.32,1225.95
2024-03-02,S000,SKU023,Dairy,North,Metro,124.66,124.66,0,0.0,,35,35,29,1,1,0,4363.1,0.255,0.255,1112.59
2024-03-02,S000,SKU035,Dairy,North,Metro,313.96,313.96,0,0.0,Floor-stack,18,18,20,1,1,0,5651.28,0.306,0.306,1729.29
2024-03-03,S000,SKU013,Dairy,North,Metro,259.91,259.91,0,0.0,,10,10,46,1,0,0,2599.1,0.325,0.325,844.71
2024-03-03,S000,SKU014,Dairy,North,Metro,273.65,273.65,0,0.0,,19,19,141,1,0,0,5199.35,0.32,0.32,1663.79
2024-03-03,S000,SKU023,Dairy,North,Metro,124.66,124.66,0,0.0,Shelf-talker,39,39,186,1,0,0,4861.74,0.255,0.255,1239.74
2024-03-03,S000,SKU035,Dairy,North,Metro,313.96,313.96,0,0.0,End-cap,16,16,123,1,0,0,5023.36,0.306,0.306,1537.15
2024-03-04,S000,SKU013,Dairy,North,Metro,259.91,259.91,0,0.0,End-cap,6,6,40,0,0,0,1559.46,0.325,0.325,506.82
2024-03-04,S000,SKU014,Dairy,North,Metro,273.65,273.65,0,0.0,,15,15,125,0,0,0,4104.75,0.32,0.32,1313.52
2024-03-04,S000,SKU023,Dairy,North,Metro,124.66,124.66,0,0.0,End-cap,27,27,160,0,0,0,3365.82,0.255,0.255,858.28
2024-03-04,S000,SKU035,Dairy,North,Metro,313.96,313.96,0,0.0,Floor-stack,14,14,109,0,0,0,4395.44,0.306,0.306,1345.0
2024-03-05,S000,SKU013,Dairy,North,Metro,259.91,259.91,0,0.0,End-cap,5,5,35,0,0,0,1299.55,0.325,0.325,422.35
2024-03-05,S000,SKU014,Dairy,North,Metro,273.65,273.65,0,0.0,,14,14,112,0,0,0,3831.1,0.32,0.32,1225.95
2024-03-05,S000,SKU023,Dairy,North,Metro,124.66,124.66,0,0.0,,23,23,137,0,0,0,2867.18,0.255,0.255,731.13
2024-03-05,S000,SKU035,Dairy,North,Metro,313.96,313.96,0,0.0,End-cap,12,12,96,0,0,0,3767.52,0.306,0.306,1152.86
2024-03-06,S000,SKU013,Dairy,North,Metro,259.91,259.91,0,0.0,,6,6,29,0,0,0,1559.46,0.325,0.325,506.82
2024-03-06,S000,SKU014,Dairy,North,Metro,273.65,273.65,0,0.0,Floor-stack,10,10,102,0,0,0,2736.5,0.32,0.32,875.68
2024-03-06,S000,SKU023,Dairy,North,Metro,124.66,124.66,0,0.0,End-cap,34,34,103,0,0,0,4238.44,0.255,0.255,1080.8
2024-03-06,S000,SKU035,Dairy,North,Metro,313.96,313.96,0,0.0,,12,12,84,0,0,0,3767.52,0.306,0.306,1152.86
2024-03-07,S000,SKU013,Dairy,North,Metro,259.91,259.91,0,0.0,Floor-stack,6,6,23,0,0,0,1559.46,0.325,0.325,506.82
2024-03-07,S000,SKU014,Dairy,North,Metro,273.65,273.65,0,0.0,Floor-stack,16,16,86,0,0,0,4378.4,0.32,0.32,1401.09
2024-03-07,S000,SKU023,Dairy,North,Metro,124.66,124.66,0,0.0,,39,39,64,0,0,0,4861.74,0.255,0.255,1239.74
2024-03-07,S000,SKU035,Dairy,North,Metro,313.96,313.96,0,0.0,End-cap,16,16,68,0,0,0,5023.36,0.306,0.306,1537.15
2024-03-08,S000,SKU013,Dairy,North,Metro,259.91,259.91,0,0.0,Floor-stack,5,5,18,0,0,0,1299.55,0.325,0.325,422.35
2024-03-08,S000,SKU014,Dairy,North,Metro,273.65,273.65,0,0.0,,12,12,73,0,0,0,3283.8,0.32,0.32,1050.82
2024-03-08,S000,SKU023,Dairy,North,Metro,124.66,124.66,0,0.0,,31,31,33,0,0,0,3864.46,0.255,0.255,985.44
2024-03-08,S000,SKU035,Dairy,North,Metro,313.96,313.96,0,0.0,Floor-stack,18,18,50,0,0,0,5651.28,0.306,0.306,1729.29
2024-03-09,S000,SKU013,Dairy,North,Metro,259.91,259.91,0,0.0,,9,9,9,1,0,0,2339.19,0.325,0.325,760.24
2024-03-09,S000,SKU014,Dairy,North,Metro,273.65,273.65,0,0.0,Floor-stack,21,21,53,1,0,0,5746.65,0.32,0.32,1838.93
2024-03-09,S000,SKU023,Dairy,North,Metro,124.66,124.66,0,0.0,,33,37,0,1,0,0,4113.78,0.255,0.255,1049.01
2024-03-09,S000,SKU035,Dairy,North,Metro,313.96,313.96,0,0.0,,13,13,37,1,0,0,4081.48,0.306,0.306,1248.93
2024-03-10,S000,SKU013,Dairy,North,Metro,259.91,259.91,0,0.0,End-cap,9,9,43,1,0,0,2339.19,0.325,0.325,760.24
2024-03-10,S000,SKU014,Dairy,North,Metro,273.65,273.65,0,0.0,End-cap,17,17,130,1,0,0,4652.05,0.32,0.32,1488.66
2024-03-10,S000,SKU023,Dairy,North,Metro,124.66,124.66,0,0.0,,37,37,223,1,0,0,4612.42,0.255,0.255,1176.17
2024-03-10,S000,SKU035,Dairy,North,Metro,313.96,313.96,0,0.0,End-cap,20,20,127,1,0,0,6279.2,0.306,0.306,1921.44
2024-03-11,S000,SKU013,Dairy,North,Metro,259.91,259.91,0,0.0,Shelf-talker,9,9,34,0,0,0,2339.19,0.325,0.325,760.24
2024-03-11,S000,SKU014,Dairy,North,Metro,273.65,273.65,0,0.0,,14,14,116,0,0,0,3831.1,0.32,0.32,1225.95
2024-03-11,S000,SKU023,Dairy,North,Metro,124.66,124.66,0,0.0,End-cap,28,28,196,0,0,0,3490.48,0.255,0.255,890.07
2024-03-11,S000,SKU035,Dairy,North,Metro,313.96,313.96,0,0.0,,17,17,110,0,0,0,5337.32,0.306,0.306,1633.22
2024-03-12,S000,SKU013,Dairy,North,Metro,259.91,259.91,0,0.0,Floor-stack,5,5,28,0,0,0,1299.55,0.325,0.325,422.35
2024-03-12,S000,SKU014,Dairy,North,Metro,273.65,273.65,0,0.0,Floor-stack,12,12,104,0,0,0,3283.8,0.32,0.32,1050.82
2024-03-12,S000,SKU023,Dairy,North,Metro,124.66,124.66,0,0.0,,37,37,159,0,0,0,4612.42,0.255,0.255,1176.17
2024-03-12,S000,SKU035,Dairy,North,Metro,313.96,313.96,0,0.0,End-cap,17,17,93,0,0,0,5337.32,0.306,0.306,1633.22
2024-03-13,S000,SKU013,Dairy,North,Metro,259.91,259.91,0,0.0,End-cap,8,8,21,0,0,0,2079.28,0.325,0.325,675.77
2024-03-13,S000,SKU014,Dairy,North,Metro,273.65,273.65,0,0.0,End-cap,16,16,88,0,0,0,4378.4,0.32,0.32,1401.09
2024-03-13,S000,SKU023,Dairy,North,Metro,124.66,124.66,0,0.0,Shelf-talker,31,31,127,0,0,0,3864.46,0.255,0.255,985.44
2024-03-13,S000,SKU035,Dairy,North,Metro,313.96,313.96,0,0.0,End-cap,15,15,79,0,0,0,4709.4,0.306,0.306,1441.08
2024-03-14,S000,SKU013,Dairy,North,Metro,259.91,259.91,0,0.0,,8,8,13,0,0,0,2079.28,0.325,0.325,675.77
2024-03-14,S000,SKU014,Dairy,North,Metro,273.65,273.65,0,0.0,End-cap,14,14,74,0,0,0,3831.1,0.32,0.32,1225.95
2024-03-14,S000,SKU023,Dairy,North,Metro,124.66,124.66,0,0.0,,19,19,109,0,0,0,2368.54,0.255,0.255,603.98
2024-03-14,S000,SKU035,Dairy,North,Metro,313.96,313.96,0,0.0,,14,14,65,0,0,0,4395.44,0.306,0.306,1345.0
2024-03-15,S000,SKU013,Dairy,North,Metro,259.91,259.91,0,0.0,End-cap,10,10,3,0,0,1,2599.1,0.325,0.325,844.71
2024-03-15,S000,SKU014,Dairy,North,Metro,273.65,273.65,0,0.0,,21,21,53,0,0,1,5746.65,0.32,0.32,1838.93
2024-03-15,S000,SKU023,Dairy,North,Metro,124.66,124.66,0,0.0,End-cap,50,50,59,0,0,1,6233.0,0.255,0.255,1589.42
2024-03-15,S000,SKU035,Dairy,North,Metro,313.96,313.96,0,0.0,End-cap,23,23,42,0,0,1,7221.08,0.306,0.306,2209.65
2024-03-16,S000,SKU013,Dairy,North,Metro,259.91,259.91,0,0.0,,3,7,0,1,0,0,779.73,0.325,0.325,253.41
2024-03-16,S000,SKU014,Dairy,North,Metro,273.65,273.65,0,0.0,,15,16,36,1,0,0,4104.75,0.32,0.32,1313.52
2024-03-16,S000,SKU023,Dairy,North,Metro,124.66,93.5,1,25.0,,59,103,0,1,0,0,5516.5,0.255,0.105,579.23
2024-03-16,S000,SKU035,Dairy,North,Metro,313.96,313.96,0,0.0,,19,20,22,1,0,0,5965.24,0.306,0.306,1825.36
2024-03-17,S000,SKU013,Dairy,North,Metro,259.91,155.95,1,40.0,End-cap,17,17,37,1,0,0,2651.15,0.325,0.085,225.35
2024-03-17,S000,SKU014,Dairy,North,Metro,273.65,273.65,0,0.0,Floor-stack,15,16,129,1,0,0,4104.75,0.32,0.32,1313.52
2024-03-17,S000,SKU023,Dairy,North,Metro,124.66,93.5,1,25.0,,97,97,131,1,0,0,9069.5,0.255,0.105,952.3
2024-03-17,S000,SKU035,Dairy,North,Metro,313.96,313.96,0,0.0,,11,12,139,1,0,0,3453.56,0.306,0.306,1056.79
2024-03-18,S000,SKU013,Dairy,North,Metro,259.91,155.95,1,40.0,End-cap,18,18,19,0,0,0,2807.1,0.325,0.085,238.6
2024-03-18,S000,SKU014,Dairy,North,Metro,273.65,273.65,0,0.0,,13,14,115,0,0,0,3557.45,0.32,0.32,1138.38
2024-03-18,S000,SKU023,Dairy,North,Metro,124.66,93.5,1,25.0,End-cap,36,36,95,0,0,0,3366.0,0.255,0.105,353.43
2024-03-18,S000,SKU035,Dairy,North,Metro,313.96,313.96,0,0.0,End-cap,14,15,124,0,0,0,4395.44,0.306,0.306,1345.0
2024-03-19,S000,SKU013,Dairy,North,Metro,259.91,155.95,1,40.0,End-cap,18,18,2,0,0,0,2807.1,0.325,0.085,238.6
2024-03-19,S000,SKU014,Dairy,North,Metro,273.65,273.65,0,0.0,,15,16,98,0,0,0,4104.75,0.32,0.32,1313.52
2024-03-19,S000,SKU023,Dairy,North,Metro,124.66,93.5,1,25.0,Floor-stack,71,71,24,0,0,0,6638.5,0.255,0.105,697.04
2024-03-19,S000,SKU035,Dairy,North,Metro,313.96,313.96,0,0.0,,14,15,109,0,0,0,4395.44,0.306,0.306,1345.0
2024-03-20,S000,SKU013,Dairy,North,Metro,259.91,155.95,1,40.0,,2,16,0,0,0,0,311.9,0.325,0.085,26.51
2024-03-20,S000,SKU014,Dairy,North,Metro,273.65,273.65,0,0.0,,14,15,83,0,0,0,3831.1,0.32,0.32,1225.95
2024-03-20,S000,SKU023,Dairy,North,Metro,124.66,93.5,1,25.0,Floor-stack,24,83,0,0,0,0,2244.0,0.255,0.105,235.62
2024-03-20,S000,SKU035,Dairy,North,Metro,313.96,313.96,0,0.0,Shelf-talker,12,12,97,0,0,0,3767.52,0.306,0.306,1152.86
2024-03-21,S000,SKU013,Dairy,North,Metro,259.91,155.95,1,40.0,,0,22,0,0,0,0,0.0,0.325,0.085,0.0
2024-03-21,S000,SKU014,Dairy,North,Metro,273.65,273.65,0,0.0,,13,13,70,0,0,0,3557.45,0.32,0.32,1138.38
2024-03-21,S000,SKU023,Dairy,North,Metro,124.66,93.5,1,25.0,,0,76,0,0,0,0,0.0,0.255,0.105,0.0
2024-03-21,S000,SKU035,Dairy,North,Metro,313.96,313.96,0,0.0,Floor-stack,15,15,82,0,0,0,4709.4,0.306,0.306,1441.08
2024-03-22,S000,SKU013,Dairy,North,Metro,259.91,259.91,0,0.0,End-cap,0,6,0,0,0,0,0.0,0.325,0.325,0.0
2024-03-22,S000,SKU014,Dairy,North,Metro,273.65,273.65,0,0.0,,8,8,62,0,0,0,2189.2,0.32,0.32,700.54
2024-03-22,S000,SKU023,Dairy,North,Metro,124.66,124.66,0,0.0,,0,32,0,0,0,0,0.0,0.255,0.255,0.0
2024-03-22,S000,SKU035,Dairy,North,Metro,313.96,313.96,0,0.0,,17,17,65,0,0,0,5337.32,0.306,0.306,1633.22
2024-03-23,S000,SKU013,Dairy,North,Metro,259.91,259.91,0,0.0,,0,5,0,1,0,0,0.0,0.325,0.325,0.0
2024-03-23,S000,SKU014,Dairy,North,Metro,273.65,273.65,0,0.0,Floor-stack,18,18,44,1,0,0,4925.7,0.32,0.32,1576.22
2024-03-23,S000,SKU023,Dairy,North,Metro,124.66,124.66,0,0.0,,0,44,0,1,0,0,0.0,0.255,0.255,0.0
2024-03-23,S000,SKU035,Dairy,North,Metro,313.96,313.96,0,0.0,,16,16,49,1,0,0,5023.36,0.306,0.306,1537.15
2024-03-24,S000,SKU013,Dairy,North,Metro,259.91,259.91,0,0.0,,8,8,38,1,0,0,2079.28,0.325,0.325,675.77
2024-03-24,S000,SKU014,Dairy,North,Metro,273.65,273.65,0,0.0,,12,12,120,1,0,0,3283.8,0.32,0.32,1050.82
2024-03-24,S000,SKU023,Dairy,North,Metro,124.66,124.66,0,0.0,,39,39,152,1,0,0,4861.74,0.255,0.255,1239.74
2024-03-24,S000,SKU035,Dairy,North,Metro,313.96,313.96,0,0.0,,20,20,134,1,0,0,6279.2,0.306,0.306,1921.44
2024-03-25,S000,SKU013,Dairy,North,Metro,259.91,259.91,0,0.0,,7,7,31,0,0,0,1819.37,0.325,0.325,591.3
2024-03-25,S000,SKU014,Dairy,North,Metro,273.65,273.65,0,0.0,Shelf-talker,13,13,107,0,0,0,3557.45,0.32,0.32,1138.38
2024-03-25,S000,SKU023,Dairy,North,Metro,124.66,124.66,0,0.0,,37,37,114,0,0,0,4612.42,0.255,0.255,1176.17
2024-03-25,S000,SKU035,Dairy,North,Metro,313.96,313.96,0,0.0,Shelf-talker,13,13,121,0,0,0,4081.48,0.306,0.306,1248.93
2024-03-26,S000,SKU013,Dairy,North,Metro,259.91,259.91,0,0.0,Shelf-talker,7,7,23,0,0,0,1819.37,0.325,0.325,591.3
2024-03-26,S000,SKU014,Dairy,North,Metro,273.65,273.65,0,0.0,End-cap,12,12,95,0,0,0,3283.8,0.32,0.32,1050.82
2024-03-26,S000,SKU023,Dairy,North,Metro,124.66,124.66,0,0.0,Floor-stack,32,32,83,0,0,0,3989.12,0.255,0.255,1017.23
2024-03-26,S000,SKU035,Dairy,North,Metro,313.96,313.96,0,0.0,,12,12,110,0,0,0,3767.52,0.306,0.306,1152.86
2024-03-27,S000,SKU013,Dairy,North,Metro,259.91,259.91,0,0.0,,7,7,16,0,0,0,1819.37,0.325,0.325,591.3
2024-03-27,S000,SKU014,Dairy,North,Metro,273.65,273.65,0,0.0,,10,10,85,0,0,0,2736.5,0.32,0.32,875.68
2024-03-27,S000,SKU023,Dairy,North,Metro,124.66,124.66,0,0.0,End-cap,31,31,52,0,0,0,3864.46,0.255,0.255,985.44
2024-03-27,S000,SKU035,Dairy,North,Metro,313.96,313.96,0,0.0,,17,17,93,0,0,0,5337.32,0.306,0.306,1633.22
2024-03-28,S000,SKU013,Dairy,North,Metro,259.91,259.91,0,0.0,End-cap,10,10,6,0,1,0,2599.1,0.325,0.325,844.71
2024-03-28,S000,SKU014,Dairy,North,Metro,273.65,273.65,0,0.0,,16,16,69,0,1,0,4378.4,0.32,0.32,1401.09
2024-03-28,S000,SKU023,Dairy,North,Metro,124.66,124.66,0,0.0,,42,42,10,0,1,0,5235.72,0.255,0.255,1335.11
2024-03-28,S000,SKU035,Dairy,North,Metro,313.96,313.96,0,0.0,,22,22,71,0,1,0,6907.12,0.306,0.306,2113.58
2024-03-29,S000,SKU013,Dairy,North,Metro,259.91,259.91,0,0.0,,6,6,0,0,1,0,1559.46,0.325,0.325,506.82
2024-03-29,S000,SKU014,Dairy,North,Metro,273.65,273.65,0,0.0,,21,21,48,0,1,0,5746.65,0.32,0.32,1838.93
2024-03-29,S000,SKU023,Dairy,North,Metro,124.66,124.66,0,0.0,Floor-stack,10,33,0,0,1,0,1246.6,0.255,0.255,317.88
2024-03-29,S000,SKU035,Dairy,North,Metro,313.96,313.96,0,0.0,Shelf-talker,14,14,57,0,1,0,4395.44,0.306,0.306,1345.0
2024-03-30,S000,SKU013,Dairy,North,Metro,259.91,259.91,0,0.0,Shelf-talker,0,11,0,1,1,1,0.0,0.325,0.325,0.0
2024-03-30,S000,SKU014,Dairy,North,Metro,273.65,273.65,0,0.0,Shelf-talker,21,21,27,1,1,1,5746.65,0.32,0.32,1838.93
2024-03-30,S000,SKU023,Dairy,North,Metro,124.66,124.66,0,0.0,End-cap,0,43,0,1,1,1,0.0,0.255,0.255,0.0
2024-03-30,S000,SKU035,Dairy,North,Metro,313.96,313.96,0,0.0,End-cap,31,31,26,1,1,1,9732.76,0.306,0.306,2978.22
2024-03-31,S000,SKU013,Dairy,North,Metro,259.91,259.91,0,0.0,,12,12,41,1,1,0,3118.92,0.325,0.325,1013.65
2024-03-31,S000,SKU014,Dairy,North,Metro,273.65,273.65,0,0.0,Shelf-talker,20,20,112,1,1,0,5473.0,0.32,0.32,1751.36
2024-03-31,S000,SKU023,Dairy,North,Metro,124.66,124.66,0,0.0,,43,43,173,1,1,0,5360.38,0.255,0.255,1366.9
2024-03-31,S000,SKU035,Dairy,North,Metro,313.96,313.96,0,0.0,,21,21,113,1,1,0,6593.16,0.306,0.306,2017.51
2024-04-01,S000,SKU013,Dairy,North,Metro,259.91,259.91,0,0.0,,5,5,35,0,1,0,1299.55,0.325,0.325,422.35
2024-04-01,S000,SKU014,Dairy,North,Metro,273.65,273.65,0,0.0,,21,21,90,0,1,0,5746.65,0.32,0.32,1838.93
2024-04-01,S000,SKU023,Dairy,North,Metro,124.66,124.66,0,0.0,Shelf-talker,39,39,134,0,1,0,4861.74,0.255,0.255,1239.74
2024-04-01,S000,SKU035,Dairy,North,Metro,313.96,313.96,0,0.0,,11,11,102,0,1,0,3453.56,0.306,0.306,1056.79
2024-04-02,S000,SKU013,Dairy,North,Metro,259.91,259.91,0,0.0,,8,8,28,0,1,0,2079.28,0.325,0.325,675.77
2024-04-02,S000,SKU014,Dairy,North,Metro,273.65,273.65,0,0.0,Floor-stack,17,17,73,0,1,0,4652.05,0.32,0.32,1488.66
2024-04-02,S000,SKU023,Dairy,North,Metro,124.66,124.66,0,0.0,End-cap,42,42,92,0,1,0,5235.72,0.255,0.255,1335.11
2024-04-02,S000,SKU035,Dairy,North,Metro,313.96,313.96,0,0.0,Shelf-talker,13,13,89,0,1,0,4081.48,0.306,0.306,1248.93
2024-04-03,S000,SKU013,Dairy,North,Metro,259.91,259.91,0,0.0,,8,8,20,0,0,0,2079.28,0.325,0.325,675.77
2024-04-03,S000,SKU014,Dairy,North,Metro,273.65,273.65,0,0.0,Shelf-talker,11,11,62,0,0,0,3010.15,0.32,0.32,963.25
2024-04-03,S000,SKU023,Dairy,North,Metro,124.66,124.66,0,0.0,,35,35,57,0,0,0,4363.1,0.255,0.255,1112.59
2024-04-03,S000,SKU035,Dairy,North,Metro,313.96,313.96,0,0.0,,17,17,72,0,0,0,5337.32,0.306,0.306,1633.22
2024-04-04,S000,SKU013,Dairy,North,Metro,259.91,259.91,0,0.0,Shelf-talker,8,8,11,0,0,0,2079.28,0.325,0.325,675.77
2024-04-04,S000,SKU014,Dairy,North,Metro,273.65,273.65,0,0.0,,13,13,49,0,0,0,3557.45,0.32,0.32,1138.38
2024-04-04,S000,SKU023,Dairy,North,Metro,124.66,124.66,0,0.0,,30,30,27,0,0,0,3739.8,0.255,0.255,953.65
2024-04-04,S000,SKU035,Dairy,North,Metro,313.96,313.96,0,0.0,,11,11,62,0,0,0,3453.56,0.306,0.306,1056.79
2024-04-05,S000,SKU013,Dairy,North,Metro,259.91,259.91,0,0.0,End-cap,7,7,4,0,0,0,1819.37,0.325,0.325,591.3
2024-04-05,S000,SKU014,Dairy,North,Metro,273.65,273.65,0,0.0,End-cap,14,14,35,0,0,0,3831.1,0.32,0.32,1225.95
2024-04-05,S000,SKU023,Dairy,North,Metro,124.66,124.66,0,0.0,,27,29,0,0,0,0,3365.82,0.255,0.255,858.28
2024-04-05,S000,SKU035,Dairy,North,Metro,313.96,313.96,0,0.0,,14,14,48,0,0,0,4395.44,0.306,0.306,1345.0
2024-04-06,S000,SKU013,Dairy,North,Metro,259.91,259.91,0,0.0,Shelf-talker,4,9,0,1,0,0,1039.64,0.325,0.325,337.88
2024-04-06,S000,SKU014,Dairy,North,Metro,273.65,273.65,0,0.0,Shelf-talker,20,20,15,1,0,0,5473.0,0.32,0.32,1751.36
2024-04-06,S000,SKU023,Dairy,North,Metro,124.66,124.66,0,0.0,,0,34,0,1,0,0,0.0,0.255,0.255,0.0
2024-04-06,S000,SKU035,Dairy,North,Metro,313.96,313.96,0,0.0,,19,19,30,1,0,0,5965.24,0.306,0.306,1825.36
2024-04-07,S000,SKU013,Dairy,North,Metro,259.91,259.91,0,0.0,End-cap,7,7,45,1,0,0,1819.37,0.325,0.325,591.3
2024-04-07,S000,SKU014,Dairy,North,Metro,273.65,273.65,0,0.0,Shelf-talker,19,19,94,1,0,0,5199.35,0.32,0.32,1663.79
2024-04-07,S000,SKU023,Dairy,North,Metro,124.66,124.66,0,0.0,Shelf-talker,39,39,200,1,0,0,4861.74,0.255,0.255,1239.74
2024-04-07,S000,SKU035,Dairy,North,Metro,313.96,313.96,0,0.0,,20,20,116,1,0,0,6279.2,0.306,0.306,1921.44
2024-04-08,S000,SKU013,Dairy,North,Metro,259.91,259.91,0,0.0,Shelf-talker,8,8,37,0,0,0,2079.28,0.325,0.325,675.77
2024-04-08,S000,SKU014,Dairy,North,Metro,273.65,273.65,0,0.0,,6,6,87,0,0,0,1641.9,0.32,0.32,525.41
2024-04-08,S000,SKU023,Dairy,North,Metro,124.66,124.66,0,0.0,,21,21,179,0,0,0,2617.86,0.255,0.255,667.55
2024-04-08,S000,SKU035,Dairy,North,Metro,313.96,313.96,0,0.0,End-cap,16,16,101,0,0,0,5023.36,0.306,0.306,1537.15
2024-04-09,S000,SKU013,Dairy,North,Metro,259.91,259.91,0,0.0,Floor-stack,5,5,32,0,0,0,1299.55,0.325,0.325,422.35
2024-04-09,S000,SKU014,Dairy,North,Metro,273.65,273.65,0,0.0,,11,11,77,0,0,0,3010.15,0.32,0.32,963.25
2024-04-09,S000,SKU023,Dairy,North,Metro,124.66,124.66,0,0.0,,31,31,148,0,0,0,3864.46,0.255,0.255,985.44
2024-04-09,S000,SKU035,Dairy,North,Metro,313.96,313.96,0,0.0,End-cap,19,19,81,0,0,0,5965.24,0.306,0.306,1825.36
2024-04-10,S000,SKU013,Dairy,North,Metro,259.91,259.91,0,0.0,End-cap,5,5,26,0,0,0,1299.55,0.325,0.325,422.35
2024-04-10,S000,SKU014,Dairy,North,Metro,273.65,273.65,0,0.0,,13,13,64,0,0,0,3557.45,0.32,0.32,1138.38
2024-04-10,S000,SKU023,Dairy,North,Metro,124.66,124.66,0,0.0,Floor-stack,46,46,102,0,0,0,5734.36,0.255,0.255,1462.26
2024-04-10,S000,SKU035,Dairy,North,Metro,313.96,313.96,0,0.0,Floor-stack,13,13,68,0,0,0,4081.48,0.306,0.306,1248.93
2024-04-11,S000,SKU013,Dairy,North,Metro,259.91,259.91,0,0.0,,7,7,19,0,0,0,1819.37,0.325,0.325,591.3
2024-04-11,S000,SKU014,Dairy,North,Metro,273.65,273.65,0,0.0,,10,10,54,0,0,0,2736.5,0.32,0.32,875.68
2024-04-11,S000,SKU023,Dairy,North,Metro,124.66,124.66,0,0.0,Floor-stack,22,22,80,0,0,0,2742.52,0.255,0.255,699.34
2024-04-11,S000,SKU035,Dairy,North,Metro,313.96,313.96,0,0.0,,15,15,53,0,0,0,4709.4,0.306,0.306,1441.08
2024-04-12,S000,SKU013,Dairy,North,Metro,259.91,259.91,0,0.0,,6,6,13,0,0,0,1559.46,0.325,0.325,506.82
2024-04-12,S000,SKU014,Dairy,North,Metro,273.65,273.65,0,0.0,,4,4,49,0,0,0,1094.6,0.32,0.32,350.27
2024-04-12,S000,SKU023,Dairy,North,Metro,124.66,124.66,0,0.0,Shelf-talker,31,31,49,0,0,0,3864.46,0.255,0.255,985.44
2024-04-12,S000,SKU035,Dairy,North,Metro,313.96,313.96,0,0.0,,16,16,36,0,0,0,5023.36,0.306,0.306,1537.15
2024-04-13,S000,SKU013,Dairy,North,Metro,259.91,259.91,0,0.0,End-cap,9,9,5,1,0,0,2339.19,0.325,0.325,760.24
2024-04-13,S000,SKU014,Dairy,North,Metro,273.65,273.65,0,0.0,End-cap,14,14,36,1,0,0,3831.1,0.32,0.32,1225.95
2024-04-13,S000,SKU023,Dairy,North,Metro,124.66,124.66,0,0.0,Shelf-talker,40,40,9,1,0,0,4986.4,0.255,0.255,1271.53
2024-04-13,S000,SKU035,Dairy,North,Metro,313.96,313.96,0,0.0,Shelf-talker,21,21,15,1,0,0,6593.16,0.306,0.306,2017.51
2024-04-14,S000,SKU013,Dairy,North,Metro,259.91,259.91,0,0.0,Shelf-talker,9,9,42,1,0,0,2339.19,0.325,0.325,760.24
2024-04-14,S000,SKU014,Dairy,North,Metro,273.65,205.24,1,25.0,,34,34,102,1,0,0,6978.16,0.32,0.17,1186.29
2024-04-14,S000,SKU023,Dairy,North,Metro,124.66,124.66,0,0.0,Floor-stack,39,41,155,1,0,0,4861.74,0.255,0.255,1239.74
2024-04-14,S000,SKU035,Dairy,North,Metro,313.96,313.96,0,0.0,,21,22,89,1,0,0,6593.16,0.306,0.306,2017.51
2024-04-15,S000,SKU013,Dairy,North,Metro,259.91,259.91,0,0.0,End-cap,9,9,33,0,0,0,2339.19,0.325,0.325,760.24
2024-04-15,S000,SKU014,Dairy,North,Metro,273.65,205.24,1,25.0,,25,25,78,0,0,0,5131.0,0.32,0.17,872.27
2024-04-15,S000,SKU023,Dairy,North,Metro,124.66,124.66,0,0.0,Shelf-talker,24,25,130,0,0,0,2991.84,0.255,0.255,762.92
2024-04-15,S000,SKU035,Dairy,North,Metro,313.96,313.96,0,0.0,,13,14,75,0,0,0,4081.48,0.306,0.306,1248.93
2024-04-16,S000,SKU013,Dairy,North,Metro,259.91,259.91,0,0.0,,7,7,26,0,0,0,1819.37,0.325,0.325,591.3
2024-04-16,S000,SKU014,Dairy,North,Metro,273.65,205.24,1,25.0,End-cap,22,22,55,0,0,0,4515.28,0.32,0.17,767.6
2024-04-16,S000,SKU023,Dairy,North,Metro,124.66,124.66,0,0.0,,32,33,97,0,0,0,3989.12,0.255,0.255,1017.23
2024-04-16,S000,SKU035,Dairy,North,Metro,313.96,313.96,0,0.0,,16,17,58,0,0,0,5023.36,0.306,0.306,1537.15
2024-04-17,S000,SKU013,Dairy,North,Metro,259.91,259.91,0,0.0,End-cap,6,6,20,0,0,0,1559.46,0.325,0.325,506.82
2024-04-17,S000,SKU014,Dairy,North,Metro,273.65,205.24,1,25.0,,27,27,28,0,0,0,5541.48,0.32,0.17,942.05
2024-04-17,S000,SKU023,Dairy,North,Metro,124.66,124.66,0,0.0,,25,27,70,0,0,0,3116.5,0.255,0.255,794.71
2024-04-17,S000,SKU035,Dairy,North,Metro,313.96,313.96,0,0.0,,13,13,45,0,0,0,4081.48,0.306,0.306,1248.93
2024-04-18,S000,SKU013,Dairy,North,Metro,259.91,259.91,0,0.0,,8,8,12,0,0,0,2079.28,0.325,0.325,675.77
2024-04-18,S000,SKU014,Dairy,North,Metro,273.65,205.24,1,25.0,,28,29,0,0,0,0,5746.72,0.32,0.17,976.94
2024-04-18,S000,SKU023,Dairy,North,Metro,124.66,124.66,0,0.0,,22,23,47,0,0,0,2742.52,0.255,0.255,699.34
2024-04-18,S000,SKU035,Dairy,North,Metro,313.96,313.96,0,0.0,,14,15,30,0,0,0,4395.44,0.306,0.306,1345.0
2024-04-19,S000,SKU013,Dairy,North,Metro,259.91,259.91,0,0.0,,6,6,7,0,0,0,1559.46,0.325,0.325,506.82
2024-04-19,S000,SKU014,Dairy,North,Metro,273.65,205.24,1,25.0,Shelf-talker,0,25,0,0,0,0,0.0,0.32,0.17,0.0
2024-04-19,S000,SKU023,Dairy,North,Metro,124.66,124.66,0,0.0,,36,36,11,0,0,0,4487.76,0.255,0.255,1144.38
2024-04-19,S000,SKU035,Dairy,North,Metro,313.96,313.96,0,0.0,,17,17,14,0,0,0,5337.32,0.306,0.306,1633.22
2024-04-20,S000,SKU013,Dairy,North,Metro,259.91,259.91,0,0.0,Shelf-talker,7,10,0,1,0,0,1819.37,0.325,0.325,591.3
2024-04-20,S000,SKU014,Dairy,North,Metro,273.65,205.24,1,25.0,Shelf-talker,0,42,0,1,0,0,0.0,0.32,0.17,0.0
2024-04-20,S000,SKU023,Dairy,North,Metro,124.66,124.66,0,0.0,,11,42,0,1,0,0,1371.26,0.255,0.255,349.67
2024-04-20,S000,SKU035,Dairy,North,Metro,313.96,313.96,0,0.0,,14,22,0,1,0,0,4395.44,0.306,0.306,1345.0
2024-04-21,S000,SKU013,Dairy,North,Metro,259.91,259.91,0,0.0,End-cap,8,8,35,1,0,0,2079.28,0.325,0.325,675.77
2024-04-21,S000,SKU014,Dairy,North,Metro,273.65,205.24,1,25.0,,34,34,66,1,0,0,6978.16,0.32,0.17,1186.29
2024-04-21,S000,SKU023,Dairy,North,Metro,124.66,124.66,0,0.0,,29,31,172,1,0,0,3615.14,0.255,0.255,921.86
2024-04-21,S000,SKU035,Dairy,North,Metro,313.96,313.96,0,0.0,Floor-stack,20,21,76,1,0,0,6279.2,0.306,0.306,1921.44
2024-04-22,S000,SKU013,Dairy,North,Metro,259.91,259.91,0,0.0,,7,7,27,0,0,0,1819.37,0.325,0.325,591.3
2024-04-22,S000,SKU014,Dairy,North,Metro,273.65,205.24,1,25.0,Shelf-talker,23,23,43,0,0,0,4720.52,0.32,0.17,802.49
2024-04-22,S000,SKU023,Dairy,North,Metro,124.66,124.66,0,0.0,,26,27,145,0,0,0,3241.16,0.255,0.255,826.5
2024-04-22,S000,SKU035,Dairy,North,Metro,313.96,313.96,0,0.0,,14,15,61,0,0,0,4395.44,0.306,0.306,1345.0
2024-04-23,S000,SKU013,Dairy,North,Metro,259.91,259.91,0,0.0,,5,5,23,0,0,0,1299.55,0.325,0.325,422.35
2024-04-23,S000,SKU014,Dairy,North,Metro,273.65,273.65,0,0.0,Shelf-talker,10,10,33,0,0,0,2736.5,0.32,0.32,875.68
2024-04-23,S000,SKU023,Dairy,North,Metro,124.66,124.66,0,0.0,End-cap,27,27,117,0,0,0,3365.82,0.255,0.255,858.28
2024-04-23,S000,SKU035,Dairy,North,Metro,313.96,313.96,0,0.0,,15,15,46,0,0,0,4709.4,0.306,0.306,1441.08
2024-04-24,S000,SKU013,Dairy,North,Metro,259.91,259.91,0,0.0,End-cap,4,4,19,0,0,0,1039.64,0.325,0.325,337.88
2024-04-24,S000,SKU014,Dairy,North,Metro,273.65,273.65,0,0.0,End-cap,12,12,21,0,0,0,3283.8,0.32,0.32,1050.82
2024-04-24,S000,SKU023,Dairy,North,Metro,124.66,124.66,0,0.0,,21,21,96,0,0,0,2617.86,0.255,0.255,667.55
2024-04-24,S000,SKU035,Dairy,North,Metro,313.96,313.96,0,0.0,End-cap,17,17,29,0,0,0,5337.32,0.306,0.306,1633.22
2024-04-25,S000,SKU013,Dairy,North,Metro,259.91,259.91,0,0.0,,5,5,14,0,0,0,1299.55,0.325,0.325,422.35
2024-04-25,S000,SKU014,Dairy,North,Metro,273.65,273.65,0,0.0,Floor-stack,15,15,6,0,0,0,4104.75,0.32,0.32,1313.52
2024-04-25,S000,SKU023,Dairy,North,Metro,124.66,124.66,0,0.0,,35,35,61,0,0,0,4363.1,0.255,0.255,1112.59
2024-04-25,S000,SKU035,Dairy,North,Metro,313.96,313.96,0,0.0,Floor-stack,21,21,8,0,0,0,6593.16,0.306,0.306,2017.51
2024-04-26,S000,SKU013,Dairy,North,Metro,259.91,259.91,0,0.0,,12,12,2,0,0,1,3118.92,0.325,0.325,1013.65
2024-04-26,S000,SKU014,Dairy,North,Metro,273.65,273.65,0,0.0,,6,14,0,0,0,1,1641.9,0.32,0.32,525.41
2024-04-26,S000,SKU023,Dairy,North,Metro,124.66,124.66,0,0.0,End-cap,46,46,15,0,0,1,5734.36,0.255,0.255,1462.26
2024-04-26,S000,SKU035,Dairy,North,Metro,313.96,313.96,0,0.0,,8,23,0,0,0,1,2511.68,0.306,0.306,768.57
2024-04-27,S000,SKU013,Dairy,North,Metro,259.91,259.91,0,0.0,End-cap,2,7,0,1,0,0,519.82,0.325,0.325,168.94
2024-04-27,S000,SKU014,Dairy,North,Metro,273.65,273.65,0,0.0,,0,17,0,1,0,0,0.0,0.32,0.32,0.0
2024-04-27,S000,SKU023,Dairy,North,Metro,124.66,124.66,0,0.0,,15,35,0,1,0,0,1869.9,0.255,0.255,476.82
2024-04-27,S000,SKU035,Dairy,North,Metro,313.96,313.96,0,0.0,End-cap,0,20,0,1,0,0,0.0,0.306,0.306,0.0
2024-04-28,S000,SKU013,Dairy,North,Metro,259.91,259.91,0,0.0,End-cap,11,11,42,1,1,0,2859.01,0.325,0.325,929.18
2024-04-28,S000,SKU014,Dairy,North,Metro,273.65,273.65,0,0.0,Shelf-talker,18,18,79,1,1,0,4925.7,0.32,0.32,1576.22
2024-04-28,S000,SKU023,Dairy,North,Metro,124.66,124.66,0,0.0,,43,43,214,1,1,0,5360.38,0.255,0.255,1366.9
2024-04-28,S000,SKU035,Dairy,North,Metro,313.96,313.96,0,0.0,,16,16,99,1,1,0,5023.36,0.306,0.306,1537.15
2024-04-29,S000,SKU013,Dairy,North,Metro,259.91,259.91,0,0.0,,7,7,35,0,1,0,1819.37,0.325,0.325,591.3
2024-04-29,S000,SKU014,Dairy,North,Metro,273.65,273.65,0,0.0,,20,20,59,0,1,0,5473.0,0.32,0.32,1751.36
2024-04-29,S000,SKU023,Dairy,North,Metro,124.66,124.66,0,0.0,,36,36,178,0,1,0,4487.76,0.255,0.255,1144.38
2024-04-29,S000,SKU035,Dairy,North,Metro,313.96,313.96,0,0.0,,15,15,84,0,1,0,4709.4,0.306,0.306,1441.08
2024-04-30,S000,SKU013,Dairy,North,Metro,259.91,259.91,0,0.0,,7,7,27,0,1,0,1819.37,0.325,0.325,591.3
2024-04-30,S000,SKU014,Dairy,North,Metro,273.65,273.65,0,0.0,,16,16,43,0,1,0,4378.4,0.32,0.32,1401.09
2024-04-30,S000,SKU023,Dairy,North,Metro,124.66,124.66,0,0.0,End-cap,37,37,141,0,1,0,4612.42,0.255,0.255,1176.17
2024-04-30,S000,SKU035,Dairy,North,Metro,313.96,313.96,0,0.0,Floor-stack,17,17,67,0,1,0,5337.32,0.306,0.306,1633.22
2024-05-01,S000,SKU013,Dairy,North,Metro,259.91,259.91,0,0.0,End-cap,8,8,20,0,1,0,2079.28,0.325,0.325,675.77
2024-05-01,S000,SKU014,Dairy,North,Metro,273.65,273.65,0,0.0,,13,13,30,0,1,0,3557.45,0.32,0.32,1138.38
2024-05-01,S000,SKU023,Dairy,North,Metro,124.66,124.66,0,0.0,Shelf-talker,26,26,114,0,1,0,3241.16,0.255,0.255,826.5
2024-05-01,S000,SKU035,Dairy,North,Metro,313.96,313.96,0,0.0,End-cap,20,20,47,0,1,0,6279.2,0.306,0.306,1921.44
2024-05-02,S000,SKU013,Dairy,North,Metro,259.91,259.91,0,0.0,,10,10,10,0,1,0,2599.1,0.325,0.325,844.71
2024-05-02,S000,SKU014,Dairy,North,Metro,273.65,273.65,0,0.0,,16,16,14,0,1,0,4378.4,0.32,0.32,1401.09
2024-05-02,S000,SKU023,Dairy,North,Metro,124.66,124.66,0,0.0,,38,38,76,0,1,0,4737.08,0.255,0.255,1207.96
2024-05-02,S000,SKU035,Dairy,North,Metro,313.96,313.96,0,0.0,End-cap,15,15,32,0,1,0,4709.4,0.306,0.306,1441.08
2024-05-03,S000,SKU013,Dairy,North,Metro,259.91,259.91,0,0.0,,7,7,3,0,0,0,1819.37,0.325,0.325,591.3
2024-05-03,S000,SKU014,Dairy,North,Metro,273.65,273.65,0,0.0,,14,14,0,0,0,0,3831.1,0.32,0.32,1225.95
2024-05-03,S000,SKU023,Dairy,North,Metro,124.66,124.66,0,0.0,Shelf-talker,23,23,53,0,0,0,2867.18,0.255,0.255,731.13
2024-05-03,S000,SKU035,Dairy,North,Metro,313.96,313.96,0,0.0,,17,17,15,0,0,0,5337.32,0.306,0.306,1633.22
2024-05-04,S000,SKU013,Dairy,North,Metro,259.91,259.91,0,0.0,,3,9,0,1,0,0,779.73,0.325,0.325,253.41
2024-05-04,S000,SKU014,Dairy,North,Metro,273.65,273.65,0,0.0,,0,14,0,1,0,0,0.0,0.32,0.32,0.0
2024-05-04,S000,SKU023,Dairy,North,Metro,124.66,124.66,0,0.0,Shelf-talker,42,42,11,1,0,0,5235.72,0.255,0.255,1335.11
2024-05-04,S000,SKU035,Dairy,North,Metro,313.96,313.96,0,0.0,End-cap,15,19,0,1,0,0,4709.4,0.306,0.306,1441.08
2024-05-05,S000,SKU013,Dairy,North,Metro,259.91,259.91,0,0.0,,10,10,45,1,0,0,2599.1,0.325,0.325,844.71
2024-05-05,S000,SKU014,Dairy,North,Metro,273.65,273.65,0,0.0,Floor-stack,12,12,92,1,0,0,3283.8,0.32,0.32,1050.82
2024-05-05,S000,SKU023,Dairy,North,Metro,124.66,124.66,0,0.0,Floor-stack,30,30,192,1,0,0,3739.8,0.255,0.255,953.65
2024-05-05,S000,SKU035,Dairy,North,Metro,313.96,313.96,0,0.0,,20,20,74,1,0,0,6279.2,0.306,0.306,1921.44
2024-05-06,S000,SKU013,Dairy,North,Metro,259.91,259.91,0,0.0,Shelf-talker,6,6,39,0,0,0,1559.46,0.325,0.325,506.82
2024-05-06,S000,SKU014,Dairy,North,Metro,273.65,273.65,0,0.0,,14,14,79,0,0,0,3831.1,0.32,0.32,1225.95
2024-05-06,S000,SKU023,Dairy,North,Metro,124.66,124.66,0,0.0,Shelf-talker,23,23,169,0,0,0,2867.18,0.255,0.255,731.13
2024-05-06,S000,SKU035,Dairy,North,Metro,313.96,313.96,0,0.0,,14,14,60,0,0,0,4395.44,0.306,0.306,1345.0
2024-05-07,S000,SKU013,Dairy,North,Metro,259.91,259.91,0,0.0,,8,8,32,0,0,0,2079.28,0.325,0.325,675.77
2024-05-07,S000,SKU014,Dairy,North,Metro,273.65,273.65,0,0.0,Shelf-talker,13,13,66,0,0,0,3557.45,0.32,0.32,1138.38
2024-05-07,S000,SKU023,Dairy,North,Metro,124.66,124.66,0,0.0,End-cap,30,30,140,0,0,0,3739.8,0.255,0.255,953.65
2024-05-07,S000,SKU035,Dairy,North,Metro,313.96,313.96,0,0.0,End-cap,13,13,47,0,0,0,4081.48,0.306,0.306,1248.93
2024-05-08,S000,SKU013,Dairy,North,Metro,259.91,259.91,0,0.0,Floor-stack,8,8,24,0,0,0,2079.28,0.325,0.325,675.77
2024-05-08,S000,SKU014,Dairy,North,Metro,273.65,232.6,1,15.0,,17,17,49,0,0,0,3954.2,0.32,0.23,909.47
2024-05-08,S000,SKU023,Dairy,North,Metro,124.66,124.66,0,0.0,,27,29,110,0,0,0,3365.82,0.255,0.255,858.28
2024-05-08,S000,SKU035,Dairy,North,Metro,313.96,313.96,0,0.0,End-cap,12,12,34,0,0,0,3767.52,0.306,0.306,1152.86
2024-05-09,S000,SKU013,Dairy,North,Metro,259.91,259.91,0,0.0,,8,8,16,0,0,0,2079.28,0.325,0.325,675.77
2024-05-09,S000,SKU014,Dairy,North,Metro,273.65,232.6,1,15.0,,24,24,25,0,0,0,5582.4,0.32,0.23,1283.95
2024-05-09,S000,SKU023,Dairy,North,Metro,124.66,124.66,0,0.0,,28,30,80,0,0,0,3490.48,0.255,0.255,890.07
2024-05-09,S000,SKU035,Dairy,North,Metro,313.96,313.96,0,0.0,End-cap,16,17,18,0,0,0,5023.36,0.306,0.306,1537.15
2024-05-10,S000,SKU013,Dairy,North,Metro,259.91,259.91,0,0.0,End-cap,6,6,10,0,0,0,1559.46,0.325,0.325,506.82
2024-05-10,S000,SKU014,Dairy,North,Metro,273.65,232.6,1,15.0,Floor-stack,21,21,4,0,0,0,4884.6,0.32,0.23,1123.46
2024-05-10,S000,SKU023,Dairy,North,Metro,124.66,124.66,0,0.0,,23,25,55,0,0,0,2867.18,0.255,0.255,731.13
2024-05-10,S000,SKU035,Dairy,North,Metro,313.96,313.96,0,0.0,,14,15,3,0,0,0,4395.44,0.306,0.306,1345.0
2024-05-11,S000,SKU013,Dairy,North,Metro,259.91,259.91,0,0.0,,7,8,2,1,0,0,1819.37,0.325,0.325,591.3
2024-05-11,S000,SKU014,Dairy,North,Metro,273.65,232.6,1,15.0,,4,21,0,1,0,0,930.4,0.32,0.23,213.99
2024-05-11,S000,SKU023,Dairy,North,Metro,124.66,124.66,0,0.0,,36,38,17,1,0,0,4487.76,0.255,0.255,1144.38
2024-05-11,S000,SKU035,Dairy,North,Metro,313.96,313.96,0,0.0,Shelf-talker,3,15,0,1,0,0,941.88,0.306,0.306,288.22
2024-05-12,S000,SKU013,Dairy,North,Metro,259.91,259.91,0,0.0,Shelf-talker,7,7,51,1,0,0,1819.37,0.325,0.325,591.3
2024-05-12,S000,SKU014,Dairy,North,Metro,273.65,232.6,1,15.0,,27,27,62,1,0,0,6280.2,0.32,0.23,1444.45
2024-05-12,S000,SKU023,Dairy,North,Metro,124.66,124.66,0,0.0,Floor-stack,36,39,173,1,0,0,4487.76,0.255,0.255,1144.38
2024-05-12,S000,SKU035,Dairy,North,Metro,313.96,313.96,0,0.0,Floor-stack,18,19,109,1,0,0,5651.28,0.306,0.306,1729.29
2024-05-13,S000,SKU013,Dairy,North,Metro,259.91,259.91,0,0.0,Shelf-talker,6,6,45,0,0,0,1559.46,0.325,0.325,506.82
2024-05-13,S000,SKU014,Dairy,North,Metro,273.65,273.65,0,0.0,Shelf-talker,15,15,47,0,0,0,4104.75,0.32,0.32,1313.52
2024-05-13,S000,SKU023,Dairy,North,Metro,124.66,124.66,0,0.0,,36,36,137,0,0,0,4487.76,0.255,0.255,1144.38
2024-05-13,S000,SKU035,Dairy,North,Metro,313.96,313.96,0,0.0,Floor-stack,24,24,85,0,0,0,7535.04,0.306,0.306,2305.72
2024-05-14,S000,SKU013,Dairy,North,Metro,259.91,259.91,0,0.0,,5,5,40,0,0,0,1299.55,0.325,0.325,422.35
2024-05-14,S000,SKU014,Dairy,North,Metro,273.65,273.65,0,0.0,,15,15,31,0,0,0,4104.75,0.32,0.32,1313.52
2024-05-14,S000,SKU023,Dairy,North,Metro,124.66,124.66,0,0.0,,31,31,106,0,0,0,3864.46,0.255,0.255,985.44
2024-05-14,S000,SKU035,Dairy,North,Metro,313.96,313.96,0,0.0,,14,14,71,0,0,0,4395.44,0.306,0.306,1345.0
